{
  "avg_mainline_speed": 8.614905313212093,
  "std_mainline_speed": 1.5900699263774805,
  "max_mainline_speed": 14.39598127073936,
  "min_mainline_speed": 5.791187307890957,
  "avg_bottleneck_speed": 12.071072599421397,
  "std_bottleneck_speed": 1.736396749823542,
  "max_bottleneck_speed": 16.974939827201013,
  "min_bottleneck_speed": 8.27050908898652,
  "avg_ramp_queue": 0.2,
  "std_ramp_queue": 0.7702813338860894,
  "max_ramp_queue": 5.0,
  "min_ramp_queue": 0.0,
  "avg_throughput": 366.9445521932009,
  "std_throughput": 30.969734694947892,
  "max_throughput": 431.3047089307742,
  "min_throughput": 281.1157590403491,
  "avg_occupancy": 0.0011324541047899837,
  "std_occupancy": 0.0002092696477913301,
  "max_occupancy": 0.00155821852166954,
  "min_occupancy": 0.00045454545454545455,
  "avg_metering_rate": 2331.386628748465,
  "std_metering_rate": 301.67532741763375,
  "max_metering_rate": 2845.243692759882,
  "min_metering_rate": 1817.4681818181818,
  "avg_travel_time": 144.59333752357009,
  "std_travel_time": 59.314563167549565,
  "max_travel_time": 305.0,
  "min_travel_time": 43.0,
  "total_tts": 234941.0,
  "total_tts_hours": 65.26138888888889,
  "avg_time_per_vehicle": 140.76752546434992,
  "avg_vehicles_in_network": 65.26138888888889,
  "max_vehicles_in_network": 81.0,
  "total_vehicles": 1669,
  "congestion_percentage": 95.0,
  "simulation_time": 3600
}