{
  "no_control": {
    "name": "No Control (\u65e0\u63a7\u5236)",
    "episodes": [
      {
        "avg_mainline_speed": 7.287993996841899,
        "std_mainline_speed": 1.625815254716707,
        "max_mainline_speed": 17.811807996842802,
        "min_mainline_speed": 5.177597892533675,
        "avg_bottleneck_speed": 11.815674799134198,
        "std_bottleneck_speed": 2.4589199063446467,
        "max_bottleneck_speed": 24.233887970855772,
        "min_bottleneck_speed": 6.862784585409425,
        "avg_ramp_queue": 0.05,
        "std_ramp_queue": 0.21794494717703364,
        "max_ramp_queue": 1.0,
        "min_ramp_queue": 0.0,
        "avg_throughput": 345.69654938075655,
        "std_throughput": 31.443672180220872,
        "max_throughput": 400.7163862177107,
        "min_throughput": 209.30660884814566,
        "avg_occupancy": 0.11484976865235165,
        "std_occupancy": 0.025061239219834535,
        "max_occupancy": 0.17424242424242425,
        "min_occupancy": 0.015151515151515152,
        "avg_metering_rate": 3600.0,
        "std_metering_rate": 0.0,
        "max_metering_rate": 3600.0,
        "min_metering_rate": 3600.0,
        "total_vehicles": 1661,
        "congestion_percentage": 91.66666666666666,
        "simulation_time": 3600
      },
      {
        "avg_mainline_speed": 7.287993996841899,
        "std_mainline_speed": 1.625815254716707,
        "max_mainline_speed": 17.811807996842802,
        "min_mainline_speed": 5.177597892533675,
        "avg_bottleneck_speed": 11.815674799134198,
        "std_bottleneck_speed": 2.4589199063446467,
        "max_bottleneck_speed": 24.233887970855772,
        "min_bottleneck_speed": 6.862784585409425,
        "avg_ramp_queue": 0.05,
        "std_ramp_queue": 0.21794494717703364,
        "max_ramp_queue": 1.0,
        "min_ramp_queue": 0.0,
        "avg_throughput": 345.69654938075655,
        "std_throughput": 31.443672180220872,
        "max_throughput": 400.7163862177107,
        "min_throughput": 209.30660884814566,
        "avg_occupancy": 0.11484976865235165,
        "std_occupancy": 0.025061239219834535,
        "max_occupancy": 0.17424242424242425,
        "min_occupancy": 0.015151515151515152,
        "avg_metering_rate": 3600.0,
        "std_metering_rate": 0.0,
        "max_metering_rate": 3600.0,
        "min_metering_rate": 3600.0,
        "total_vehicles": 1661,
        "congestion_percentage": 91.66666666666666,
        "simulation_time": 3600
      },
      {
        "avg_mainline_speed": 7.287993996841899,
        "std_mainline_speed": 1.625815254716707,
        "max_mainline_speed": 17.811807996842802,
        "min_mainline_speed": 5.177597892533675,
        "avg_bottleneck_speed": 11.815674799134198,
        "std_bottleneck_speed": 2.4589199063446467,
        "max_bottleneck_speed": 24.233887970855772,
        "min_bottleneck_speed": 6.862784585409425,
        "avg_ramp_queue": 0.05,
        "std_ramp_queue": 0.21794494717703364,
        "max_ramp_queue": 1.0,
        "min_ramp_queue": 0.0,
        "avg_throughput": 345.69654938075655,
        "std_throughput": 31.443672180220872,
        "max_throughput": 400.7163862177107,
        "min_throughput": 209.30660884814566,
        "avg_occupancy": 0.11484976865235165,
        "std_occupancy": 0.025061239219834535,
        "max_occupancy": 0.17424242424242425,
        "min_occupancy": 0.015151515151515152,
        "avg_metering_rate": 3600.0,
        "std_metering_rate": 0.0,
        "max_metering_rate": 3600.0,
        "min_metering_rate": 3600.0,
        "total_vehicles": 1661,
        "congestion_percentage": 91.66666666666666,
        "simulation_time": 3600
      }
    ],
    "average": {
      "avg_mainline_speed": {
        "mean": 7.287993996841899,
        "std": 0.0
      },
      "std_mainline_speed": {
        "mean": 1.6258152547167068,
        "std": 2.220446049250313e-16
      },
      "max_mainline_speed": {
        "mean": 17.811807996842802,
        "std": 0.0
      },
      "min_mainline_speed": {
        "mean": 5.177597892533675,
        "std": 0.0
      },
      "avg_bottleneck_speed": {
        "mean": 11.815674799134198,
        "std": 0.0
      },
      "std_bottleneck_speed": {
        "mean": 2.4589199063446467,
        "std": 0.0
      },
      "max_bottleneck_speed": {
        "mean": 24.233887970855772,
        "std": 0.0
      },
      "min_bottleneck_speed": {
        "mean": 6.862784585409425,
        "std": 0.0
      },
      "avg_ramp_queue": {
        "mean": 0.05000000000000001,
        "std": 6.938893903907228e-18
      },
      "std_ramp_queue": {
        "mean": 0.21794494717703364,
        "std": 0.0
      },
      "max_ramp_queue": {
        "mean": 1.0,
        "std": 0.0
      },
      "min_ramp_queue": {
        "mean": 0.0,
        "std": 0.0
      },
      "avg_throughput": {
        "mean": 345.69654938075655,
        "std": 0.0
      },
      "std_throughput": {
        "mean": 31.443672180220872,
        "std": 0.0
      },
      "max_throughput": {
        "mean": 400.71638621771064,
        "std": 5.684341886080802e-14
      },
      "min_throughput": {
        "mean": 209.30660884814566,
        "std": 0.0
      },
      "avg_occupancy": {
        "mean": 0.11484976865235165,
        "std": 0.0
      },
      "std_occupancy": {
        "mean": 0.025061239219834535,
        "std": 0.0
      },
      "max_occupancy": {
        "mean": 0.17424242424242423,
        "std": 2.7755575615628914e-17
      },
      "min_occupancy": {
        "mean": 0.015151515151515152,
        "std": 0.0
      },
      "avg_metering_rate": {
        "mean": 3600.0,
        "std": 0.0
      },
      "std_metering_rate": {
        "mean": 0.0,
        "std": 0.0
      },
      "max_metering_rate": {
        "mean": 3600.0,
        "std": 0.0
      },
      "min_metering_rate": {
        "mean": 3600.0,
        "std": 0.0
      },
      "total_vehicles": {
        "mean": 1661.0,
        "std": 0.0
      },
      "congestion_percentage": {
        "mean": 91.66666666666667,
        "std": 1.4210854715202004e-14
      },
      "simulation_time": {
        "mean": 3600.0,
        "std": 0.0
      }
    }
  },
  "fixed": {
    "name": "Fixed 50% (\u56fa\u5b9a\u63a7\u5236)",
    "episodes": [
      {
        "avg_mainline_speed": 10.347768229843183,
        "std_mainline_speed": 1.8430159697050166,
        "max_mainline_speed": 17.811807996842802,
        "min_mainline_speed": 6.558011244424431,
        "avg_bottleneck_speed": 12.219525231455275,
        "std_bottleneck_speed": 2.5770187862000853,
        "max_bottleneck_speed": 24.233887970855772,
        "min_bottleneck_speed": 6.907607140343822,
        "avg_ramp_queue": 0.3,
        "std_ramp_queue": 0.4932882862316247,
        "max_ramp_queue": 2.0,
        "min_ramp_queue": 0.0,
        "avg_throughput": 376.2204247387959,
        "std_throughput": 34.88851535506424,
        "max_throughput": 448.78644996420394,
        "min_throughput": 209.30660884814566,
        "avg_occupancy": 0.11139368585530447,
        "std_occupancy": 0.027371254731381883,
        "max_occupancy": 0.18181818181818182,
        "min_occupancy": 0.015151515151515152,
        "avg_metering_rate": 1800.0,
        "std_metering_rate": 0.0,
        "max_metering_rate": 1800.0,
        "min_metering_rate": 1800.0,
        "total_vehicles": 1635,
        "congestion_percentage": 87.5,
        "simulation_time": 3600
      },
      {
        "avg_mainline_speed": 10.347768229843183,
        "std_mainline_speed": 1.8430159697050166,
        "max_mainline_speed": 17.811807996842802,
        "min_mainline_speed": 6.558011244424431,
        "avg_bottleneck_speed": 12.219525231455275,
        "std_bottleneck_speed": 2.5770187862000853,
        "max_bottleneck_speed": 24.233887970855772,
        "min_bottleneck_speed": 6.907607140343822,
        "avg_ramp_queue": 0.3,
        "std_ramp_queue": 0.4932882862316247,
        "max_ramp_queue": 2.0,
        "min_ramp_queue": 0.0,