{
  "policy_type": "no_control",
  "n_episodes": 10,
  "summaries": [
    {
      "avg_reward": -1.0003697138640995,
      "std_reward": 0.29956929063020715,
      "max_reward": -0.06922757128498297,
      "min_reward": -2.0259722980169332,
      "avg_mainline_speed": 8.343042772167756,
      "std_mainline_speed": 2.169430742620135,
      "max_mainline_speed": 24.4928815379986,
      "min_mainline_speed": 5.339365675923903,
      "avg_merge_speed": 8.47544313286433,
      "std_merge_speed": 3.0926573497249406,
      "max_merge_speed": 30.56,
      "min_merge_speed": 3.9982973713215717,
      "avg_bottleneck_speed": 11.873989584220245,
      "std_bottleneck_speed": 2.657772110402212,
      "max_bottleneck_speed": 30.56,
      "min_bottleneck_speed": 7.777306224625267,
      "avg_ramp_queue": 0.1986111111111111,
      "std_ramp_queue": 0.42589547999074046,
      "max_ramp_queue": 2.0,
      "min_ramp_queue": 0.0,
      "avg_throughput": 362.60664790247665,
      "std_throughput": 41.264708795197585,
      "max_throughput": 443.3562224086228,
      "min_throughput": 37.07593384198739,
      "avg_occupancy": 0.15163743466474816,
      "std_occupancy": 0.027607358065959306,
      "max_occupancy": 0.1962435566172511,
      "min_occupancy": 0.010437687008558903,
      "avg_metering_rate": 1200.0,
      "std_metering_rate": 0.0,
      "max_metering_rate": 1200.0,
      "min_metering_rate": 1200.0,
      "avg_bottleneck_flow": 15.32638888888889,
      "std_bottleneck_flow": 3.256254368969368,
      "max_bottleneck_flow": 22.0,
      "min_bottleneck_flow": 0.0,
      "avg_total_delay": 34.481944444444444,
      "std_total_delay": 17.862428184980345,
      "max_total_delay": 131.0,
      "min_total_delay": 0.0,
      "total_reward": -720.2661939821517,
      "episode_steps": 720,
      "episode_number": 1,
      "total_tts": 24827.0
    },
    {
      "avg_reward": -1.0789557188322938,
      "std_reward": 0.43056563028948985,
      "max_reward": -0.05643563586293033,
      "min_reward": -2.4492184661011436,
      "avg_mainline_speed": 8.17644046545015,
      "std_mainline_speed": 2.262204837681724,
      "max_mainline_speed": 24.147000120809896,
      "min_mainline_speed": 5.313308671887011,
      "avg_merge_speed": 8.050048622741176,
      "std_merge_speed": 3.154746686335402,
      "max_merge_speed": 30.56,
      "min_merge_speed": 3.1723092083634024,
      "avg_bottleneck_speed": 11.94268575551673,
      "std_bottleneck_speed": 2.9702019551696752,
      "max_bottleneck_speed": 30.56,
      "min_bottleneck_speed": 6.96288625847104,
      "avg_ramp_queue": 0.2361111111111111,
      "std_ramp_queue": 0.462272633468953,
      "max_ramp_queue": 2.0,
      "min_ramp_queue": 0.0,
      "avg_throughput": 360.6877990291259,
      "std_throughput": 42.72316113341366,
      "max_throughput": 443.3992695055128,
      "min_throughput": 18.633062453227865,
      "avg_occupancy": 0.1557578596662482,
      "std_occupancy": 0.028798569784087822,
      "max_occupancy": 0.20863338725222694,
      "min_occupancy": 0.0069584580057059356,
      "avg_metering_rate": 1200.0,
      "std_metering_rate": 0.0,
      "max_metering_rate": 1200.0,
      "min_metering_rate": 1200.0,
      "avg_bottleneck_flow": 15.218055555555555,
      "std_bottleneck_flow": 3.6145472433890466,
      "max_bottleneck_flow": 24.0,
      "min_bottleneck_flow": 0.0,
      "avg_total_delay": 39.8,
      "std_total_delay": 31.003431709695906,
      "max_total_delay": 160.0,
      "min_total_delay": 0.0,
      "total_reward": -776.8481175592515,
      "episode_steps": 720,
      "episode_number": 2,
      "total_tts": 28656.0
    },
    {
      "avg_reward": -1.040276739998688,
      "std_reward": 0.2803985898539931,
      "max_reward": -0.07065125636576913,
      "min_reward": -1.973995301619478,
      "avg_mainline_speed": 7.872825711727171,
      "std_mainline_speed": 2.066605504248433,
      "max_mainline_speed": 24.254408691071202,
      "min_mainline_speed": 5.716186431771269,
      "avg_merge_speed": 7.690055557438485,
      "std_merge_speed": 3.004716321867851,
      "max_merge_speed": 30.56,
      "min_merge_speed": 3.758708070838257,
      "avg_bottleneck_speed": 11.723215376078624,
      "std_bottleneck_speed": 2.692266042053065,
      "max_bottleneck_speed": 30.56,
      "min_bottleneck_speed": 7.95422324229857,
      "avg_ramp_queue": 0.2111111111111111,
      "std_ramp_queue": 0.4312628598905633,
      "max_ramp_queue": 2.0,
      "min_ramp_queue": 0.0,
      "avg_throughput": 357.11264975157087,
      "std_throughput": 38.778494523762625,
      "max_throughput": 442.26891930210746,
      "min_throughput": 46.57290429285442,
      "avg_occupancy": 0.15987485840833024,
      "std_occupancy": 0.024365654496402153,
      "max_occupancy": 0.18923746470600045,
      "min_occupancy": 0.013916916011411871,
      "avg_metering_rate": 1200.0,
      "std_metering_rate": 0.0,
      "max_metering_rate": 1200.0,
      "min_metering_rate": 1200.0,
      "avg_bottleneck_flow": 15.379166666666666,
      "std_bottleneck_flow": 3.3207026323087443,
      "max_bottleneck_flow": 22.0,
      "min_bottleneck_flow": 0.0,
      "avg_total_delay": 33.72222222222222,
      "std_total_delay": 17.553902875794872,
      "max_total_delay": 113.0,
      "min_total_delay": 0.0,
      "total_reward": -748.9992527990554,
      "episode_steps": 720,
      "episode_number": 3,
      "total_tts": 24280.0
    },
    {
      "avg_reward": -1.1039626478826934,
      "std_reward": 0.3112552101765641,
      "max_reward": -0.07283445795977485,
      "min_reward": -1.9823742097355272,
      "avg_mainline_speed": 7.838697546091639,
      "std_mainline_speed": 2.118332441801845,
      "max_mainline_speed": 24.08451482505879,
      "min_mainline_speed": 5.192735691739514,
      "avg_merge_speed": 7.615306000660068,
      "std_merge_speed": 2.9439185729960076,
      "max_merge_speed": 30.56,
      "min_merge_speed": 3.6833958594611014,
      "avg_bottleneck_speed": 11.66513669957027,
      "std_bottleneck_speed": 2.6786220689241054,
      "max_bottleneck_speed": 30.56,
      "min_bottleneck_speed": 7.4471054866813455,
      "avg_ramp_queue": 0.19027777777777777,
      "std_ramp_queue": 0.42643865073361514,
      "max_ramp_queue": 2.0,
      "min_ramp_queue": 0.0,
      "avg_throughput": 358.9841182477936,
      "std_throughput": 37.93047107812075,
      "max_throughput": 458.20157472385705,
      "min_throughput": 55.66772237588185,
      "avg_occupancy": 0.16062096163314135,
      "std_occupancy": 0.02536818414538472,
      "max_occupancy": 0.2025780664555945,
      "min_occupancy": 0.017396145014264838,
      "avg_metering_rate": 1200.0,
      "std_metering_rate": 0.0,
      "max_metering_rate": 1200.0,
      "min_metering_rate": 1200.0,
      "avg_bottleneck_flow": 15.569444444444445,
      "std_bottleneck_flow": 3.2775600210153324,
      "max_bottleneck_flow": 23.0,
      "min_bottleneck_flow": 0.0,
      "avg_total_delay": 39.72638888888889,
      "std_total_delay": 20.401494315201763,
      "max_total_delay": 120.0,
      "min_total_delay": 0.0,
      "total_reward": -794.8531064755392,
      "episode_steps": 720,
      "episode_number": 4,
      "total_tts": 28603.0
    },
    {
      "avg_reward": -1.273733857083863,
      "std_reward": 0.6833413866007833,
      "max_reward": -0.05931803786334355,
      "min_reward": -5.34390028320381,
      "avg_mainline_speed": 7.519463791772278,
      "std_mainline_speed": 2.015827645930437,
      "max_mainline_speed": 22.910438888009953,
      "min_mainline_speed": 3.9912804782277895,
      "avg_merge_speed": 7.417693337428537,
      "std_merge_speed": 3.0521724650063393,
      "max_merge_speed": 30.56,
      "min_merge_speed": 2.9709725695134557,
      "avg_bottleneck_speed": 11.337114752650027,
      "std_bottleneck_speed": 2.990695199931367,
      "max_bottleneck_speed": 30.56,
      "min_bottleneck_speed": 5.3721185073505024,
      "avg_ramp_queue": 0.18055555555555555,