{
  "policy_type": "fixed",
  "n_episodes": 10,
  "summaries": [
    {
      "avg_reward": -1.4191622797555,
      "std_reward": 0.47335507167144614,
      "max_reward": -0.02445309075559967,
      "min_reward": -2.665561276663447,
      "avg_mainline_speed": 11.162551938836627,
      "std_mainline_speed": 2.122100000661183,
      "max_mainline_speed": 24.4928815379986,
      "min_mainline_speed": 7.47027451765872,
      "avg_merge_speed": 12.163877213871094,
      "std_merge_speed": 3.4823200803869807,
      "max_merge_speed": 30.56,
      "min_merge_speed": 6.064282715198707,
      "avg_bottleneck_speed": 12.716195386045138,
      "std_bottleneck_speed": 3.1612469049395635,
      "max_bottleneck_speed": 30.56,
      "min_bottleneck_speed": 7.097668854685502,
      "avg_ramp_queue": 1.0402777777777779,
      "std_ramp_queue": 1.0012713754442153,
      "max_ramp_queue": 6.0,
      "min_ramp_queue": 0.0,
      "avg_throughput": 360.12656909413084,
      "std_throughput": 45.300153062845446,
      "max_throughput": 448.28760069829747,
      "min_throughput": 37.07593384198739,
      "avg_occupancy": 0.10267883171269092,
      "std_occupancy": 0.017357400997601653,
      "max_occupancy": 0.14176934155331564,
      "min_occupancy": 0.010437687008558903,
      "avg_metering_rate": 600.0,
      "std_metering_rate": 0.0,
      "max_metering_rate": 600.0,
      "min_metering_rate": 600.0,
      "avg_bottleneck_flow": 13.752777777777778,
      "std_bottleneck_flow": 4.064069260066478,
      "max_bottleneck_flow": 22.0,
      "min_bottleneck_flow": 0.0,
      "avg_total_delay": 81.68472222222222,
      "std_total_delay": 31.76654057216239,
      "max_total_delay": 173.0,
      "min_total_delay": 0.0,
      "total_reward": -1021.7968414239599,
      "episode_steps": 720,
      "episode_number": 1,
      "total_tts": 58813.0
    },
    {
      "avg_reward": -1.5133789326926381,
      "std_reward": 0.5146644028736753,
      "max_reward": -0.021366937546772137,
      "min_reward": -3.1372979963326784,
      "avg_mainline_speed": 11.21931856821063,
      "std_mainline_speed": 2.339811702545835,
      "max_mainline_speed": 24.147000120809896,
      "min_mainline_speed": 7.133506784364491,
      "avg_merge_speed": 12.188516270546284,
      "std_merge_speed": 3.7611324180934353,
      "max_merge_speed": 30.56,
      "min_merge_speed": 5.430354145583284,
      "avg_bottleneck_speed": 12.74371874101887,
      "std_bottleneck_speed": 3.3703596626774788,
      "max_bottleneck_speed": 30.56,
      "min_bottleneck_speed": 7.622256676487213,
      "avg_ramp_queue": 1.0694444444444444,
      "std_ramp_queue": 0.9920011885197978,
      "max_ramp_queue": 6.0,
      "min_ramp_queue": 0.0,
      "avg_throughput": 358.4812697461829,
      "std_throughput": 43.605654991684126,
      "max_throughput": 435.32687048315853,
      "min_throughput": 18.633062453227865,
      "avg_occupancy": 0.10234464561809954,
      "std_occupancy": 0.01866975178418618,
      "max_occupancy": 0.14722073567449448,
      "min_occupancy": 0.0069584580057059356,
      "avg_metering_rate": 600.0,
      "std_metering_rate": 0.0,
      "max_metering_rate": 600.0,
      "min_metering_rate": 600.0,
      "avg_bottleneck_flow": 13.672222222222222,
      "std_bottleneck_flow": 4.107690017996808,
      "max_bottleneck_flow": 22.0,
      "min_bottleneck_flow": 0.0,
      "avg_total_delay": 88.68055555555556,
      "std_total_delay": 34.137844098468754,
      "max_total_delay": 197.0,
      "min_total_delay": 0.0,
      "total_reward": -1089.6328315386995,
      "episode_steps": 720,
      "episode_number": 2,
      "total_tts": 63850.0
    },
    {
      "avg_reward": -1.6569992572551446,
      "std_reward": 0.5190745410864878,
      "max_reward": -0.0351934500329551,
      "min_reward": -3.2670070843986645,
      "avg_mainline_speed": 10.472206908954096,
      "std_mainline_speed": 2.0240631278734393,
      "max_mainline_speed": 24.254408691071202,
      "min_mainline_speed": 6.535608396486425,
      "avg_merge_speed": 11.18636052228444,
      "std_merge_speed": 3.302938651799206,
      "max_merge_speed": 30.56,
      "min_merge_speed": 5.116207307325226,
      "avg_bottleneck_speed": 11.833715039113711,
      "std_bottleneck_speed": 2.90606158047507,
      "max_bottleneck_speed": 30.56,
      "min_bottleneck_speed": 6.623157573628602,
      "avg_ramp_queue": 1.1277777777777778,
      "std_ramp_queue": 1.0686468887520828,
      "max_ramp_queue": 6.0,
      "min_ramp_queue": 0.0,
      "avg_throughput": 361.94441034882766,
      "std_throughput": 44.15594235692562,
      "max_throughput": 443.95939871294524,
      "min_throughput": 46.57290429285442,
      "avg_occupancy": 0.10934516647292637,
      "std_occupancy": 0.017241889254791528,
      "max_occupancy": 0.14764420958793276,
      "min_occupancy": 0.013916916011411871,
      "avg_metering_rate": 600.0,
      "std_metering_rate": 0.0,
      "max_metering_rate": 600.0,
      "min_metering_rate": 600.0,
      "avg_bottleneck_flow": 14.677777777777777,
      "std_bottleneck_flow": 4.061206109240012,
      "max_bottleneck_flow": 23.0,
      "min_bottleneck_flow": 0.0,
      "avg_total_delay": 96.22222222222223,
      "std_total_delay": 36.226878535074775,
      "max_total_delay": 217.0,
      "min_total_delay": 0.0,
      "total_reward": -1193.0394652237042,
      "episode_steps": 720,
      "episode_number": 3,
      "total_tts": 69280.0
    },
    {
      "avg_reward": -1.6060728104659476,
      "std_reward": 0.5308958044065114,
      "max_reward": -0.04535373381007929,
      "min_reward": -3.103511017875824,
      "avg_mainline_speed": 10.857953795924825,
      "std_mainline_speed": 2.0766650887740634,
      "max_mainline_speed": 24.08451482505879,
      "min_mainline_speed": 6.0133814263285075,
      "avg_merge_speed": 11.769374047239163,
      "std_merge_speed": 3.368168650345159,
      "max_merge_speed": 30.56,
      "min_merge_speed": 4.637250685662136,
      "avg_bottleneck_speed": 12.321612159273643,
      "std_bottleneck_speed": 3.043032549406626,
      "max_bottleneck_speed": 30.56,
      "min_bottleneck_speed": 5.905972861134735,
      "avg_ramp_queue": 1.148611111111111,
      "std_ramp_queue": 1.0281446417313993,
      "max_ramp_queue": 7.0,
      "min_ramp_queue": 0.0,
      "avg_throughput": 358.111243285379,
      "std_throughput": 41.500777731217866,
      "max_throughput": 450.1152839335208,
      "min_throughput": 55.66772237588185,
      "avg_occupancy": 0.1047714738208057,
      "std_occupancy": 0.017341399672303345,
      "max_occupancy": 0.16161770138306755,
      "min_occupancy": 0.017396145014264838,
      "avg_metering_rate": 600.0,
      "std_metering_rate": 0.0,
      "max_metering_rate": 600.0,
      "min_metering_rate": 600.0,
      "avg_bottleneck_flow": 14.080555555555556,
      "std_bottleneck_flow": 4.134765843460414,
      "max_bottleneck_flow": 25.0,
      "min_bottleneck_flow": 0.0,
      "avg_total_delay": 94.50555555555556,
      "std_total_delay": 36.26545604937481,
      "max_total_delay": 200.0,
      "min_total_delay": 0.0,
      "total_reward": -1156.3724235354823,
      "episode_steps": 720,
      "episode_number": 4,
      "total_tts": 68044.0
    },
    {
      "avg_reward": -1.613180778671634,
      "std_reward": 0.4779294962315497,
      "max_reward": -0.05057327446340304,
      "min_reward": -3.1546114693369507,
      "avg_mainline_speed": 10.566333154516997,
      "std_mainline_speed": 2.026136636089885,
      "max_mainline_speed": 22.910438888009953,
      "min_mainline_speed": 7.100221967333039,
      "avg_merge_speed": 11.35773523952118,
      "std_merge_speed": 3.1962576309891384,
      "max_merge_speed": 30.56,
      "min_merge_speed": 6.1039618297659874,
      "avg_bottleneck_speed": 12.024017059083844,
      "std_bottleneck_speed": 3.2139704404786,
      "max_bottleneck_speed": 30.56,
      "min_bottleneck_speed": 6.411869436801625,
      "avg_ramp_queue": 1.1375,