{
  "policy_type": "ppo",
  "n_episodes": 10,
  "summaries": [
    {
      "avg_reward": -1.171509312902483,
      "std_reward": 0.5812189965811614,
      "max_reward": -0.02445309075559967,
      "min_reward": -3.92278741664811,
      "avg_mainline_speed": 7.653965921822613,
      "std_mainline_speed": 2.2350657586080103,
      "max_mainline_speed": 24.4928815379986,
      "min_mainline_speed": 4.743828829861673,
      "avg_merge_speed": 7.253166463740674,
      "std_merge_speed": 3.0868730553479153,
      "max_merge_speed": 30.56,
      "min_merge_speed": 2.9687790309055053,
      "avg_bottleneck_speed": 11.384957063738506,
      "std_bottleneck_speed": 2.9202970876318246,
      "max_bottleneck_speed": 30.56,
      "min_bottleneck_speed": 6.011032545263437,
      "avg_ramp_queue": 0.19166666666666668,
      "std_ramp_queue": 0.40748210594658835,
      "max_ramp_queue": 2.0,
      "min_ramp_queue": 0.0,
      "avg_throughput": 350.93385322650295,
      "std_throughput": 41.942729770281396,
      "max_throughput": 434.7494133582894,
      "min_throughput": 37.07593384198739,
      "avg_occupancy": 0.16169056490804973,
      "std_occupancy": 0.02984765542586374,
      "max_occupancy": 0.2156842802165492,
      "min_occupancy": 0.010437687008558903,
      "avg_metering_rate": 412.08542526065787,
      "std_metering_rate": 10.498328310359907,
      "max_metering_rate": 511.5205407142639,
      "min_metering_rate": 400.0,
      "avg_bottleneck_flow": 15.809722222222222,
      "std_bottleneck_flow": 3.8396563692537145,
      "max_bottleneck_flow": 26.0,
      "min_bottleneck_flow": 0.0,
      "avg_total_delay": 45.6625,
      "std_total_delay": 47.5553038796235,
      "max_total_delay": 304.0,
      "min_total_delay": 0.0,
      "total_reward": -843.4867052897878,
      "episode_steps": 720,
      "episode_number": 1,
      "total_tts": 32877.0
    },
    {
      "avg_reward": -1.0420535319842326,
      "std_reward": 0.4494825236381729,
      "max_reward": -0.021366937546772137,
      "min_reward": -2.966414697975174,
      "avg_mainline_speed": 8.164850374486605,
      "std_mainline_speed": 2.3028661368229657,
      "max_mainline_speed": 24.147000120809896,
      "min_mainline_speed": 4.775968532654404,
      "avg_merge_speed": 8.251040971018792,
      "std_merge_speed": 3.2214595631127843,
      "max_merge_speed": 30.56,
      "min_merge_speed": 3.184842853773725,
      "avg_bottleneck_speed": 11.782697052932301,
      "std_bottleneck_speed": 2.932468634268573,
      "max_bottleneck_speed": 30.56,
      "min_bottleneck_speed": 6.58716185060097,
      "avg_ramp_queue": 0.20694444444444443,
      "std_ramp_queue": 0.418604291030486,
      "max_ramp_queue": 2.0,
      "min_ramp_queue": 0.0,
      "avg_throughput": 357.9676049403387,
      "std_throughput": 43.052727531891584,
      "max_throughput": 458.6728578219663,
      "min_throughput": 18.633062453227865,
      "avg_occupancy": 0.15562929374239237,
      "std_occupancy": 0.028695753730265318,
      "max_occupancy": 0.20872264625554182,
      "min_occupancy": 0.0069584580057059356,
      "avg_metering_rate": 414.1323590037387,
      "std_metering_rate": 10.439154133580857,
      "max_metering_rate": 511.5205407142639,
      "min_metering_rate": 400.0,
      "avg_bottleneck_flow": 15.429166666666667,
      "std_bottleneck_flow": 3.6652246217357236,
      "max_bottleneck_flow": 24.0,
      "min_bottleneck_flow": 0.0,
      "avg_total_delay": 37.013888888888886,
      "std_total_delay": 32.21895277953454,
      "max_total_delay": 208.0,
      "min_total_delay": 0.0,
      "total_reward": -750.2785430286474,
      "episode_steps": 720,
      "episode_number": 2,
      "total_tts": 26650.0
    },
    {
      "avg_reward": -0.9921866565776204,
      "std_reward": 0.3247374448846661,
      "max_reward": -0.0351934500329551,
      "min_reward": -2.732002600122848,
      "avg_mainline_speed": 7.902754148577393,
      "std_mainline_speed": 2.1157007703110358,
      "max_mainline_speed": 24.254408691071202,
      "min_mainline_speed": 5.540423070109305,
      "avg_merge_speed": 7.801132402727939,
      "std_merge_speed": 3.1397018889291295,
      "max_merge_speed": 30.56,
      "min_merge_speed": 3.4953041919147285,
      "avg_bottleneck_speed": 11.76755807010432,
      "std_bottleneck_speed": 2.6698267477151947,
      "max_bottleneck_speed": 30.56,
      "min_bottleneck_speed": 7.568097991193574,
      "avg_ramp_queue": 0.19444444444444445,
      "std_ramp_queue": 0.3992663024184655,
      "max_ramp_queue": 2.0,
      "min_ramp_queue": 0.0,
      "avg_throughput": 356.96434300481644,
      "std_throughput": 37.70846045546125,
      "max_throughput": 429.7073943050639,
      "min_throughput": 46.57290429285442,
      "avg_occupancy": 0.16025983855291026,
      "std_occupancy": 0.024937144983961716,
      "max_occupancy": 0.19430537586786478,
      "min_occupancy": 0.013916916011411871,
      "avg_metering_rate": 412.79099284024494,
      "std_metering_rate": 9.424831685532709,
      "max_metering_rate": 511.5205407142639,
      "min_metering_rate": 401.85574796050787,
      "avg_bottleneck_flow": 15.355555555555556,
      "std_bottleneck_flow": 3.379056775397245,
      "max_bottleneck_flow": 24.0,
      "min_bottleneck_flow": 0.0,
      "avg_total_delay": 29.595833333333335,
      "std_total_delay": 23.4763293168767,
      "max_total_delay": 190.0,
      "min_total_delay": 0.0,
      "total_reward": -714.3743927358867,
      "episode_steps": 720,
      "episode_number": 3,
      "total_tts": 21309.0
    },
    {
      "avg_reward": -1.051436629953754,
      "std_reward": 0.29875811977170913,
      "max_reward": -0.04535373381007929,
      "min_reward": -2.1971041905863014,
      "avg_mainline_speed": 7.645470394009529,
      "std_mainline_speed": 2.0319987416348337,
      "max_mainline_speed": 24.08451482505879,
      "min_mainline_speed": 5.1561237703292475,
      "avg_merge_speed": 7.218608078738514,
      "std_merge_speed": 2.7580060904908787,
      "max_merge_speed": 30.56,
      "min_merge_speed": 2.8404016311228366,
      "avg_bottleneck_speed": 11.500136370981307,
      "std_bottleneck_speed": 2.650696364924428,
      "max_bottleneck_speed": 30.56,
      "min_bottleneck_speed": 6.869869787381181,
      "avg_ramp_queue": 0.19305555555555556,
      "std_ramp_queue": 0.4051153432764855,
      "max_ramp_queue": 2.0,
      "min_ramp_queue": 0.0,
      "avg_throughput": 356.80926514312154,
      "std_throughput": 37.482876511835514,
      "max_throughput": 448.31857416204593,
      "min_throughput": 55.66772237588185,
      "avg_occupancy": 0.16317440379530748,
      "std_occupancy": 0.025932386924149616,
      "max_occupancy": 0.2057594688279117,
      "min_occupancy": 0.017396145014264838,
      "avg_metering_rate": 411.5903396595321,
      "std_metering_rate": 9.276746223244999,
      "max_metering_rate": 511.5205407142639,
      "min_metering_rate": 400.0,
      "avg_bottleneck_flow": 15.7375,
      "std_bottleneck_flow": 3.4073832212809094,
      "max_bottleneck_flow": 25.0,
      "min_bottleneck_flow": 0.0,
      "avg_total_delay": 33.59166666666667,
      "std_total_delay": 18.73766075462878,
      "max_total_delay": 131.0,
      "min_total_delay": 0.0,
      "total_reward": -757.0343735667029,
      "episode_steps": 720,
      "episode_number": 4,
      "total_tts": 24186.0
    },
    {
      "avg_reward": -1.050542048266905,
      "std_reward": 0.31565321182781225,
      "max_reward": -0.05057327446340304,
      "min_reward": -2.0789931864607207,
      "avg_mainline_speed": 7.667369712185602,
      "std_mainline_speed": 1.9294746518193535,
      "max_mainline_speed": 22.910438888009953,
      "min_mainline_speed": 5.138342807598562,
      "avg_merge_speed": 7.603541495153983,
      "std_merge_speed": 2.797519040660764,
      "max_merge_speed": 30.56,
      "min_merge_speed": 3.3551841568764016,
      "avg_bottleneck_speed": 11.355329778335662,
      "std_bottleneck_speed": 2.8732798764418783,