{
  "avg_mainline_speed": 10.048359543130745,
  "std_mainline_speed": 1.3003245337301619,
  "max_mainline_speed": 14.39598127073936,
  "min_mainline_speed": 7.815557340330467,
  "avg_bottleneck_speed": 11.98163417821851,
  "std_bottleneck_speed": 1.7718558600313477,
  "max_bottleneck_speed": 16.974939827201013,
  "min_bottleneck_speed": 7.893650025310645,
  "avg_ramp_queue": 0.6,
  "std_ramp_queue": 1.0360180178613367,
  "max_ramp_queue": 5.0,
  "min_ramp_queue": 0.0,
  "avg_throughput": 372.5807478662907,
  "std_throughput": 33.17319137373404,
  "max_throughput": 431.2679179185758,
  "min_throughput": 281.1157590403491,
  "avg_occupancy": 0.11134248662580849,
  "std_occupancy": 0.02306122954188372,
  "max_occupancy": 0.15267367783378819,
  "min_occupancy": 0.045454545454545456,
  "avg_metering_rate": 1800.0,
  "std_metering_rate": 0.0,
  "max_metering_rate": 1800.0,
  "min_metering_rate": 1800.0,
  "avg_travel_time": 129.16875784190717,
  "std_travel_time": 78.36783743909956,
  "max_travel_time": 335.0,
  "min_travel_time": 43.0,
  "total_tts": 209527.0,
  "total_tts_hours": 58.20194444444444,
  "avg_time_per_vehicle": 126.52596618357488,
  "avg_vehicles_in_network": 58.20194444444444,
  "max_vehicles_in_network": 73.0,
  "total_vehicles": 1656,
  "congestion_percentage": 95.0,
  "simulation_time": 3600
}