{
  "avg_mainline_speed": 10.287648550164562,
  "std_mainline_speed": 3.824877050744285,
  "max_mainline_speed": 28.07915,
  "min_mainline_speed": 6.7285437488539666,
  "avg_bottleneck_speed": 14.558562419591352,
  "std_bottleneck_speed": 4.3706937713156115,
  "max_bottleneck_speed": 30.56,
  "min_bottleneck_speed": 10.136980974579785,
  "avg_ramp_queue": 0.01949317738791423,
  "std_ramp_queue": 0.13825047350095238,
  "max_ramp_queue": 1.0,
  "min_ramp_queue": 0.0,
  "avg_throughput": 343.8493778024479,
  "std_throughput": 65.9816315984154,
  "max_throughput": 426.03943210443686,
  "min_throughput": 23.117449999999998,
  "avg_occupancy": 0.0926063909123066,
  "std_occupancy": 0.033126857925210744,
  "max_occupancy": 0.144639676374717,
  "min_occupancy": 0.0,
  "avg_travel_time": 116.2135922330097,
  "std_travel_time": 34.24941371064688,
  "max_travel_time": 192.0,
  "min_travel_time": 43.0,
  "total_vehicles": 269,
  "congestion_percentage": 76.80311890838206,
  "simulation_time": 3600
}