{
  "no_control": {
    "avg_bottleneck_speed": {
      "mean": 11.671499460609187,
      "std": 0.3163976196784095
    },
    "avg_mainline_speed": {
      "mean": 7.97475956281357,
      "std": 0.2735262745655843
    },
    "avg_ramp_queue": {
      "mean": 0.2104166666666667,
      "std": 0.017148700595052836
    },
    "avg_throughput": {
      "mean": 358.8864687618981,
      "std": 4.479176743224294
    },
    "total_reward": {
      "mean": -774.2470713200867,
      "std": 57.14591108175026
    },
    "total_tts": {
      "mean": 27606.6,
      "std": 4067.443132976784
    }
  },
  "fixed": {
    "avg_bottleneck_speed": {
      "mean": 12.319121214051524,
      "std": 0.35693613837382543
    },
    "avg_mainline_speed": {
      "mean": 10.872455600542109,
      "std": 0.3316083611703351
    },
    "avg_ramp_queue": {
      "mean": 1.1419444444444447,
      "std": 0.07277512717819509
    },
    "avg_throughput": {
      "mean": 359.6961530824761,
      "std": 1.5795321677237693
    },
    "total_reward": {
      "mean": -1152.5838122188588,
      "std": 73.90690630119849
    },
    "total_tts": {
      "mean": 67480.8,
      "std": 5149.462045689821
    }
  },
  "ppo": {
    "avg_bottleneck_speed": {
      "mean": 11.535903265725437,
      "std": 0.2830403712096387
    },
    "avg_mainline_speed": {
      "mean": 7.788656204766295,
      "std": 0.2078737788544412
    },
    "avg_ramp_queue": {
      "mean": 0.19875000000000004,
      "std": 0.008435713688366783
    },
    "avg_throughput": {
      "mean": 356.2727423091636,
      "std": 3.1021194469431554
    },
    "total_reward": {
      "mean": -760.7549626331154,
      "std": 39.5207660404858
    },
    "total_tts": {
      "mean": 25405.9,
      "std": 3143.035648859236
    }
  }
}