{
  "total_reward": 157.55977890518636,
  "avg_reward": 0.43766605251440655,
  "avg_mainline_speed": 9.820807518087697,
  "avg_throughput": 2352.7977848512155,
  "avg_ramp1_queue": 5.972222222222222,
  "avg_ramp1_rate": 1200.0,
  "avg_ramp2_queue": 4.522222222222222,
  "avg_ramp2_rate": 1200.0,
  "avg_ramp3_queue": 0.8888888888888888,
  "avg_ramp3_rate": 1200.0,
  "total_delay": 1048098.0,
  "episode_steps": 360,
  "episode_number": 1
}