{
  "avg_reward": -1.5133789326926381,
  "std_reward": 0.5146644028736753,
  "max_reward": -0.021366937546772137,
  "min_reward": -3.1372979963326784,
  "avg_mainline_speed": 11.21931856821063,
  "std_mainline_speed": 2.339811702545835,
  "max_mainline_speed": 24.147000120809896,
  "min_mainline_speed": 7.133506784364491,
  "avg_merge_speed": 12.188516270546284,
  "std_merge_speed": 3.7611324180934353,
  "max_merge_speed": 30.56,
  "min_merge_speed": 5.430354145583284,
  "avg_bottleneck_speed": 12.74371874101887,
  "std_bottleneck_speed": 3.3703596626774788,
  "max_bottleneck_speed": 30.56,
  "min_bottleneck_speed": 7.622256676487213,
  "avg_ramp_queue": 1.0694444444444444,
  "std_ramp_queue": 0.9920011885197978,
  "max_ramp_queue": 6.0,
  "min_ramp_queue": 0.0,
  "avg_throughput": 358.4812697461829,
  "std_throughput": 43.605654991684126,
  "max_throughput": 435.32687048315853,
  "min_throughput": 18.633062453227865,
  "avg_occupancy": 0.10234464561809954,
  "std_occupancy": 0.01866975178418618,
  "max_occupancy": 0.14722073567449448,
  "min_occupancy": 0.0069584580057059356,
  "avg_metering_rate": 600.0,
  "std_metering_rate": 0.0,
  "max_metering_rate": 600.0,
  "min_metering_rate": 600.0,
  "avg_bottleneck_flow": 13.672222222222222,
  "std_bottleneck_flow": 4.107690017996808,
  "max_bottleneck_flow": 22.0,
  "min_bottleneck_flow": 0.0,
  "avg_total_delay": 88.68055555555556,
  "std_total_delay": 34.137844098468754,
  "max_total_delay": 197.0,
  "min_total_delay": 0.0,
  "total_reward": -1089.6328315386995,
  "episode_steps": 720,
  "episode_number": 2,
  "total_tts": 63850.0
}