{
  "avg_reward": -1.6569992572551446,
  "std_reward": 0.5190745410864878,
  "max_reward": -0.0351934500329551,
  "min_reward": -3.2670070843986645,
  "avg_mainline_speed": 10.472206908954096,
  "std_mainline_speed": 2.0240631278734393,
  "max_mainline_speed": 24.254408691071202,
  "min_mainline_speed": 6.535608396486425,
  "avg_merge_speed": 11.18636052228444,
  "std_merge_speed": 3.302938651799206,
  "max_merge_speed": 30.56,
  "min_merge_speed": 5.116207307325226,
  "avg_bottleneck_speed": 11.833715039113711,
  "std_bottleneck_speed": 2.90606158047507,
  "max_bottleneck_speed": 30.56,
  "min_bottleneck_speed": 6.623157573628602,
  "avg_ramp_queue": 1.1277777777777778,
  "std_ramp_queue": 1.0686468887520828,
  "max_ramp_queue": 6.0,
  "min_ramp_queue": 0.0,
  "avg_throughput": 361.94441034882766,
  "std_throughput": 44.15594235692562,
  "max_throughput": 443.95939871294524,
  "min_throughput": 46.57290429285442,
  "avg_occupancy": 0.10934516647292637,
  "std_occupancy": 0.017241889254791528,
  "max_occupancy": 0.14764420958793276,
  "min_occupancy": 0.013916916011411871,
  "avg_metering_rate": 600.0,
  "std_metering_rate": 0.0,
  "max_metering_rate": 600.0,
  "min_metering_rate": 600.0,
  "avg_bottleneck_flow": 14.677777777777777,
  "std_bottleneck_flow": 4.061206109240012,
  "max_bottleneck_flow": 23.0,
  "min_bottleneck_flow": 0.0,
  "avg_total_delay": 96.22222222222223,
  "std_total_delay": 36.226878535074775,
  "max_total_delay": 217.0,
  "min_total_delay": 0.0,
  "total_reward": -1193.0394652237042,
  "episode_steps": 720,
  "episode_number": 3,
  "total_tts": 69280.0
}