{
  "avg_reward": -1.601545718776217,
  "std_reward": 0.46531590282604546,
  "max_reward": -0.04515491403781766,
  "min_reward": -2.990329446429961,
  "avg_mainline_speed": 10.986005197294514,
  "std_mainline_speed": 2.06353350615925,
  "max_mainline_speed": 23.246708002003775,
  "min_mainline_speed": 7.364439826774272,
  "avg_merge_speed": 12.164164759113062,
  "std_merge_speed": 3.4344632442864613,
  "max_merge_speed": 30.56,
  "min_merge_speed": 5.831366065386045,
  "avg_bottleneck_speed": 12.356312972524165,
  "std_bottleneck_speed": 3.22691367236829,
  "max_bottleneck_speed": 30.56,
  "min_bottleneck_speed": 7.026140134745476,
  "avg_ramp_queue": 1.163888888888889,
  "std_ramp_queue": 1.0032316608999634,
  "max_ramp_queue": 5.0,
  "min_ramp_queue": 0.0,
  "avg_throughput": 358.32525460757046,
  "std_throughput": 45.440878073709875,
  "max_throughput": 446.6021620870695,
  "min_throughput": 14.84508596218234,
  "avg_occupancy": 0.10441299915491392,
  "std_occupancy": 0.017512966020844636,
  "max_occupancy": 0.14674795838579932,
  "min_occupancy": 0.010437687008558903,
  "avg_metering_rate": 600.0,
  "std_metering_rate": 0.0,
  "max_metering_rate": 600.0,
  "min_metering_rate": 600.0,
  "avg_bottleneck_flow": 14.120833333333334,
  "std_bottleneck_flow": 4.378052506537582,
  "max_bottleneck_flow": 24.0,
  "min_bottleneck_flow": 0.0,
  "avg_total_delay": 94.04027777777777,
  "std_total_delay": 32.58484293059778,
  "max_total_delay": 190.0,
  "min_total_delay": 0.0,
  "total_reward": -1153.1129175188762,
  "episode_steps": 720,
  "episode_number": 10,
  "total_tts": 67709.0
}