{
  "avg_reward": -1.6377302415562787,
  "std_reward": 0.5010442837435839,
  "max_reward": -0.028705333613332055,
  "min_reward": -3.463364063014044,
  "avg_mainline_speed": 10.691666632231188,
  "std_mainline_speed": 2.0053370714829786,
  "max_mainline_speed": 24.680451490453095,
  "min_mainline_speed": 6.9629046649456825,
  "avg_merge_speed": 11.653485081489174,
  "std_merge_speed": 3.2183221499645884,
  "max_merge_speed": 30.56,
  "min_merge_speed": 4.7557164546369055,
  "avg_bottleneck_speed": 12.155840487088735,
  "std_bottleneck_speed": 2.856708200569097,
  "max_bottleneck_speed": 30.56,
  "min_bottleneck_speed": 6.479212488872522,
  "avg_ramp_queue": 1.1847222222222222,
  "std_ramp_queue": 1.031740670773618,
  "max_ramp_queue": 5.0,
  "min_ramp_queue": 0.0,
  "avg_throughput": 357.1187130100584,
  "std_throughput": 39.02699323685064,
  "max_throughput": 436.5651441111233,
  "min_throughput": 51.68541788543717,
  "avg_occupancy": 0.10655874994438486,
  "std_occupancy": 0.01915141173343778,
  "max_occupancy": 0.15658881060518834,
  "min_occupancy": 0.013916916011411871,
  "avg_metering_rate": 600.0,
  "std_metering_rate": 0.0,
  "max_metering_rate": 600.0,
  "min_metering_rate": 600.0,
  "avg_bottleneck_flow": 14.094444444444445,
  "std_bottleneck_flow": 3.9217303752046075,
  "max_bottleneck_flow": 24.0,
  "min_bottleneck_flow": 0.0,
  "avg_total_delay": 95.82083333333334,
  "std_total_delay": 35.203059516263004,
  "max_total_delay": 224.0,
  "min_total_delay": 0.0,
  "total_reward": -1179.1657739205207,
  "episode_steps": 720,
  "episode_number": 8,
  "total_tts": 68991.0
}