{
  "avg_reward": -1.497677624146623,
  "std_reward": 0.384055541906526,
  "max_reward": -0.022966088347692412,
  "min_reward": -2.5511649792905753,
  "avg_mainline_speed": 11.022826703815296,
  "std_mainline_speed": 1.8957449498648065,
  "max_mainline_speed": 24.66908886175433,
  "min_mainline_speed": 7.806179123544356,
  "avg_merge_speed": 12.013457858121845,
  "std_merge_speed": 3.1413619632994734,
  "max_merge_speed": 30.56,
  "min_merge_speed": 6.737949608883556,
  "avg_bottleneck_speed": 12.452906543777612,
  "std_bottleneck_speed": 2.902045244317986,
  "max_bottleneck_speed": 30.56,
  "min_bottleneck_speed": 7.935927206424633,
  "avg_ramp_queue": 1.0722222222222222,
  "std_ramp_queue": 0.9889981213079312,
  "max_ramp_queue": 5.0,
  "min_ramp_queue": 0.0,
  "avg_throughput": 361.6918633699007,
  "std_throughput": 43.567385075519624,
  "max_throughput": 435.6321613387982,
  "min_throughput": 38.66179975578896,
  "avg_occupancy": 0.10375234409007829,
  "std_occupancy": 0.01625088224124087,
  "max_occupancy": 0.1345486007704046,
  "min_occupancy": 0.010437687008558903,
  "avg_metering_rate": 600.0,
  "std_metering_rate": 0.0,
  "max_metering_rate": 600.0,
  "min_metering_rate": 600.0,
  "avg_bottleneck_flow": 13.984722222222222,
  "std_bottleneck_flow": 3.92018139185698,
  "max_bottleneck_flow": 23.0,
  "min_bottleneck_flow": 0.0,
  "avg_total_delay": 87.34583333333333,
  "std_total_delay": 26.031895166741553,
  "max_total_delay": 154.0,
  "min_total_delay": 0.0,
  "total_reward": -1078.3278893855686,
  "episode_steps": 720,
  "episode_number": 7,
  "total_tts": 62889.0
}