{
  "avg_reward": -1.6434415437608423,
  "std_reward": 0.5810647538751422,
  "max_reward": -0.04422079585312076,
  "min_reward": -3.3171371585271006,
  "avg_mainline_speed": 10.337654511416,
  "std_mainline_speed": 2.1474144484229525,
  "max_mainline_speed": 24.091946943125283,
  "min_mainline_speed": 6.495474873255091,
  "avg_merge_speed": 11.10100993018698,
  "std_merge_speed": 3.324617516113563,
  "max_merge_speed": 30.56,
  "min_merge_speed": 5.866088712648496,
  "avg_bottleneck_speed": 11.761417455744656,
  "std_bottleneck_speed": 3.104875354274583,
  "max_bottleneck_speed": 30.56,
  "min_bottleneck_speed": 6.299173265714711,
  "avg_ramp_queue": 1.1611111111111112,
  "std_ramp_queue": 1.0848138032189307,
  "max_ramp_queue": 5.0,
  "min_ramp_queue": 0.0,
  "avg_throughput": 361.2491924149601,
  "std_throughput": 45.77313087798664,
  "max_throughput": 441.4345643021325,
  "min_throughput": 55.77920414687924,
  "avg_occupancy": 0.11107351888916533,
  "std_occupancy": 0.019855675648681376,
  "max_occupancy": 0.15989027557115412,
  "min_occupancy": 0.017396145014264838,
  "avg_metering_rate": 600.0,
  "std_metering_rate": 0.0,
  "max_metering_rate": 600.0,
  "min_metering_rate": 600.0,
  "avg_bottleneck_flow": 14.833333333333334,
  "std_bottleneck_flow": 4.274277066878613,
  "max_bottleneck_flow": 26.0,
  "min_bottleneck_flow": 0.0,
  "avg_total_delay": 94.52222222222223,
  "std_total_delay": 42.637223637405995,
  "max_total_delay": 217.0,
  "min_total_delay": 0.0,
  "total_reward": -1183.2779115078065,
  "episode_steps": 720,
  "episode_number": 9,
  "total_tts": 68056.0
}