{
  "avg_reward": -1.613180778671634,
  "std_reward": 0.4779294962315497,
  "max_reward": -0.05057327446340304,
  "min_reward": -3.1546114693369507,
  "avg_mainline_speed": 10.566333154516997,
  "std_mainline_speed": 2.026136636089885,
  "max_mainline_speed": 22.910438888009953,
  "min_mainline_speed": 7.100221967333039,
  "avg_merge_speed": 11.35773523952118,
  "std_merge_speed": 3.1962576309891384,
  "max_merge_speed": 30.56,
  "min_merge_speed": 6.1039618297659874,
  "avg_bottleneck_speed": 12.024017059083844,
  "std_bottleneck_speed": 3.2139704404786,
  "max_bottleneck_speed": 30.56,
  "min_bottleneck_speed": 6.411869436801625,
  "avg_ramp_queue": 1.1375,
  "std_ramp_queue": 0.984171605971235,
  "max_ramp_queue": 5.0,
  "min_ramp_queue": 0.0,
  "avg_throughput": 359.378363922933,
  "std_throughput": 44.392761675380854,
  "max_throughput": 430.8437342661238,
  "min_throughput": 9.426725536596962,
  "avg_occupancy": 0.10809188388513344,
  "std_occupancy": 0.018664676922957604,
  "max_occupancy": 0.1505219832757374,
  "min_occupancy": 0.010437687008558903,
  "avg_metering_rate": 600.0,
  "std_metering_rate": 0.0,
  "max_metering_rate": 600.0,
  "min_metering_rate": 600.0,
  "avg_bottleneck_flow": 14.545833333333333,
  "std_bottleneck_flow": 4.224348651304457,
  "max_bottleneck_flow": 23.0,
  "min_bottleneck_flow": 0.0,
  "avg_total_delay": 93.70277777777778,
  "std_total_delay": 32.96611042765578,
  "max_total_delay": 220.0,
  "min_total_delay": 0.0,
  "total_reward": -1161.4901606435765,
  "episode_steps": 720,
  "episode_number": 5,
  "total_tts": 67466.0
}