{
  "avg_reward": -1.8189193159588817,
  "std_reward": 0.5454294203236251,
  "max_reward": -0.04058285442188827,
  "min_reward": -3.3868903344851202,
  "avg_mainline_speed": 11.408038594220915,
  "std_mainline_speed": 1.974952358689521,
  "max_mainline_speed": 23.134663674427557,
  "min_mainline_speed": 7.242933217889491,
  "avg_merge_speed": 12.696680294536105,
  "std_merge_speed": 3.265244235882749,
  "max_merge_speed": 30.56,
  "min_merge_speed": 6.689213735286777,
  "avg_bottleneck_speed": 12.825476296844846,
  "std_bottleneck_speed": 3.083199140678223,
  "max_bottleneck_speed": 30.56,
  "min_bottleneck_speed": 6.402659615589207,
  "avg_ramp_queue": 1.3138888888888889,
  "std_ramp_queue": 1.1074627602913332,
  "max_ramp_queue": 6.0,
  "min_ramp_queue": 0.0,
  "avg_throughput": 360.53465102481806,
  "std_throughput": 43.67600565897941,
  "max_throughput": 440.9287717256102,
  "min_throughput": 19.417145578111736,
  "avg_occupancy": 0.10096128866140588,
  "std_occupancy": 0.016275955980585576,
  "max_occupancy": 0.14238664112336727,
  "min_occupancy": 0.010437687008558903,
  "avg_metering_rate": 600.0,
  "std_metering_rate": 0.0,
  "max_metering_rate": 600.0,
  "min_metering_rate": 600.0,
  "avg_bottleneck_flow": 13.575,
  "std_bottleneck_flow": 4.056536220855314,
  "max_bottleneck_flow": 25.0,
  "min_bottleneck_flow": 0.0,
  "avg_total_delay": 110.70833333333333,
  "std_total_delay": 38.28788519594387,
  "max_total_delay": 220.0,
  "min_total_delay": 0.0,
  "total_reward": -1309.6219074903947,
  "episode_steps": 720,
  "episode_number": 6,
  "total_tts": 79710.0
}