{
  "avg_reward": -1.6060728104659476,
  "std_reward": 0.5308958044065114,
  "max_reward": -0.04535373381007929,
  "min_reward": -3.103511017875824,
  "avg_mainline_speed": 10.857953795924825,
  "std_mainline_speed": 2.0766650887740634,
  "max_mainline_speed": 24.08451482505879,
  "min_mainline_speed": 6.0133814263285075,
  "avg_merge_speed": 11.769374047239163,
  "std_merge_speed": 3.368168650345159,
  "max_merge_speed": 30.56,
  "min_merge_speed": 4.637250685662136,
  "avg_bottleneck_speed": 12.321612159273643,
  "std_bottleneck_speed": 3.043032549406626,
  "max_bottleneck_speed": 30.56,
  "min_bottleneck_speed": 5.905972861134735,
  "avg_ramp_queue": 1.148611111111111,
  "std_ramp_queue": 1.0281446417313993,
  "max_ramp_queue": 7.0,
  "min_ramp_queue": 0.0,
  "avg_throughput": 358.111243285379,
  "std_throughput": 41.500777731217866,
  "max_throughput": 450.1152839335208,
  "min_throughput": 55.66772237588185,
  "avg_occupancy": 0.1047714738208057,
  "std_occupancy": 0.017341399672303345,
  "max_occupancy": 0.16161770138306755,
  "min_occupancy": 0.017396145014264838,
  "avg_metering_rate": 600.0,
  "std_metering_rate": 0.0,
  "max_metering_rate": 600.0,
  "min_metering_rate": 600.0,
  "avg_bottleneck_flow": 14.080555555555556,
  "std_bottleneck_flow": 4.134765843460414,
  "max_bottleneck_flow": 25.0,
  "min_bottleneck_flow": 0.0,
  "avg_total_delay": 94.50555555555556,
  "std_total_delay": 36.26545604937481,
  "max_total_delay": 200.0,
  "min_total_delay": 0.0,
  "total_reward": -1156.3724235354823,
  "episode_steps": 720,
  "episode_number": 4,
  "total_tts": 68044.0
}