{
  "avg_reward": -1.4191622797555,
  "std_reward": 0.47335507167144614,
  "max_reward": -0.02445309075559967,
  "min_reward": -2.665561276663447,
  "avg_mainline_speed": 11.162551938836627,
  "std_mainline_speed": 2.122100000661183,
  "max_mainline_speed": 24.4928815379986,
  "min_mainline_speed": 7.47027451765872,
  "avg_merge_speed": 12.163877213871094,
  "std_merge_speed": 3.4823200803869807,
  "max_merge_speed": 30.56,
  "min_merge_speed": 6.064282715198707,
  "avg_bottleneck_speed": 12.716195386045138,
  "std_bottleneck_speed": 3.1612469049395635,
  "max_bottleneck_speed": 30.56,
  "min_bottleneck_speed": 7.097668854685502,
  "avg_ramp_queue": 1.0402777777777779,
  "std_ramp_queue": 1.0012713754442153,
  "max_ramp_queue": 6.0,
  "min_ramp_queue": 0.0,
  "avg_throughput": 360.12656909413084,
  "std_throughput": 45.300153062845446,
  "max_throughput": 448.28760069829747,
  "min_throughput": 37.07593384198739,
  "avg_occupancy": 0.10267883171269092,
  "std_occupancy": 0.017357400997601653,
  "max_occupancy": 0.14176934155331564,
  "min_occupancy": 0.010437687008558903,
  "avg_metering_rate": 600.0,
  "std_metering_rate": 0.0,
  "max_metering_rate": 600.0,
  "min_metering_rate": 600.0,
  "avg_bottleneck_flow": 13.752777777777778,
  "std_bottleneck_flow": 4.064069260066478,
  "max_bottleneck_flow": 22.0,
  "min_bottleneck_flow": 0.0,
  "avg_total_delay": 81.68472222222222,
  "std_total_delay": 31.76654057216239,
  "max_total_delay": 173.0,
  "min_total_delay": 0.0,
  "total_reward": -1021.7968414239599,
  "episode_steps": 720,
  "episode_number": 1,
  "total_tts": 58813.0
}