{
  "avg_reward": -8.943694444444445,
  "max_reward": -1.8,
  "min_reward": -10.363333333333333,
  "avg_mainline_speed": 9.845802589720567,
  "max_mainline_speed": 22.086459992631095,
  "min_mainline_speed": 7.209944690516953,
  "avg_merge_speed": 10.34077094701917,
  "max_merge_speed": 27.520424787771578,
  "min_merge_speed": 5.864832324653802,
  "avg_bottleneck_speed": 11.463562825041015,
  "max_bottleneck_speed": 30.56,
  "min_bottleneck_speed": 7.3241065730549115,
  "avg_ramp_queue": 1.1166666666666667,
  "max_ramp_queue": 4.0,
  "min_ramp_queue": 0.0,
  "avg_throughput": 369.88271928674646,
  "max_throughput": 439.0684967579707,
  "min_throughput": 84.77311111862355,
  "avg_occupancy": 0.11759380419696018,
  "max_occupancy": 0.15619441870420045,
  "min_occupancy": 0.026524535552903936,
  "avg_metering_rate": 369.93264729777974,
  "max_metering_rate": 1200.0,
  "min_metering_rate": 200.0,
  "total_reward": -2146.4866666666667,
  "episode_steps": 240
}