{
  "avg_reward": 0.9162804235101182,
  "max_reward": 2.312424805825296,
  "min_reward": 0.5668676133547624,
  "avg_mainline_speed": 10.229339623173932,
  "max_mainline_speed": 23.53274417475888,
  "min_mainline_speed": 7.316258370254855,
  "avg_merge_speed": 10.879026284779858,
  "max_merge_speed": 30.56,
  "min_merge_speed": 5.9741125730494025,
  "avg_bottleneck_speed": 11.906048721419742,
  "max_bottleneck_speed": 30.56,
  "min_bottleneck_speed": 6.7985686709595665,
  "avg_ramp_queue": 1.2,
  "max_ramp_queue": 6.0,
  "min_ramp_queue": 0.0,
  "avg_throughput": 369.20469609388687,
  "max_throughput": 469.64241843638484,
  "min_throughput": 75.82586019421308,
  "avg_occupancy": 0.11428861081341525,
  "max_occupancy": 0.15007616793760992,
  "min_occupancy": 0.027833832022823742,
  "avg_metering_rate": 653.5789676010609,
  "max_metering_rate": 1200.0,
  "min_metering_rate": 200.0,
  "total_reward": 219.90730164242837,
  "episode_steps": 240
}