{
  "avg_reward": 0.9434172479085206,
  "max_reward": 2.35533401186669,
  "min_reward": 0.5024332941243398,
  "avg_mainline_speed": 11.06788412231091,
  "max_mainline_speed": 24.820020356000693,
  "min_mainline_speed": 6.9119481165351475,
  "avg_bottleneck_speed": 12.12875554329647,
  "max_bottleneck_speed": 30.56,
  "min_bottleneck_speed": 6.758584014919674,
  "avg_ramp_queue": 2.6625,
  "max_ramp_queue": 13.0,
  "min_ramp_queue": 0.0,
  "avg_throughput": 354.53737478939746,
  "max_throughput": 431.904706839029,
  "min_throughput": 133.4006106800208,
  "avg_occupancy": 0.10319186691367772,
  "max_occupancy": 0.1498755887278112,
  "min_occupancy": 0.034792290028529675,
  "avg_metering_rate": 835.7948529347777,
  "max_metering_rate": 3239.9999141693115,
  "min_metering_rate": 360.00000536441803,
  "total_reward": 226.42013949804493,
  "episode_steps": 240
}