{
  "avg_reward": 0.9468467961722372,
  "max_reward": 2.3339392961834062,
  "min_reward": 0.5092100523678776,
  "avg_mainline_speed": 10.274426316563707,
  "max_mainline_speed": 24.178178885502188,
  "min_mainline_speed": 5.417880047179374,
  "avg_merge_speed": 10.954134516911303,
  "max_merge_speed": 30.56,
  "min_merge_speed": 3.665833044331449,
  "avg_bottleneck_speed": 12.447040601291162,
  "max_bottleneck_speed": 30.56,
  "min_bottleneck_speed": 6.832946786198716,
  "avg_ramp_queue": 1.0791666666666666,
  "max_ramp_queue": 6.0,
  "min_ramp_queue": 0.0,
  "avg_throughput": 361.22025955138037,
  "max_throughput": 444.61711145075475,
  "min_throughput": 102.73082990855903,
  "avg_occupancy": 0.11595238357807085,
  "max_occupancy": 0.19928255315416932,
  "min_occupancy": 0.03131306102567671,
  "avg_metering_rate": 722.166451315085,
  "max_metering_rate": 1200.0,
  "min_metering_rate": 200.0,
  "total_reward": 227.24323108133694,
  "episode_steps": 240
}