{
  "avg_reward": -0.2855136299949475,
  "max_reward": -0.03957699125827091,
  "min_reward": -1.14385560273547,
  "avg_mainline_speed": 8.392833972826065,
  "max_mainline_speed": 25.352618381644792,
  "min_mainline_speed": 5.841489494885472,
  "avg_bottleneck_speed": 11.502647136829621,
  "max_bottleneck_speed": 30.56,
  "min_bottleneck_speed": 7.458344317163263,
  "avg_ramp_queue": 0.3541666666666667,
  "max_ramp_queue": 4.0,
  "min_ramp_queue": 0.0,
  "avg_throughput": 371.03574509453307,
  "max_throughput": 437.2097667206808,
  "min_throughput": 179.2542617392126,
  "avg_occupancy": 0.1502883842082392,
  "max_occupancy": 0.18293822556398234,
  "min_occupancy": 0.04175074803423561,
  "avg_metering_rate": 2291.6786113008857,
  "max_metering_rate": 3239.9999141693115,
  "min_metering_rate": 360.00000536441803,
  "total_reward": -68.5232711987874,
  "episode_steps": 240
}