{
  "avg_reward": 0.9292650039323406,
  "max_reward": 2.3133428094855315,
  "min_reward": 0.588263393971077,
  "avg_mainline_speed": 10.543924708392884,
  "max_mainline_speed": 23.560284284565952,
  "min_mainline_speed": 7.1547985961293294,
  "avg_merge_speed": 11.466995056126645,
  "max_merge_speed": 30.56,
  "min_merge_speed": 6.789897422953548,
  "avg_bottleneck_speed": 11.990739161940446,
  "max_bottleneck_speed": 30.56,
  "min_bottleneck_speed": 7.527188671160708,
  "avg_ramp_queue": 1.3041666666666667,
  "max_ramp_queue": 6.0,
  "min_ramp_queue": 0.0,
  "avg_throughput": 365.2934099415199,
  "max_throughput": 438.1216848496983,
  "min_throughput": 86.04767568328072,
  "avg_occupancy": 0.11054963662939814,
  "max_occupancy": 0.15394856354309797,
  "min_occupancy": 0.03131306102567671,
  "avg_metering_rate": 558.8611830336353,
  "max_metering_rate": 1200.0,
  "min_metering_rate": 200.0,
  "total_reward": 223.02360094376175,
  "episode_steps": 240
}