{
  "avg_reward": 0.9007861036145421,
  "max_reward": 2.335573641123859,
  "min_reward": 0.580701917768775,
  "avg_mainline_speed": 9.845797683720287,
  "max_mainline_speed": 24.227209233715765,
  "min_mainline_speed": 6.391230403642897,
  "avg_merge_speed": 10.550634974703636,
  "max_merge_speed": 30.56,
  "min_merge_speed": 5.227743680044473,
  "avg_bottleneck_speed": 11.76713472758843,
  "max_bottleneck_speed": 30.56,
  "min_bottleneck_speed": 7.00722353798141,
  "avg_ramp_queue": 0.9458333333333333,
  "max_ramp_queue": 5.0,
  "min_ramp_queue": 0.0,
  "avg_throughput": 371.59486760792475,
  "max_throughput": 455.6723263738734,
  "min_throughput": 104.05464931032559,
  "avg_occupancy": 0.12296211292246557,
  "max_occupancy": 0.17862595494533015,
  "min_occupancy": 0.03131306102567671,
  "avg_metering_rate": 762.8487863888344,
  "max_metering_rate": 1200.0,
  "min_metering_rate": 200.0,
  "total_reward": 216.1886648674901,
  "episode_steps": 240
}