{
  "avg_reward": 0.915840988016643,
  "max_reward": 2.279283688827851,
  "min_reward": 0.5274984667897282,
  "avg_mainline_speed": 10.325363900264888,
  "max_mainline_speed": 22.53851066483553,
  "min_mainline_speed": 6.906162913475877,
  "avg_merge_speed": 10.943947784719823,
  "max_merge_speed": 30.56,
  "min_merge_speed": 4.92695479924293,
  "avg_bottleneck_speed": 11.831854937934045,
  "max_bottleneck_speed": 30.56,
  "min_bottleneck_speed": 6.465641118668711,
  "avg_ramp_queue": 1.1958333333333333,
  "max_ramp_queue": 5.0,
  "min_ramp_queue": 0.0,
  "avg_throughput": 363.57354821313663,
  "max_throughput": 439.64027320299954,
  "min_throughput": 38.97319196703958,
  "avg_occupancy": 0.11101095965128233,
  "max_occupancy": 0.15760856134516774,
  "min_occupancy": 0.020875374017117806,
  "avg_metering_rate": 570.8109564458331,
  "max_metering_rate": 1200.0,
  "min_metering_rate": 200.0,
  "total_reward": 219.80183712399432,
  "episode_steps": 240
}