{
  "avg_reward": 0.9001651582303805,
  "max_reward": 2.3205779991780036,
  "min_reward": 0.5342575427254983,
  "avg_mainline_speed": 10.006067113597583,
  "max_mainline_speed": 23.777339975340112,
  "min_mainline_speed": 6.575368742672578,
  "avg_merge_speed": 10.671132360271956,
  "max_merge_speed": 30.56,
  "min_merge_speed": 5.754180612112519,
  "avg_bottleneck_speed": 11.72564731109811,
  "max_bottleneck_speed": 30.56,
  "min_bottleneck_speed": 6.968238359394914,
  "avg_ramp_queue": 1.1791666666666667,
  "max_ramp_queue": 5.0,
  "min_ramp_queue": 0.0,
  "avg_throughput": 365.571841838237,
  "max_throughput": 437.97458993656824,
  "min_throughput": 102.1201992602034,
  "avg_occupancy": 0.11644223254741268,
  "max_occupancy": 0.16977465780806353,
  "min_occupancy": 0.034792290028529675,
  "avg_metering_rate": 544.6984452505907,
  "max_metering_rate": 1200.0,
  "min_metering_rate": 200.0,
  "total_reward": 216.0396379752913,
  "episode_steps": 240
}