{
  "avg_reward": -0.2913793110491966,
  "max_reward": -0.07220676735413434,
  "min_reward": -0.828403633003471,
  "avg_mainline_speed": 8.125981913181523,
  "max_mainline_speed": 23.511865620973328,
  "min_mainline_speed": 5.220625683012419,
  "avg_bottleneck_speed": 11.38767416070097,
  "max_bottleneck_speed": 30.56,
  "min_bottleneck_speed": 7.2039228040764005,
  "avg_ramp_queue": 0.44166666666666665,
  "max_ramp_queue": 5.0,
  "min_ramp_queue": 0.0,
  "avg_throughput": 365.14136695519755,
  "max_throughput": 435.0944085295867,
  "min_throughput": 163.28426178602277,
  "avg_occupancy": 0.1530315633907561,
  "max_occupancy": 0.1996179066391116,
  "min_occupancy": 0.04152784036517186,
  "avg_metering_rate": 2195.2543572708964,
  "max_metering_rate": 3239.9999141693115,
  "min_metering_rate": 360.00000536441803,
  "total_reward": -69.9310346518072,
  "episode_steps": 240
}