{
  "avg_reward": 0.8482165889117848,
  "max_reward": 2.2933657161310697,
  "min_reward": 0.49796588576633005,
  "avg_mainline_speed": 9.223339844152271,
  "max_mainline_speed": 22.960971483932088,
  "min_mainline_speed": 5.090201357271868,
  "avg_merge_speed": 9.803924996359703,
  "max_merge_speed": 30.56,
  "min_merge_speed": 5.424469090076034,
  "avg_bottleneck_speed": 11.155716326578624,
  "max_bottleneck_speed": 30.56,
  "min_bottleneck_speed": 6.512892935161473,
  "avg_ramp_queue": 1.0208333333333333,
  "max_ramp_queue": 8.0,
  "min_ramp_queue": 0.0,
  "avg_throughput": 366.9276474039042,
  "max_throughput": 455.38118034062666,
  "min_throughput": 62.10331561437019,
  "avg_occupancy": 0.12944371664487161,
  "max_occupancy": 0.17713957279780337,
  "min_occupancy": 0.027833832022823742,
  "avg_metering_rate": 747.2069075951973,
  "max_metering_rate": 1200.0,
  "min_metering_rate": 200.0,
  "total_reward": 203.57198133882835,
  "episode_steps": 240
}