{
  "avg_reward": 0.9413156885337598,
  "max_reward": 2.3492564777726868,
  "min_reward": 0.5659606778494822,
  "avg_mainline_speed": 10.635120736823641,
  "max_mainline_speed": 24.637694333180608,
  "min_mainline_speed": 7.2673383635167506,
  "avg_merge_speed": 11.511105998990944,
  "max_merge_speed": 30.56,
  "min_merge_speed": 5.715328050574379,
  "avg_bottleneck_speed": 12.116788835014992,
  "max_bottleneck_speed": 30.56,
  "min_bottleneck_speed": 6.807654647978477,
  "avg_ramp_queue": 1.1416666666666666,
  "max_ramp_queue": 6.0,
  "min_ramp_queue": 0.0,
  "avg_throughput": 369.23284164547016,
  "max_throughput": 446.1908510901921,
  "min_throughput": 89.55158099679284,
  "avg_occupancy": 0.10951250182799793,
  "max_occupancy": 0.15368005318447434,
  "min_occupancy": 0.024354603019970774,
  "avg_metering_rate": 678.3157472809156,
  "max_metering_rate": 1200.0,
  "min_metering_rate": 200.0,
  "total_reward": 225.91576524810236,
  "episode_steps": 240
}