{
  "avg_reward": 0.9522479690869531,
  "max_reward": 2.292236141351097,
  "min_reward": 0.6112832920135416,
  "avg_mainline_speed": 10.871697207232996,
  "max_mainline_speed": 22.92708424053291,
  "min_mainline_speed": 7.507195270649572,
  "avg_merge_speed": 11.883750810751511,
  "max_merge_speed": 30.56,
  "min_merge_speed": 6.80708473786415,
  "avg_bottleneck_speed": 12.262439021361509,
  "max_bottleneck_speed": 30.56,
  "min_bottleneck_speed": 7.548977966838448,
  "avg_ramp_queue": 1.3958333333333333,
  "max_ramp_queue": 5.0,
  "min_ramp_queue": 0.0,
  "avg_throughput": 362.95309195234853,
  "max_throughput": 435.42209913305896,
  "min_throughput": 68.95127449438858,
  "avg_occupancy": 0.10523245693004409,
  "max_occupancy": 0.1373361360728622,
  "min_occupancy": 0.03131306102567671,
  "avg_metering_rate": 584.3446143281957,
  "max_metering_rate": 1200.0,
  "min_metering_rate": 200.0,
  "total_reward": 228.53951258086875,
  "episode_steps": 240
}