{
  "avg_reward": -8.862152777777776,
  "max_reward": -1.95,
  "min_reward": -11.256666666666666,
  "avg_mainline_speed": 10.13761339115419,
  "max_mainline_speed": 23.674004070573034,
  "min_mainline_speed": 6.893689369081257,
  "avg_merge_speed": 10.69367009642835,
  "max_merge_speed": 30.56,
  "min_merge_speed": 5.5178582729536565,
  "avg_bottleneck_speed": 11.817918731748948,
  "max_bottleneck_speed": 30.56,
  "min_bottleneck_speed": 6.380530431975634,
  "avg_ramp_queue": 1.3541666666666667,
  "max_ramp_queue": 5.0,
  "min_ramp_queue": 0.0,
  "avg_throughput": 366.6626853070998,
  "max_throughput": 439.30946242816725,
  "min_throughput": 89.11810990547195,
  "avg_occupancy": 0.1152063506151467,
  "max_occupancy": 0.16102201608564173,
  "min_occupancy": 0.03131306102567671,
  "avg_metering_rate": 359.6048951148987,
  "max_metering_rate": 1200.0,
  "min_metering_rate": 200.0,
  "total_reward": -2126.9166666666665,
  "episode_steps": 240
}