{
  "avg_reward": 0.971276165286196,
  "max_reward": 2.318983342510939,
  "min_reward": 0.59698568236688,
  "avg_mainline_speed": 11.5035635845785,
  "max_mainline_speed": 23.72950027532816,
  "min_mainline_speed": 7.77152007264056,
  "avg_bottleneck_speed": 12.435480916004918,
  "max_bottleneck_speed": 30.56,
  "min_bottleneck_speed": 7.115939734383915,
  "avg_ramp_queue": 2.8291666666666666,
  "max_ramp_queue": 12.0,
  "min_ramp_queue": 0.0,
  "avg_throughput": 348.9764489826759,
  "max_throughput": 431.07605428031104,
  "min_throughput": 80.54800660787582,
  "avg_occupancy": 0.09740504027796525,
  "max_occupancy": 0.13503379121667344,
  "min_occupancy": 0.027833832022823742,
  "avg_metering_rate": 790.1292558386922,
  "max_metering_rate": 3239.9999141693115,
  "min_metering_rate": 360.00000536441803,
  "total_reward": 233.10627966868702,
  "episode_steps": 240
}