{
  "avg_reward": 0.9598829339883314,
  "max_reward": 2.2778371362389414,
  "min_reward": 0.6162618872566179,
  "avg_mainline_speed": 10.650961785839709,
  "max_mainline_speed": 22.495114087168243,
  "min_mainline_speed": 6.802920677448182,
  "avg_merge_speed": 11.372945861438696,
  "max_merge_speed": 30.56,
  "min_merge_speed": 4.951623027904947,
  "avg_bottleneck_speed": 12.473406378095714,
  "max_bottleneck_speed": 30.56,
  "min_bottleneck_speed": 8.022774091539251,
  "avg_ramp_queue": 1.1291666666666667,
  "max_ramp_queue": 8.0,
  "min_ramp_queue": 0.0,
  "avg_throughput": 361.21563351000776,
  "max_throughput": 464.6266916474058,
  "min_throughput": 44.557395830533075,
  "avg_occupancy": 0.10823664816233744,
  "max_occupancy": 0.15394547128964767,
  "min_occupancy": 0.024354603019970774,
  "avg_metering_rate": 709.082668957611,
  "max_metering_rate": 1200.0,
  "min_metering_rate": 200.0,
  "total_reward": 230.37190415719954,
  "episode_steps": 240
}