{
  "avg_reward": -0.29133768618287803,
  "max_reward": -0.06605391402800193,
  "min_reward": -0.6770367384442748,
  "avg_mainline_speed": 8.466649616443807,
  "max_mainline_speed": 24.839808569910783,
  "min_mainline_speed": 5.88318069990719,
  "avg_bottleneck_speed": 11.770262763563611,
  "max_bottleneck_speed": 30.56,
  "min_bottleneck_speed": 8.050724912890583,
  "avg_ramp_queue": 0.275,
  "max_ramp_queue": 4.0,
  "min_ramp_queue": 0.0,
  "avg_throughput": 370.7096045998891,
  "max_throughput": 460.5360210751443,
  "min_throughput": 210.06335860039007,
  "avg_occupancy": 0.1481606333410233,
  "max_occupancy": 0.17981795291563452,
  "min_occupancy": 0.04152784036517186,
  "avg_metering_rate": 2190.4199596121907,
  "max_metering_rate": 3239.9999141693115,
  "min_metering_rate": 360.00000536441803,
  "total_reward": -69.92104468389073,
  "episode_steps": 240
}