{
  "avg_reward": -0.2798614923692909,
  "max_reward": -0.03364740958242429,
  "min_reward": -0.8315398004178013,
  "avg_mainline_speed": 8.385637955092841,
  "max_mainline_speed": 22.57684999541784,
  "min_mainline_speed": 5.955259248279095,
  "avg_bottleneck_speed": 11.53068906928729,
  "max_bottleneck_speed": 30.56,
  "min_bottleneck_speed": 7.135338949582785,
  "avg_ramp_queue": 0.44583333333333336,
  "max_ramp_queue": 6.0,
  "min_ramp_queue": 0.0,
  "avg_throughput": 371.9649324934624,
  "max_throughput": 437.40838261987903,
  "min_throughput": 125.26463045642275,
  "avg_occupancy": 0.14730303465874076,
  "max_occupancy": 0.186290723993468,
  "min_occupancy": 0.0380486113623189,
  "avg_metering_rate": 2145.5460941791534,
  "max_metering_rate": 3239.9999141693115,
  "min_metering_rate": 360.00000536441803,
  "total_reward": -67.16675816862983,
  "episode_steps": 240
}