{
  "avg_reward": 0.8903598603148297,
  "max_reward": 2.2985496772174816,
  "min_reward": 0.5798767195412639,
  "avg_mainline_speed": 9.880949810689382,
  "max_mainline_speed": 23.116490316524445,
  "min_mainline_speed": 6.9564981266627735,
  "avg_merge_speed": 10.248076362502328,
  "max_merge_speed": 30.56,
  "min_merge_speed": 4.384307384616954,
  "avg_bottleneck_speed": 11.585175110281455,
  "max_bottleneck_speed": 30.56,
  "min_bottleneck_speed": 7.180242244763346,
  "avg_ramp_queue": 1.0958333333333334,
  "max_ramp_queue": 5.0,
  "min_ramp_queue": 0.0,
  "avg_throughput": 364.2472614452085,
  "max_throughput": 429.18541357580955,
  "min_throughput": 65.83576759658666,
  "avg_occupancy": 0.11572067280867311,
  "max_occupancy": 0.15318094484008898,
  "min_occupancy": 0.027833832022823742,
  "avg_metering_rate": 714.2731699471673,
  "max_metering_rate": 1200.0,
  "min_metering_rate": 200.0,
  "total_reward": 213.68636647555914,
  "episode_steps": 240
}