{
  "avg_reward": -0.2879280938867753,
  "max_reward": -0.06166980941198097,
  "min_reward": -0.8943240225258888,
  "avg_mainline_speed": 8.089502753784464,
  "max_mainline_speed": 25.31074633339831,
  "min_mainline_speed": 5.491565094098937,
  "avg_bottleneck_speed": 11.221384756755006,
  "max_bottleneck_speed": 30.56,
  "min_bottleneck_speed": 7.252266894452904,
  "avg_ramp_queue": 0.6166666666666667,
  "max_ramp_queue": 6.0,
  "min_ramp_queue": 0.0,
  "avg_throughput": 368.398396188493,
  "max_throughput": 450.4837942330775,
  "min_throughput": 177.74686800233917,
  "avg_occupancy": 0.15356982453596496,
  "max_occupancy": 0.18538849702071972,
  "min_occupancy": 0.04175074803423561,
  "avg_metering_rate": 2057.7618512883782,
  "max_metering_rate": 3239.9999141693115,
  "min_metering_rate": 360.00000536441803,
  "total_reward": -69.10274253282607,
  "episode_steps": 240
}