{
  "avg_reward": 0.9522033863164452,
  "max_reward": 2.3278867624301736,
  "min_reward": 0.5523192931253493,
  "avg_mainline_speed": 11.236762566103243,
  "max_mainline_speed": 23.996602872905214,
  "min_mainline_speed": 6.618267889500228,
  "avg_bottleneck_speed": 12.123892682260077,
  "max_bottleneck_speed": 30.56,
  "min_bottleneck_speed": 6.874207269506836,
  "avg_ramp_queue": 2.379166666666667,
  "max_ramp_queue": 9.0,
  "min_ramp_queue": 0.0,
  "avg_throughput": 351.83758909851935,
  "max_throughput": 431.43037196551995,
  "min_throughput": 97.82827756844077,
  "avg_occupancy": 0.10123191081341347,
  "max_occupancy": 0.1503296475029633,
  "min_occupancy": 0.03131306102567671,
  "avg_metering_rate": 915.8708652108908,
  "max_metering_rate": 3239.9999141693115,
  "min_metering_rate": 360.00000536441803,
  "total_reward": 228.52881271594686,
  "episode_steps": 240
}