{
  "avg_reward": 0.9866056372065637,
  "max_reward": 2.2966938226729257,
  "min_reward": 0.5198374155857535,
  "avg_mainline_speed": 11.060912736351723,
  "max_mainline_speed": 23.060814680187775,
  "min_mainline_speed": 6.672291364667859,
  "avg_merge_speed": 12.15024145439927,
  "max_merge_speed": 30.56,
  "min_merge_speed": 5.865586331460571,
  "avg_bottleneck_speed": 12.716504253230125,
  "max_bottleneck_speed": 30.56,
  "min_bottleneck_speed": 6.676882635469627,
  "avg_ramp_queue": 1.075,
  "max_ramp_queue": 6.0,
  "min_ramp_queue": 0.0,
  "avg_throughput": 368.73857738545996,
  "max_throughput": 448.55479287332344,
  "min_throughput": 72.56199636506997,
  "avg_occupancy": 0.10651568954142192,
  "max_occupancy": 0.15339305778211917,
  "min_occupancy": 0.03131306102567671,
  "avg_metering_rate": 644.6875454081843,
  "max_metering_rate": 1200.0,
  "min_metering_rate": 200.0,
  "total_reward": 236.78535292957528,
  "episode_steps": 240
}