{
  "avg_reward": 0.9038258797794925,
  "max_reward": 2.3458947007661024,
  "min_reward": 0.5737917303170761,
  "avg_mainline_speed": 10.08370982663161,
  "max_mainline_speed": 24.536841022983065,
  "min_mainline_speed": 6.7333661671493985,
  "avg_merge_speed": 10.824469020016984,
  "max_merge_speed": 30.56,
  "min_merge_speed": 5.2113474073574,
  "avg_bottleneck_speed": 11.748488822279887,
  "max_bottleneck_speed": 30.56,
  "min_bottleneck_speed": 7.255915251089288,
  "avg_ramp_queue": 1.1833333333333333,
  "max_ramp_queue": 6.0,
  "min_ramp_queue": 0.0,
  "avg_throughput": 367.91290451415665,
  "max_throughput": 435.30609383920915,
  "min_throughput": 112.41470762054271,
  "avg_occupancy": 0.11629247165282416,
  "max_occupancy": 0.17656163158184532,
  "min_occupancy": 0.03131306102567671,
  "avg_metering_rate": 579.643442047139,
  "max_metering_rate": 1200.0,
  "min_metering_rate": 200.0,
  "total_reward": 216.91821114707818,
  "episode_steps": 240
}