{
  "avg_reward": -8.98022222222222,
  "max_reward": -1.5,
  "min_reward": -11.556666666666667,
  "avg_mainline_speed": 9.924708171372572,
  "max_mainline_speed": 22.962676309416068,
  "min_mainline_speed": 6.083369427955162,
  "avg_merge_speed": 10.619410603663555,
  "max_merge_speed": 30.56,
  "min_merge_speed": 4.106646032069063,
  "avg_bottleneck_speed": 11.666128505888878,
  "max_bottleneck_speed": 30.56,
  "min_bottleneck_speed": 7.726312080031729,
  "avg_ramp_queue": 1.3458333333333334,
  "max_ramp_queue": 5.0,
  "min_ramp_queue": 0.0,
  "avg_throughput": 367.18798548453583,
  "max_throughput": 428.4299861028711,
  "min_throughput": 62.144231425985595,
  "avg_occupancy": 0.11843708347031634,
  "max_occupancy": 0.17262524327086173,
  "min_occupancy": 0.027833832022823742,
  "avg_metering_rate": 400.41466131806374,
  "max_metering_rate": 1200.0,
  "min_metering_rate": 200.0,
  "total_reward": -2155.253333333333,
  "episode_steps": 240
}