{
  "avg_reward": 0.8655369229533458,
  "max_reward": 2.306375095607656,
  "min_reward": 0.5091104138553671,
  "avg_mainline_speed": 9.645129338961002,
  "max_mainline_speed": 23.351252868229675,
  "min_mainline_speed": 6.031852419286062,
  "avg_merge_speed": 10.089123850817623,
  "max_merge_speed": 30.56,
  "min_merge_speed": 4.953662583183129,
  "avg_bottleneck_speed": 11.266763344204024,
  "max_bottleneck_speed": 30.56,
  "min_bottleneck_speed": 6.806729167519393,
  "avg_ramp_queue": 1.1583333333333334,
  "max_ramp_queue": 5.0,
  "min_ramp_queue": 0.0,
  "avg_throughput": 367.23028975060737,
  "max_throughput": 452.36367811842604,
  "min_throughput": 80.40382744220122,
  "avg_occupancy": 0.11957258847229003,
  "max_occupancy": 0.16132994429723482,
  "min_occupancy": 0.03131306102567671,
  "avg_metering_rate": 617.158043757081,
  "max_metering_rate": 1200.0,
  "min_metering_rate": 200.0,
  "total_reward": 207.728861508803,
  "episode_steps": 240
}