{
  "avg_reward": 0.9672783013481734,
  "max_reward": 2.302148609931615,
  "min_reward": 0.6663013372081665,
  "avg_mainline_speed": 10.65766532702744,
  "max_mainline_speed": 23.22445829794845,
  "min_mainline_speed": 6.681029310433789,
  "avg_merge_speed": 11.495455921274687,
  "max_merge_speed": 30.56,
  "min_merge_speed": 4.400649815216211,
  "avg_bottleneck_speed": 12.61406692005629,
  "max_bottleneck_speed": 30.56,
  "min_bottleneck_speed": 8.182233844297993,
  "avg_ramp_queue": 1.1208333333333333,
  "max_ramp_queue": 6.0,
  "min_ramp_queue": 0.0,
  "avg_throughput": 368.14269255209274,
  "max_throughput": 432.80704786576797,
  "min_throughput": 76.98037404460811,
  "avg_occupancy": 0.11086610159793545,
  "max_occupancy": 0.1585522570773414,
  "min_occupancy": 0.03131306102567671,
  "avg_metering_rate": 686.3210018103322,
  "max_metering_rate": 1200.0,
  "min_metering_rate": 200.0,
  "total_reward": 232.1467923235616,
  "episode_steps": 240
}