{
  "avg_reward": 0.9631651994382632,
  "max_reward": 2.3267288744003465,
  "min_reward": 0.5800865666125508,
  "avg_mainline_speed": 10.742311640587245,
  "max_mainline_speed": 23.961866232010394,
  "min_mainline_speed": 6.791240143545598,
  "avg_merge_speed": 11.703823618230574,
  "max_merge_speed": 30.56,
  "min_merge_speed": 6.304917489887673,
  "avg_bottleneck_speed": 12.458707339484876,
  "max_bottleneck_speed": 30.56,
  "min_bottleneck_speed": 7.740904569887283,
  "avg_ramp_queue": 1.0708333333333333,
  "max_ramp_queue": 6.0,
  "min_ramp_queue": 0.0,
  "avg_throughput": 367.3852051827289,
  "max_throughput": 449.48712223441987,
  "min_throughput": 86.12478956824947,
  "avg_occupancy": 0.10882625968600411,
  "max_occupancy": 0.15619441870420045,
  "min_occupancy": 0.027833832022823742,
  "avg_metering_rate": 555.2515535304943,
  "max_metering_rate": 1200.0,
  "min_metering_rate": 200.0,
  "total_reward": 231.15964786518316,
  "episode_steps": 240
}