{
  "avg_reward": -9.288722222222223,
  "max_reward": -1.5,
  "min_reward": -11.726666666666667,
  "avg_mainline_speed": 9.374975208931467,
  "max_mainline_speed": 22.518506120012386,
  "min_mainline_speed": 6.511027074481508,
  "avg_merge_speed": 9.999620032195848,
  "max_merge_speed": 30.56,
  "min_merge_speed": 4.889992499357877,
  "avg_bottleneck_speed": 11.126863616615678,
  "max_bottleneck_speed": 30.56,
  "min_bottleneck_speed": 6.6004610348952095,
  "avg_ramp_queue": 1.3083333333333333,
  "max_ramp_queue": 6.0,
  "min_ramp_queue": 0.0,
  "avg_throughput": 366.81427695253757,
  "max_throughput": 446.1225886733225,
  "min_throughput": 45.048628520260124,
  "avg_occupancy": 0.12516034371477444,
  "max_occupancy": 0.16883370318613514,
  "min_occupancy": 0.024354603019970774,
  "avg_metering_rate": 404.9430374056101,
  "max_metering_rate": 1200.0,
  "min_metering_rate": 200.0,
  "total_reward": -2229.2933333333335,
  "episode_steps": 240
}