{
  "avg_reward": -8.87572222222222,
  "max_reward": -1.5,
  "min_reward": -11.706666666666665,
  "avg_mainline_speed": 10.254809212105824,
  "max_mainline_speed": 22.340658914962557,
  "min_mainline_speed": 6.5261924860689335,
  "avg_merge_speed": 11.170474075970086,
  "max_merge_speed": 27.238119198942247,
  "min_merge_speed": 5.383872770234095,
  "avg_bottleneck_speed": 12.227625489157537,
  "max_bottleneck_speed": 30.56,
  "min_bottleneck_speed": 6.70082275496868,
  "avg_ramp_queue": 1.4208333333333334,
  "max_ramp_queue": 8.0,
  "min_ramp_queue": 0.0,
  "avg_throughput": 361.1749085413292,
  "max_throughput": 461.5162668939065,
  "min_throughput": 91.80512202056018,
  "avg_occupancy": 0.11589441923080598,
  "max_occupancy": 0.17263658724086484,
  "min_occupancy": 0.027610924353759992,
  "avg_metering_rate": 394.20931686957675,
  "max_metering_rate": 1200.0,
  "min_metering_rate": 200.0,
  "total_reward": -2130.173333333333,
  "episode_steps": 240
}