{
  "avg_reward": 1.0044666868811958,
  "max_reward": 2.297695297581541,
  "min_reward": 0.6092753701696709,
  "avg_mainline_speed": 11.773954452021975,
  "max_mainline_speed": 23.09085892744623,
  "min_mainline_speed": 7.044765557599227,
  "avg_bottleneck_speed": 12.896030769609263,
  "max_bottleneck_speed": 30.56,
  "min_bottleneck_speed": 7.488997031660601,
  "avg_ramp_queue": 2.7333333333333334,
  "max_ramp_queue": 10.0,
  "min_ramp_queue": 0.0,
  "avg_throughput": 348.7122636835004,
  "max_throughput": 442.316541412211,
  "min_throughput": 73.37319104104822,
  "avg_occupancy": 0.09588192697523364,
  "max_occupancy": 0.1415464338842519,
  "min_occupancy": 0.03131306102567671,
  "avg_metering_rate": 831.8038708716631,
  "max_metering_rate": 3239.9999141693115,
  "min_metering_rate": 360.00000536441803,
  "total_reward": 241.07200485148698,
  "episode_steps": 240
}