{
  "avg_reward": 0.8926671347004567,
  "max_reward": 2.285830703650813,
  "min_reward": 0.5058657913631921,
  "avg_mainline_speed": 9.84823486436879,
  "max_mainline_speed": 22.734921109524393,
  "min_mainline_speed": 5.969426919150539,
  "avg_merge_speed": 10.261358689582801,
  "max_merge_speed": 30.56,
  "min_merge_speed": 4.906215759478929,
  "avg_bottleneck_speed": 11.62396389554105,
  "max_bottleneck_speed": 30.56,
  "min_bottleneck_speed": 6.137697881163482,
  "avg_ramp_queue": 1.0083333333333333,
  "max_ramp_queue": 5.0,
  "min_ramp_queue": 0.0,
  "avg_throughput": 367.9832155742453,
  "max_throughput": 441.8888229732206,
  "min_throughput": 56.67810662858541,
  "avg_occupancy": 0.11844365228490011,
  "max_occupancy": 0.15776569475185254,
  "min_occupancy": 0.027833832022823742,
  "avg_metering_rate": 694.995536406835,
  "max_metering_rate": 1200.0,
  "min_metering_rate": 200.0,
  "total_reward": 214.2401123281096,
  "episode_steps": 240
}