{
  "avg_reward": 0.9868749783444237,
  "max_reward": 2.277519730496712,
  "min_reward": 0.4537064046963286,
  "avg_mainline_speed": 11.512467676336302,
  "max_mainline_speed": 22.48559191490136,
  "min_mainline_speed": 5.59898885591534,
  "avg_bottleneck_speed": 12.736521115997608,
  "max_bottleneck_speed": 30.56,
  "min_bottleneck_speed": 5.8214688566496795,
  "avg_ramp_queue": 2.808333333333333,
  "max_ramp_queue": 12.0,
  "min_ramp_queue": 0.0,
  "avg_throughput": 353.24939865145245,
  "max_throughput": 431.86044021590635,
  "min_throughput": 36.33295113432834,
  "avg_occupancy": 0.10119872068861416,
  "max_occupancy": 0.17617353123715693,
  "min_occupancy": 0.020875374017117806,
  "avg_metering_rate": 824.3452128767967,
  "max_metering_rate": 3239.9999141693115,
  "min_metering_rate": 360.00000536441803,
  "total_reward": 236.84999480266168,
  "episode_steps": 240
}