{
  "avg_reward": 0.961886692087513,
  "max_reward": 2.302198713517483,
  "min_reward": 0.6308322475891779,
  "avg_mainline_speed": 11.359582624271464,
  "max_mainline_speed": 23.225961405524497,
  "min_mainline_speed": 7.814911161764758,
  "avg_bottleneck_speed": 12.35467875890262,
  "max_bottleneck_speed": 30.56,
  "min_bottleneck_speed": 7.7549633960257855,
  "avg_ramp_queue": 2.875,
  "max_ramp_queue": 11.0,
  "min_ramp_queue": 0.0,
  "avg_throughput": 349.3169619549411,
  "max_throughput": 426.46844005717617,
  "min_throughput": 68.46307373258796,
  "avg_occupancy": 0.09923620580051082,
  "max_occupancy": 0.1348108835476097,
  "min_occupancy": 0.027833832022823742,
  "avg_metering_rate": 830.7597897201777,
  "max_metering_rate": 3239.9999141693115,
  "min_metering_rate": 360.00000536441803,
  "total_reward": 230.85280610100313,
  "episode_steps": 240
}