{
  "avg_reward": -0.30188693171733316,
  "max_reward": -0.03378680579835963,
  "min_reward": -1.193909167821314,
  "avg_mainline_speed": 8.262374562589857,
  "max_mainline_speed": 21.907368795528452,
  "min_mainline_speed": 5.241441393135247,
  "avg_bottleneck_speed": 11.579260843459702,
  "max_bottleneck_speed": 30.56,
  "min_bottleneck_speed": 6.262198676265307,
  "avg_ramp_queue": 0.49583333333333335,
  "max_ramp_queue": 4.0,
  "min_ramp_queue": 0.0,
  "avg_throughput": 365.05549152188956,
  "max_throughput": 446.6526789842251,
  "min_throughput": 95.74900000627579,
  "avg_occupancy": 0.15103073091723693,
  "max_occupancy": 0.20049601158688923,
  "min_occupancy": 0.03456938235946593,
  "avg_metering_rate": 2205.318548306823,
  "max_metering_rate": 3239.9999141693115,
  "min_metering_rate": 360.00000536441803,
  "total_reward": -72.45286361215996,
  "episode_steps": 240
}