{
  "avg_reward": -8.823930555555556,
  "max_reward": -1.8,
  "min_reward": -11.106666666666666,
  "avg_mainline_speed": 10.24348753171971,
  "max_mainline_speed": 23.890745119325263,
  "min_mainline_speed": 6.851640768509486,
  "avg_merge_speed": 10.941817613863236,
  "max_merge_speed": 30.56,
  "min_merge_speed": 4.198437622805295,
  "avg_bottleneck_speed": 12.114025551437729,
  "max_bottleneck_speed": 30.56,
  "min_bottleneck_speed": 7.556350544069588,
  "avg_ramp_queue": 1.2458333333333333,
  "max_ramp_queue": 5.0,
  "min_ramp_queue": 0.0,
  "avg_throughput": 367.5349671074615,
  "max_throughput": 447.56840436171456,
  "min_throughput": 84.41788286380638,
  "avg_occupancy": 0.11508313486182399,
  "max_occupancy": 0.15781711818899213,
  "min_occupancy": 0.027833832022823742,
  "avg_metering_rate": 401.73498565951985,
  "max_metering_rate": 1200.0,
  "min_metering_rate": 200.0,
  "total_reward": -2117.7433333333333,
  "episode_steps": 240
}