{
  "avg_reward": -0.2987966134030768,
  "max_reward": -0.04999323214049878,
  "min_reward": -0.9219580740198409,
  "avg_mainline_speed": 8.295773946943791,
  "max_mainline_speed": 24.630981461165067,
  "min_mainline_speed": 5.909173693192663,
  "avg_bottleneck_speed": 11.777949129394555,
  "max_bottleneck_speed": 30.56,
  "min_bottleneck_speed": 7.497236850758303,
  "avg_ramp_queue": 0.475,
  "max_ramp_queue": 5.0,
  "min_ramp_queue": 0.0,
  "avg_throughput": 369.97130085307225,
  "max_throughput": 441.7640231349462,
  "min_throughput": 202.9209698728333,
  "avg_occupancy": 0.15094505029168678,
  "max_occupancy": 0.18835819210900331,
  "min_occupancy": 0.04152784036517186,
  "avg_metering_rate": 2167.372760027647,
  "max_metering_rate": 3239.9999141693115,
  "min_metering_rate": 360.00000536441803,
  "total_reward": -71.71118721673842,
  "episode_steps": 240
}