{
  "avg_reward": 0.9536663845903471,
  "max_reward": 2.303803252502156,
  "min_reward": 0.6166336472663811,
  "avg_mainline_speed": 10.948946561103874,
  "max_mainline_speed": 23.274097575064676,
  "min_mainline_speed": 7.29106045785943,
  "avg_bottleneck_speed": 12.21502998440436,
  "max_bottleneck_speed": 30.56,
  "min_bottleneck_speed": 7.703794598651968,
  "avg_ramp_queue": 1.8375,
  "max_ramp_queue": 9.0,
  "min_ramp_queue": 0.0,
  "avg_throughput": 356.03966213611176,
  "max_throughput": 436.75868374519945,
  "min_throughput": 69.61834180155223,
  "avg_occupancy": 0.10396741587402354,
  "max_occupancy": 0.1502990756066737,
  "min_occupancy": 0.027833832022823742,
  "avg_metering_rate": 1041.8293567746878,
  "max_metering_rate": 3239.9999141693115,
  "min_metering_rate": 360.00000536441803,
  "total_reward": 228.8799323016833,
  "episode_steps": 240
}