{
  "avg_reward": 0.9568159074024949,
  "max_reward": 2.2867495881652373,
  "min_reward": 0.5993249816029347,
  "avg_mainline_speed": 10.635295638048655,
  "max_mainline_speed": 22.76248764495712,
  "min_mainline_speed": 6.688641979480425,
  "avg_merge_speed": 11.445975203161845,
  "max_merge_speed": 30.56,
  "min_merge_speed": 6.00607071979582,
  "avg_bottleneck_speed": 12.362787722684125,
  "max_bottleneck_speed": 30.56,
  "min_bottleneck_speed": 7.860738312405078,
  "avg_ramp_queue": 0.95,
  "max_ramp_queue": 5.0,
  "min_ramp_queue": 0.0,
  "avg_throughput": 366.4699057588708,
  "max_throughput": 441.812441884283,
  "min_throughput": 43.004777609228185,
  "avg_occupancy": 0.10904707924211647,
  "max_occupancy": 0.15473228108712708,
  "min_occupancy": 0.020875374017117806,
  "avg_metering_rate": 689.3056841567159,
  "max_metering_rate": 1200.0,
  "min_metering_rate": 200.0,
  "total_reward": 229.63581777659877,
  "episode_steps": 240
}