{
  "avg_reward": 0.9411654191467105,
  "max_reward": 2.2785521325682736,
  "min_reward": 0.4882144287718135,
  "avg_mainline_speed": 11.056316760697932,
  "max_mainline_speed": 22.516563977048207,
  "min_mainline_speed": 6.672797570394153,
  "avg_bottleneck_speed": 12.08543054246892,
  "max_bottleneck_speed": 30.56,
  "min_bottleneck_speed": 6.199835639886144,
  "avg_ramp_queue": 2.6375,
  "max_ramp_queue": 9.0,
  "min_ramp_queue": 0.0,
  "avg_throughput": 350.748623027518,
  "max_throughput": 423.21718227524565,
  "min_throughput": 103.32915669179131,
  "avg_occupancy": 0.10297441125912972,
  "max_occupancy": 0.15619441870420045,
  "min_occupancy": 0.03109015335661296,
  "avg_metering_rate": 923.9357658103108,
  "max_metering_rate": 3239.9999141693115,
  "min_metering_rate": 360.00000536441803,
  "total_reward": 225.87970059521052,
  "episode_steps": 240
}