{
  "avg_reward": -8.992055555555556,
  "max_reward": -1.8,
  "min_reward": -12.15,
  "avg_mainline_speed": 9.89301281993257,
  "max_mainline_speed": 22.908057628574046,
  "min_mainline_speed": 6.0565016850404945,
  "avg_merge_speed": 10.57241471737603,
  "max_merge_speed": 30.56,
  "min_merge_speed": 5.323257972791546,
  "avg_bottleneck_speed": 11.63772984703869,
  "max_bottleneck_speed": 30.56,
  "min_bottleneck_speed": 6.620148056775965,
  "avg_ramp_queue": 1.2458333333333333,
  "max_ramp_queue": 4.0,
  "min_ramp_queue": 0.0,
  "avg_throughput": 366.34338009166146,
  "max_throughput": 437.0585438647981,
  "min_throughput": 68.43755597149934,
  "avg_occupancy": 0.11876470502149399,
  "max_occupancy": 0.18038878311205933,
  "min_occupancy": 0.03131306102567671,
  "avg_metering_rate": 410.1998793582122,
  "max_metering_rate": 1200.0,
  "min_metering_rate": 200.0,
  "total_reward": -2158.0933333333332,
  "episode_steps": 240
}