{
  "avg_reward": -8.755083333333335,
  "max_reward": -1.2,
  "min_reward": -10.95,
  "avg_mainline_speed": 10.180441855129283,
  "max_mainline_speed": 22.352718779781355,
  "min_mainline_speed": 6.938937063240093,
  "avg_merge_speed": 10.795810712211127,
  "max_merge_speed": 30.56,
  "min_merge_speed": 5.8843627440614314,
  "avg_bottleneck_speed": 11.930485771660813,
  "max_bottleneck_speed": 30.56,
  "min_bottleneck_speed": 6.4269195991194135,
  "avg_ramp_queue": 1.325,
  "max_ramp_queue": 7.0,
  "min_ramp_queue": 0.0,
  "avg_throughput": 362.4814310577243,
  "max_throughput": 444.0931989721947,
  "min_throughput": 35.62893803606443,
  "avg_occupancy": 0.11392727204781584,
  "max_occupancy": 0.15465270751812274,
  "min_occupancy": 0.020875374017117806,
  "avg_metering_rate": 440.40335187067586,
  "max_metering_rate": 1200.0,
  "min_metering_rate": 200.0,
  "total_reward": -2101.2200000000003,
  "episode_steps": 240
}