{
  "avg_reward": 0.9735914986789579,
  "max_reward": 2.340510527191926,
  "min_reward": 0.6593498338970671,
  "avg_mainline_speed": 11.24934392244933,
  "max_mainline_speed": 24.375315815757784,
  "min_mainline_speed": 7.9135312459605744,
  "avg_bottleneck_speed": 12.530267358612937,
  "max_bottleneck_speed": 30.56,
  "min_bottleneck_speed": 8.097719235635234,
  "avg_ramp_queue": 2.325,
  "max_ramp_queue": 10.0,
  "min_ramp_queue": 0.0,
  "avg_throughput": 356.9712201474613,
  "max_throughput": 435.9303536767941,
  "min_throughput": 132.06542192000686,
  "avg_occupancy": 0.101726541777027,
  "max_occupancy": 0.13910385392109012,
  "min_occupancy": 0.03827151903138264,
  "avg_metering_rate": 922.101819254458,
  "max_metering_rate": 3239.9999141693115,
  "min_metering_rate": 360.00000536441803,
  "total_reward": 233.66195968294988,
  "episode_steps": 240
}