{
  "avg_reward": 0.9469323784666721,
  "max_reward": 2.2849957441217796,
  "min_reward": 0.5740289452808616,
  "avg_mainline_speed": 10.285937213115245,
  "max_mainline_speed": 22.709872323653382,
  "min_mainline_speed": 6.998237240832123,
  "avg_merge_speed": 10.763323414708726,
  "max_merge_speed": 27.212670628797884,
  "min_merge_speed": 5.943821350637274,
  "avg_bottleneck_speed": 12.375800538367722,
  "max_bottleneck_speed": 30.56,
  "min_bottleneck_speed": 7.055790981593284,
  "avg_ramp_queue": 0.8833333333333333,
  "max_ramp_queue": 4.0,
  "min_ramp_queue": 0.0,
  "avg_throughput": 374.7868619191291,
  "max_throughput": 450.1982877428457,
  "min_throughput": 120.42518770825822,
  "avg_occupancy": 0.11547183647682589,
  "max_occupancy": 0.1584061463720278,
  "min_occupancy": 0.03456938235946593,
  "avg_metering_rate": 749.9332791815201,
  "max_metering_rate": 1200.0,
  "min_metering_rate": 200.0,
  "total_reward": 227.2637708320013,
  "episode_steps": 240
}