{
  "avg_reward": 0.9846139698433257,
  "max_reward": 2.321771953911089,
  "min_reward": 0.5520519194861779,
  "avg_mainline_speed": 11.326532071483886,
  "max_mainline_speed": 23.813158617332657,
  "min_mainline_speed": 7.085871661096962,
  "avg_bottleneck_speed": 12.622258015877259,
  "max_bottleneck_speed": 30.56,
  "min_bottleneck_speed": 6.404890429398747,
  "avg_ramp_queue": 2.004166666666667,
  "max_ramp_queue": 10.0,
  "min_ramp_queue": 0.0,
  "avg_throughput": 356.2697411811465,
  "max_throughput": 433.54008898194684,
  "min_throughput": 121.25709523252006,
  "avg_occupancy": 0.1013797395211674,
  "max_occupancy": 0.14928632811113532,
  "min_occupancy": 0.025544045004717426,
  "avg_metering_rate": 1087.1467306092381,
  "max_metering_rate": 3239.9999141693115,
  "min_metering_rate": 360.00000536441803,
  "total_reward": 236.30735276239818,
  "episode_steps": 240
}