{
  "avg_reward": 0.9036390188584434,
  "max_reward": 2.290498276405117,
  "min_reward": 0.47172630618147454,
  "avg_mainline_speed": 10.382779017865115,
  "max_mainline_speed": 22.874948292153515,
  "min_mainline_speed": 6.463697174298894,
  "avg_bottleneck_speed": 11.711927698592124,
  "max_bottleneck_speed": 30.56,
  "min_bottleneck_speed": 5.8453946740968945,
  "avg_ramp_queue": 2.3375,
  "max_ramp_queue": 10.0,
  "min_ramp_queue": 0.0,
  "avg_throughput": 359.6723399643816,
  "max_throughput": 444.9996328282624,
  "min_throughput": 103.10236444089988,
  "avg_occupancy": 0.11186360455948843,
  "max_occupancy": 0.16808961252192636,
  "min_occupancy": 0.027610924353759992,
  "avg_metering_rate": 1046.7178151383996,
  "max_metering_rate": 3239.9999141693115,
  "min_metering_rate": 360.00000536441803,
  "total_reward": 216.87336452602642,
  "episode_steps": 240
}