{
  "avg_reward": -0.27819948754207896,
  "max_reward": -0.04070499813459405,
  "min_reward": -1.252742757320601,
  "avg_mainline_speed": 8.259219621586677,
  "max_mainline_speed": 22.213182304536833,
  "min_mainline_speed": 5.751584737152757,
  "avg_bottleneck_speed": 11.021900082477574,
  "max_bottleneck_speed": 30.56,
  "min_bottleneck_speed": 7.329045721003668,
  "avg_ramp_queue": 0.5666666666666667,
  "max_ramp_queue": 6.0,
  "min_ramp_queue": 0.0,
  "avg_throughput": 364.595642479025,
  "max_throughput": 439.92587402324097,
  "min_throughput": 44.156375308884016,
  "avg_occupancy": 0.1460141106896426,
  "max_occupancy": 0.1820691553950168,
  "min_occupancy": 0.027833832022823742,
  "avg_metering_rate": 2117.7894097566605,
  "max_metering_rate": 3239.9999141693115,
  "min_metering_rate": 360.00000536441803,
  "total_reward": -66.76787701009896,
  "episode_steps": 240
}