{
  "avg_reward": 0.9789910655487334,
  "max_reward": 2.3272486312015905,
  "min_reward": 0.563155558588471,
  "avg_mainline_speed": 11.090004264527378,
  "max_mainline_speed": 23.977458936047707,
  "min_mainline_speed": 7.039515242807279,
  "avg_merge_speed": 12.040851053689124,
  "max_merge_speed": 30.56,
  "min_merge_speed": 6.502729842494454,
  "avg_bottleneck_speed": 12.633707356845305,
  "max_bottleneck_speed": 30.56,
  "min_bottleneck_speed": 6.903434343231236,
  "avg_ramp_queue": 1.3416666666666666,
  "max_ramp_queue": 5.0,
  "min_ramp_queue": 0.0,
  "avg_throughput": 367.5537704582991,
  "max_throughput": 443.34446245583877,
  "min_throughput": 108.12376808143122,
  "avg_occupancy": 0.10448212812624999,
  "max_occupancy": 0.15585774179665166,
  "min_occupancy": 0.034792290028529675,
  "avg_metering_rate": 555.092101994281,
  "max_metering_rate": 1200.0,
  "min_metering_rate": 200.0,
  "total_reward": 234.95785573169601,
  "episode_steps": 240
}