{
  "avg_reward": 0.864246689225876,
  "max_reward": 2.3055627741116034,
  "min_reward": 0.5220769752840666,
  "avg_mainline_speed": 9.625012947512381,
  "max_mainline_speed": 23.3268832233481,
  "min_mainline_speed": 6.621863157778605,
  "avg_merge_speed": 10.201100588045684,
  "max_merge_speed": 30.56,
  "min_merge_speed": 5.433181573880821,
  "avg_bottleneck_speed": 11.190480708398157,
  "max_bottleneck_speed": 30.56,
  "min_bottleneck_speed": 6.404096700145706,
  "avg_ramp_queue": 0.9666666666666667,
  "max_ramp_queue": 6.0,
  "min_ramp_queue": 0.0,
  "avg_throughput": 365.6275362271939,
  "max_throughput": 440.69208044624634,
  "min_throughput": 70.88519736035437,
  "avg_occupancy": 0.12067758988226591,
  "max_occupancy": 0.17274572567144353,
  "min_occupancy": 0.027833832022823742,
  "avg_metering_rate": 776.471147313714,
  "max_metering_rate": 1200.0,
  "min_metering_rate": 200.0,
  "total_reward": 207.41920541421024,
  "episode_steps": 240
}