{
  "avg_reward": 0.9626334296721131,
  "max_reward": 2.2802477631405496,
  "min_reward": 0.4799473275309453,
  "avg_mainline_speed": 11.103052037806268,
  "max_mainline_speed": 22.567432894216484,
  "min_mainline_speed": 6.0123466278016595,
  "avg_bottleneck_speed": 12.369633901571413,
  "max_bottleneck_speed": 30.56,
  "min_bottleneck_speed": 6.053824747804384,
  "avg_ramp_queue": 2.1625,
  "max_ramp_queue": 11.0,
  "min_ramp_queue": 0.0,
  "avg_throughput": 353.34337667136555,
  "max_throughput": 434.634047105343,
  "min_throughput": 104.63031340679147,
  "avg_occupancy": 0.10355882288302058,
  "max_occupancy": 0.16929516919459653,
  "min_occupancy": 0.03109015335661296,
  "avg_metering_rate": 916.8007622659206,
  "max_metering_rate": 3239.9999141693115,
  "min_metering_rate": 360.00000536441803,
  "total_reward": 231.03202312130713,
  "episode_steps": 240
}