{
  "avg_reward": -9.519749999999998,
  "max_reward": -1.95,
  "min_reward": -11.726666666666667,
  "avg_mainline_speed": 9.014011428913479,
  "max_mainline_speed": 23.674004070573034,
  "min_mainline_speed": 5.911312139460197,
  "avg_merge_speed": 9.057699565962995,
  "max_merge_speed": 30.56,
  "min_merge_speed": 4.2944326731317854,
  "avg_bottleneck_speed": 11.202150347806135,
  "max_bottleneck_speed": 30.56,
  "min_bottleneck_speed": 6.633717290842759,
  "avg_ramp_queue": 1.0875,
  "max_ramp_queue": 4.0,
  "min_ramp_queue": 0.0,
  "avg_throughput": 372.004294842044,
  "max_throughput": 437.90797896769647,
  "min_throughput": 89.11810990547195,
  "avg_occupancy": 0.13090618377090962,
  "max_occupancy": 0.1754470932365266,
  "min_occupancy": 0.03131306102567671,
  "avg_metering_rate": 340.17840462426346,
  "max_metering_rate": 1200.0,
  "min_metering_rate": 200.0,
  "total_reward": -2284.74,
  "episode_steps": 240
}