{
  "avg_reward": 0.9627371466154276,
  "max_reward": 2.285324857016395,
  "min_reward": 0.5533233150520014,
  "avg_mainline_speed": 11.309843084774938,
  "max_mainline_speed": 22.719745710491846,
  "min_mainline_speed": 6.742226168763447,
  "avg_bottleneck_speed": 12.380847542458593,
  "max_bottleneck_speed": 30.56,
  "min_bottleneck_speed": 6.829486162114675,
  "avg_ramp_queue": 2.775,
  "max_ramp_queue": 12.0,
  "min_ramp_queue": 0.0,
  "avg_throughput": 349.5022683885267,
  "max_throughput": 429.08185492835025,
  "min_throughput": 56.313897051804254,
  "avg_occupancy": 0.10058035417551678,
  "max_occupancy": 0.1523344005652826,
  "min_occupancy": 0.027833832022823742,
  "avg_metering_rate": 732.4058983102441,
  "max_metering_rate": 3239.9999141693115,
  "min_metering_rate": 360.00000536441803,
  "total_reward": 231.05691518770263,
  "episode_steps": 240
}