{
  "avg_reward": 1.0214329876799224,
  "max_reward": 2.30674057100073,
  "min_reward": 0.6368071351198923,
  "avg_mainline_speed": 11.78371753542577,
  "max_mainline_speed": 23.3622171300219,
  "min_mainline_speed": 8.085209893582043,
  "avg_bottleneck_speed": 13.149848063314604,
  "max_bottleneck_speed": 30.56,
  "min_bottleneck_speed": 7.993307639601777,
  "avg_ramp_queue": 2.404166666666667,
  "max_ramp_queue": 14.0,
  "min_ramp_queue": 0.0,
  "avg_throughput": 355.1001603842781,
  "max_throughput": 445.7676658978725,
  "min_throughput": 71.7332111205256,
  "avg_occupancy": 0.09847179744746695,
  "max_occupancy": 0.13634399539568112,
  "min_occupancy": 0.027833832022823742,
  "avg_metering_rate": 995.2159083634615,
  "max_metering_rate": 3239.9999141693115,
  "min_metering_rate": 360.00000536441803,
  "total_reward": 245.1439170431814,
  "episode_steps": 240
}