{
  "avg_reward": 0.962730185844378,
  "max_reward": 2.3214447296948153,
  "min_reward": 0.6327837487345707,
  "avg_mainline_speed": 10.914141127130597,
  "max_mainline_speed": 23.80334189084446,
  "min_mainline_speed": 7.251162664301286,
  "avg_merge_speed": 11.79879999561763,
  "max_merge_speed": 30.56,
  "min_merge_speed": 6.458887398019362,
  "avg_bottleneck_speed": 12.395176298800495,
  "max_bottleneck_speed": 30.56,
  "min_bottleneck_speed": 8.473617713435104,
  "avg_ramp_queue": 1.25,
  "max_ramp_queue": 8.0,
  "min_ramp_queue": 0.0,
  "avg_throughput": 368.2702965463179,
  "max_throughput": 440.19004235260985,
  "min_throughput": 72.03017970773368,
  "avg_occupancy": 0.10596807879474829,
  "max_occupancy": 0.14543371537632077,
  "min_occupancy": 0.024354603019970774,
  "avg_metering_rate": 678.8889740904173,
  "max_metering_rate": 1200.0,
  "min_metering_rate": 200.0,
  "total_reward": 231.0552446026507,
  "episode_steps": 240
}