{
  "avg_reward": -9.156722222222221,
  "max_reward": -1.65,
  "min_reward": -11.55,
  "avg_mainline_speed": 9.628034212898152,
  "max_mainline_speed": 23.63245797818256,
  "min_mainline_speed": 6.713194320693145,
  "avg_merge_speed": 10.157173518893744,
  "max_merge_speed": 30.56,
  "min_merge_speed": 5.45096802577072,
  "avg_bottleneck_speed": 11.48348384993364,
  "max_bottleneck_speed": 30.56,
  "min_bottleneck_speed": 6.7641011670796845,
  "avg_ramp_queue": 1.3833333333333333,
  "max_ramp_queue": 6.0,
  "min_ramp_queue": 0.0,
  "avg_throughput": 366.66090190645446,
  "max_throughput": 438.9020921732698,
  "min_throughput": 78.21899147638155,
  "avg_occupancy": 0.1223483656322792,
  "max_occupancy": 0.16973570194744583,
  "min_occupancy": 0.027833832022823742,
  "avg_metering_rate": 361.5139702955882,
  "max_metering_rate": 1200.0,
  "min_metering_rate": 200.0,
  "total_reward": -2197.6133333333332,
  "episode_steps": 240
}