{
  "avg_reward": 0.9115315697329727,
  "max_reward": 2.3086251430007505,
  "min_reward": 0.49393075925658175,
  "avg_mainline_speed": 10.035634603156772,
  "max_mainline_speed": 23.418754290022516,
  "min_mainline_speed": 5.964565725129742,
  "avg_merge_speed": 10.757777334688793,
  "max_merge_speed": 30.56,
  "min_merge_speed": 4.042724820665582,
  "avg_bottleneck_speed": 11.924930548110497,
  "max_bottleneck_speed": 30.56,
  "min_bottleneck_speed": 6.208542805645061,
  "avg_ramp_queue": 1.1541666666666666,
  "max_ramp_queue": 7.0,
  "min_ramp_queue": 0.0,
  "avg_throughput": 365.30949987973275,
  "max_throughput": 438.31151160680434,
  "min_throughput": 91.36262870067547,
  "avg_occupancy": 0.11837655942317454,
  "max_occupancy": 0.17147310575824914,
  "min_occupancy": 0.034792290028529675,
  "avg_metering_rate": 654.477378167212,
  "max_metering_rate": 1200.0,
  "min_metering_rate": 200.0,
  "total_reward": 218.76757673591345,
  "episode_steps": 240
}