{
  "avg_reward": 0.9231347720221224,
  "max_reward": 2.319560656925755,
  "min_reward": 0.5885804504372313,
  "avg_mainline_speed": 10.368298408631604,
  "max_mainline_speed": 23.746819707772655,
  "min_mainline_speed": 6.976232117952512,
  "avg_merge_speed": 11.073751847494945,
  "max_merge_speed": 30.56,
  "min_merge_speed": 5.336323864372574,
  "avg_bottleneck_speed": 11.896329834688043,
  "max_bottleneck_speed": 30.56,
  "min_bottleneck_speed": 7.120787596776284,
  "avg_ramp_queue": 1.0375,
  "max_ramp_queue": 5.0,
  "min_ramp_queue": 0.0,
  "avg_throughput": 365.5297650932177,
  "max_throughput": 429.5541535015291,
  "min_throughput": 80.96367298654366,
  "avg_occupancy": 0.1116092360503088,
  "max_occupancy": 0.14864783787565142,
  "min_occupancy": 0.027833832022823742,
  "avg_metering_rate": 730.5363479691247,
  "max_metering_rate": 1200.0,
  "min_metering_rate": 200.0,
  "total_reward": 221.55234528530937,
  "episode_steps": 240
}