{
  "avg_reward": 0.8968719520404712,
  "max_reward": 2.295062465287183,
  "min_reward": 0.5959271079613119,
  "avg_mainline_speed": 9.603110219498156,
  "max_mainline_speed": 23.011873958615492,
  "min_mainline_speed": 6.113910720062641,
  "avg_merge_speed": 10.00085218449877,
  "max_merge_speed": 30.56,
  "min_merge_speed": 5.2638787274521155,
  "avg_bottleneck_speed": 11.84369889447732,
  "max_bottleneck_speed": 30.56,
  "min_bottleneck_speed": 7.797202891729997,
  "avg_ramp_queue": 0.925,
  "max_ramp_queue": 5.0,
  "min_ramp_queue": 0.0,
  "avg_throughput": 368.60673722237055,
  "max_throughput": 446.19315704779154,
  "min_throughput": 71.24059688261823,
  "avg_occupancy": 0.12508438800106242,
  "max_occupancy": 0.17737742503115864,
  "min_occupancy": 0.03131306102567671,
  "avg_metering_rate": 743.4869954983393,
  "max_metering_rate": 1200.0,
  "min_metering_rate": 200.0,
  "total_reward": 215.2492684897131,
  "episode_steps": 240
}