{
  "avg_reward": 0.9831809426985444,
  "max_reward": 2.297909969057345,
  "min_reward": 0.6109373881844002,
  "avg_mainline_speed": 11.318691792059376,
  "max_mainline_speed": 23.097299071720343,
  "min_mainline_speed": 7.393004342402776,
  "avg_bottleneck_speed": 12.653824325931307,
  "max_bottleneck_speed": 30.56,
  "min_bottleneck_speed": 7.131023240554927,
  "avg_ramp_queue": 2.2333333333333334,
  "max_ramp_queue": 10.0,
  "min_ramp_queue": 0.0,
  "avg_throughput": 354.5281075796235,
  "max_throughput": 437.6944880030846,
  "min_throughput": 65.3751777212883,
  "avg_occupancy": 0.10186189950067126,
  "max_occupancy": 0.14250041036185232,
  "min_occupancy": 0.027833832022823742,
  "avg_metering_rate": 906.3739519938827,
  "max_metering_rate": 3239.9999141693115,
  "min_metering_rate": 360.00000536441803,
  "total_reward": 235.96342624765066,
  "episode_steps": 240
}