{
  "avg_reward": -0.2868704730396871,
  "max_reward": -0.056701123172999246,
  "min_reward": -0.7660955608716682,
  "avg_mainline_speed": 8.546307301908875,
  "max_mainline_speed": 24.52274133538441,
  "min_mainline_speed": 6.070338581149041,
  "avg_bottleneck_speed": 11.498094857085148,
  "max_bottleneck_speed": 30.56,
  "min_bottleneck_speed": 8.064699739940188,
  "avg_ramp_queue": 0.6041666666666666,
  "max_ramp_queue": 6.0,
  "min_ramp_queue": 0.0,
  "avg_throughput": 370.75742744471046,
  "max_throughput": 441.14570836144367,
  "min_throughput": 196.7067775002462,
  "avg_occupancy": 0.14404147428748865,
  "max_occupancy": 0.1747764589541044,
  "min_occupancy": 0.04152784036517186,
  "avg_metering_rate": 2090.6662199646235,
  "max_metering_rate": 3239.9999141693115,
  "min_metering_rate": 360.00000536441803,
  "total_reward": -68.8489135295249,
  "episode_steps": 240
}