{
  "avg_reward": 1.0033405968555227,
  "max_reward": 2.296442254191669,
  "min_reward": 0.5410735670567421,
  "avg_mainline_speed": 11.6927305038174,
  "max_mainline_speed": 23.053267625750063,
  "min_mainline_speed": 7.681358653946764,
  "avg_bottleneck_speed": 12.954658267898854,
  "max_bottleneck_speed": 30.56,
  "min_bottleneck_speed": 7.582084194189843,
  "avg_ramp_queue": 2.845833333333333,
  "max_ramp_queue": 11.0,
  "min_ramp_queue": 0.0,
  "avg_throughput": 351.217692470181,
  "max_throughput": 428.0046885743406,
  "min_throughput": 48.23881726350116,
  "avg_occupancy": 0.0978224071931406,
  "max_occupancy": 0.13996345317052647,
  "min_occupancy": 0.020875374017117806,
  "avg_metering_rate": 810.9338146448135,
  "max_metering_rate": 3239.9999141693115,
  "min_metering_rate": 360.00000536441803,
  "total_reward": 240.80174324532544,
  "episode_steps": 240
}