{
  "avg_reward": 0.9536274661751569,
  "max_reward": 2.237849527116932,
  "min_reward": 0.5555690259215816,
  "avg_mainline_speed": 11.201369979469321,
  "max_mainline_speed": 21.70143103228617,
  "min_mainline_speed": 6.4287454331849725,
  "avg_bottleneck_speed": 12.222969337190259,
  "max_bottleneck_speed": 30.56,
  "min_bottleneck_speed": 7.0655502296416515,
  "avg_ramp_queue": 2.575,
  "max_ramp_queue": 10.0,
  "min_ramp_queue": 0.0,
  "avg_throughput": 353.56287529553424,
  "max_throughput": 443.17070716852527,
  "min_throughput": 68.05453254912548,
  "avg_occupancy": 0.10179525821056631,
  "max_occupancy": 0.15151430598928298,
  "min_occupancy": 0.027610924353759992,
  "avg_metering_rate": 846.860386133194,
  "max_metering_rate": 3239.9999141693115,
  "min_metering_rate": 360.00000536441803,
  "total_reward": 228.87059188203767,
  "episode_steps": 240
}