{
  "avg_reward": -0.2925033572376963,
  "max_reward": -0.020140075108093403,
  "min_reward": -0.9640013161065563,
  "avg_mainline_speed": 8.339922659430005,
  "max_mainline_speed": 23.12929480671268,
  "min_mainline_speed": 5.738135585012706,
  "avg_bottleneck_speed": 11.559739740971548,
  "max_bottleneck_speed": 30.56,
  "min_bottleneck_speed": 6.611715029038987,
  "avg_ramp_queue": 0.4791666666666667,
  "max_ramp_queue": 4.0,
  "min_ramp_queue": 0.0,
  "avg_throughput": 368.33550452830747,
  "max_throughput": 438.7080700791837,
  "min_throughput": 82.6788442013804,
  "avg_occupancy": 0.1511023274395336,
  "max_occupancy": 0.18709270965441982,
  "min_occupancy": 0.034792290028529675,
  "avg_metering_rate": 2194.343108162284,
  "max_metering_rate": 3239.9999141693115,
  "min_metering_rate": 360.00000536441803,
  "total_reward": -70.20080573704712,
  "episode_steps": 240
}