{
  "avg_reward": -0.2791022038040179,
  "max_reward": -0.0240813973100944,
  "min_reward": -0.8215405920459369,
  "avg_mainline_speed": 8.366701780842723,
  "max_mainline_speed": 24.63072823608682,
  "min_mainline_speed": 5.537745270883367,
  "avg_bottleneck_speed": 11.478298385704452,
  "max_bottleneck_speed": 30.56,
  "min_bottleneck_speed": 6.503573961095705,
  "avg_ramp_queue": 0.4583333333333333,
  "max_ramp_queue": 5.0,
  "min_ramp_queue": 0.0,
  "avg_throughput": 371.9793990789523,
  "max_throughput": 431.2634368172768,
  "min_throughput": 153.26621649912556,
  "avg_occupancy": 0.14986756646634591,
  "max_occupancy": 0.1831204532541224,
  "min_occupancy": 0.04175074803423561,
  "avg_metering_rate": 2157.3473246768117,
  "max_metering_rate": 3239.9999141693115,
  "min_metering_rate": 360.00000536441803,
  "total_reward": -66.9845289129643,
  "episode_steps": 240
}