{
  "avg_reward": -0.28974927211696866,
  "max_reward": -0.07516464028097425,
  "min_reward": -0.941111589256743,
  "avg_mainline_speed": 8.654173670677174,
  "max_mainline_speed": 24.05600468222021,
  "min_mainline_speed": 5.863057837700585,
  "avg_bottleneck_speed": 11.850411499405242,
  "max_bottleneck_speed": 30.56,
  "min_bottleneck_speed": 8.293986805237619,
  "avg_ramp_queue": 0.39166666666666666,
  "max_ramp_queue": 4.0,
  "min_ramp_queue": 0.0,
  "avg_throughput": 372.8703402335267,
  "max_throughput": 445.8207803572777,
  "min_throughput": 172.04609633178165,
  "avg_occupancy": 0.1444890632507226,
  "max_occupancy": 0.18049613508215548,
  "min_occupancy": 0.03710271246165259,
  "avg_metering_rate": 2140.9304036200047,
  "max_metering_rate": 3239.9999141693115,
  "min_metering_rate": 360.00000536441803,
  "total_reward": -69.53982530807248,
  "episode_steps": 240
}