{
  "avg_reward": -0.2927704929166878,
  "max_reward": -0.05278975672396741,
  "min_reward": -0.98479460199279,
  "avg_mainline_speed": 8.690708597124203,
  "max_mainline_speed": 24.094679073865702,
  "min_mainline_speed": 5.786303540061307,
  "avg_bottleneck_speed": 11.975977851324853,
  "max_bottleneck_speed": 30.56,
  "min_bottleneck_speed": 7.404889120230993,
  "avg_ramp_queue": 0.4,
  "max_ramp_queue": 4.0,
  "min_ramp_queue": 0.0,
  "avg_throughput": 372.47618596643406,
  "max_throughput": 443.19052662557056,
  "min_throughput": 185.6252383294614,
  "avg_occupancy": 0.14606659448515852,
  "max_occupancy": 0.18879442250353484,
  "min_occupancy": 0.04152784036517186,
  "avg_metering_rate": 2236.908810250461,
  "max_metering_rate": 3239.9999141693115,
  "min_metering_rate": 360.00000536441803,
  "total_reward": -70.26491830000506,
  "episode_steps": 240
}