{
  "avg_reward": 0.9797921042703618,
  "max_reward": 2.296236257852275,
  "min_reward": 0.6637082686998299,
  "avg_mainline_speed": 11.0094677058108,
  "max_mainline_speed": 23.047087735568244,
  "min_mainline_speed": 7.82750668490296,
  "avg_merge_speed": 11.947901114595952,
  "max_merge_speed": 30.56,
  "min_merge_speed": 6.039541104796612,
  "avg_bottleneck_speed": 12.618696948200038,
  "max_bottleneck_speed": 30.56,
  "min_bottleneck_speed": 8.099043107853271,
  "avg_ramp_queue": 1.0875,
  "max_ramp_queue": 6.0,
  "min_ramp_queue": 0.0,
  "avg_throughput": 369.59890150078473,
  "max_throughput": 438.2817985235792,
  "min_throughput": 56.148842446933166,
  "avg_occupancy": 0.10579747419750117,
  "max_occupancy": 0.13503379121667347,
  "min_occupancy": 0.024354603019970774,
  "avg_metering_rate": 595.7401715529462,
  "max_metering_rate": 1200.0,
  "min_metering_rate": 200.0,
  "total_reward": 235.15010502488684,
  "episode_steps": 240
}