{
  "avg_reward": 0.9538572093156967,
  "max_reward": 2.359269340945673,
  "min_reward": 0.5829375345544402,
  "avg_mainline_speed": 11.25882057689076,
  "max_mainline_speed": 24.93808022837018,
  "min_mainline_speed": 8.352254416659434,
  "avg_bottleneck_speed": 12.148263801720097,
  "max_bottleneck_speed": 30.56,
  "min_bottleneck_speed": 6.552149906538362,
  "avg_ramp_queue": 2.404166666666667,
  "max_ramp_queue": 9.0,
  "min_ramp_queue": 0.0,
  "avg_throughput": 355.3764216823267,
  "max_throughput": 425.19218739856285,
  "min_throughput": 123.24816616599477,
  "avg_occupancy": 0.10055134957474347,
  "max_occupancy": 0.1301290822230077,
  "min_occupancy": 0.03131306102567671,
  "avg_metering_rate": 952.9504036903381,
  "max_metering_rate": 3239.9999141693115,
  "min_metering_rate": 360.00000536441803,
  "total_reward": 228.92573023576722,
  "episode_steps": 240
}