{
  "avg_reward": 0.9307280696486409,
  "max_reward": 2.2812973473629894,
  "min_reward": 0.6065214524768491,
  "avg_mainline_speed": 10.378709235675787,
  "max_mainline_speed": 23.09892042088968,
  "min_mainline_speed": 7.253962490040522,
  "avg_merge_speed": 11.078822952617621,
  "max_merge_speed": 30.56,
  "min_merge_speed": 6.258876521305771,
  "avg_bottleneck_speed": 12.07458856918896,
  "max_bottleneck_speed": 30.56,
  "min_bottleneck_speed": 7.4081532764323335,
  "avg_ramp_queue": 1.1375,
  "max_ramp_queue": 4.0,
  "min_ramp_queue": 0.0,
  "avg_throughput": 368.3352760616875,
  "max_throughput": 456.64758965739594,
  "min_throughput": 45.07364250732661,
  "avg_occupancy": 0.1122819701832318,
  "max_occupancy": 0.1578257704912693,
  "min_occupancy": 0.024354603019970774,
  "avg_metering_rate": 551.016671753799,
  "max_metering_rate": 1200.0,
  "min_metering_rate": 200.0,
  "total_reward": 223.3747367156738,
  "episode_steps": 240
}