{
  "avg_reward": 1.0119530273978268,
  "max_reward": 2.2983307102882673,
  "min_reward": 0.6266292353965561,
  "avg_mainline_speed": 11.742097562737822,
  "max_mainline_speed": 23.109921308648012,
  "min_mainline_speed": 7.743452933454489,
  "avg_bottleneck_speed": 12.956995506131323,
  "max_bottleneck_speed": 30.56,
  "min_bottleneck_speed": 7.850282752294796,
  "avg_ramp_queue": 2.275,
  "max_ramp_queue": 10.0,
  "min_ramp_queue": 0.0,
  "avg_throughput": 355.7644793590744,
  "max_throughput": 426.4051615301074,
  "min_throughput": 65.67811140755228,
  "avg_occupancy": 0.0963575597339109,
  "max_occupancy": 0.13259170697436648,
  "min_occupancy": 0.027833832022823742,
  "avg_metering_rate": 1020.8830298110843,
  "max_metering_rate": 3239.9999141693115,
  "min_metering_rate": 360.00000536441803,
  "total_reward": 242.86872657547843,
  "episode_steps": 240
}