{
  "avg_reward": 0.8619162907535741,
  "max_reward": 2.267250077890186,
  "min_reward": 0.5819318608679495,
  "avg_mainline_speed": 9.276850765935603,
  "max_mainline_speed": 22.177502336705583,
  "min_mainline_speed": 6.451740688251442,
  "avg_merge_speed": 9.56793702401266,
  "max_merge_speed": 27.453199069042867,
  "min_merge_speed": 3.363273282706434,
  "avg_bottleneck_speed": 11.410703082225524,
  "max_bottleneck_speed": 30.56,
  "min_bottleneck_speed": 7.264512584748943,
  "avg_ramp_queue": 1.0708333333333333,
  "max_ramp_queue": 5.0,
  "min_ramp_queue": 0.0,
  "avg_throughput": 368.02145090045707,
  "max_throughput": 435.8031959393858,
  "min_throughput": 95.60766259763385,
  "avg_occupancy": 0.12701433695040595,
  "max_occupancy": 0.16482793469303306,
  "min_occupancy": 0.03109015335661296,
  "avg_metering_rate": 723.203337068359,
  "max_metering_rate": 1200.0,
  "min_metering_rate": 200.0,
  "total_reward": 206.85990978085778,
  "episode_steps": 240
}