{
  "avg_reward": -0.2787111408431468,
  "max_reward": -0.028158732581912982,
  "min_reward": -1.0029394199987933,
  "avg_mainline_speed": 8.277994446795523,
  "max_mainline_speed": 24.852450087935058,
  "min_mainline_speed": 5.368803695167217,
  "avg_bottleneck_speed": 11.1646625054701,
  "max_bottleneck_speed": 30.56,
  "min_bottleneck_speed": 6.368689676021649,
  "avg_ramp_queue": 0.4875,
  "max_ramp_queue": 5.0,
  "min_ramp_queue": 0.0,
  "avg_throughput": 369.3206745297756,
  "max_throughput": 435.94651977577814,
  "min_throughput": 207.80188350370977,
  "avg_occupancy": 0.14880073877288952,
  "max_occupancy": 0.19065223888173444,
  "min_occupancy": 0.04152784036517186,
  "avg_metering_rate": 2082.465690895915,
  "max_metering_rate": 3239.9999141693115,
  "min_metering_rate": 360.00000536441803,
  "total_reward": -66.89067380235524,
  "episode_steps": 240
}