{
  "avg_reward": -0.3008474842480842,
  "max_reward": -0.032184019423694366,
  "min_reward": -0.7764205446869448,
  "avg_mainline_speed": 8.365705695810313,
  "max_mainline_speed": 23.75297758204417,
  "min_mainline_speed": 5.440910155001812,
  "avg_bottleneck_speed": 11.913391272259776,
  "max_bottleneck_speed": 30.56,
  "min_bottleneck_speed": 7.230490222746043,
  "avg_ramp_queue": 0.3375,
  "max_ramp_queue": 4.0,
  "min_ramp_queue": 0.0,
  "avg_throughput": 366.6844435144349,
  "max_throughput": 460.7570782056538,
  "min_throughput": 172.9549737784784,
  "avg_occupancy": 0.1517322007505345,
  "max_occupancy": 0.19305372448098054,
  "min_occupancy": 0.04152784036517186,
  "avg_metering_rate": 2240.020784921944,
  "max_metering_rate": 3239.9999141693115,
  "min_metering_rate": 360.00000536441803,
  "total_reward": -72.20339621954021,
  "episode_steps": 240
}