{
  "avg_reward": 0.9997667440848502,
  "max_reward": 2.3007610464505213,
  "min_reward": 0.6281726237287173,
  "avg_mainline_speed": 11.677999400464257,
  "max_mainline_speed": 23.18283139351564,
  "min_mainline_speed": 7.540057972607376,
  "avg_bottleneck_speed": 12.736001948054165,
  "max_bottleneck_speed": 30.56,
  "min_bottleneck_speed": 7.800328303361801,
  "avg_ramp_queue": 2.191666666666667,
  "max_ramp_queue": 9.0,
  "min_ramp_queue": 0.0,
  "avg_throughput": 353.5202930225908,
  "max_throughput": 432.4912408337939,
  "min_throughput": 67.42795344437538,
  "avg_occupancy": 0.09684613999507956,
  "max_occupancy": 0.1355168555044796,
  "min_occupancy": 0.027833832022823742,
  "avg_metering_rate": 985.9571653604507,
  "max_metering_rate": 3239.9999141693115,
  "min_metering_rate": 360.00000536441803,
  "total_reward": 239.94401858036406,
  "episode_steps": 240
}