{
  "avg_reward": 0.9328367186084392,
  "max_reward": 2.318388969742567,
  "min_reward": 0.6100175153789144,
  "avg_mainline_speed": 10.36389521266783,
  "max_mainline_speed": 23.711669092277006,
  "min_mainline_speed": 7.101401883508768,
  "avg_merge_speed": 11.036685685590692,
  "max_merge_speed": 30.56,
  "min_merge_speed": 5.814695625471418,
  "avg_bottleneck_speed": 12.112748674834677,
  "max_bottleneck_speed": 30.56,
  "min_bottleneck_speed": 8.06076490591088,
  "avg_ramp_queue": 1.0958333333333334,
  "max_ramp_queue": 4.0,
  "min_ramp_queue": 0.0,
  "avg_throughput": 367.77845036782105,
  "max_throughput": 439.6438587299571,
  "min_throughput": 90.13506549147917,
  "avg_occupancy": 0.11322191526913897,
  "max_occupancy": 0.15664023404232794,
  "min_occupancy": 0.03131306102567671,
  "avg_metering_rate": 710.1720359797279,
  "max_metering_rate": 1200.0,
  "min_metering_rate": 200.0,
  "total_reward": 223.88081246602542,
  "episode_steps": 240
}