{
  "avg_reward": 1.0209519201219244,
  "max_reward": 2.3149438981491413,
  "min_reward": 0.6346935289362476,
  "avg_mainline_speed": 11.808707865772389,
  "max_mainline_speed": 23.60831694447424,
  "min_mainline_speed": 7.331896899482132,
  "avg_bottleneck_speed": 13.112566491923564,
  "max_bottleneck_speed": 30.56,
  "min_bottleneck_speed": 8.013616101331689,
  "avg_ramp_queue": 2.3583333333333334,
  "max_ramp_queue": 9.0,
  "min_ramp_queue": 0.0,
  "avg_throughput": 347.64922336976815,
  "max_throughput": 438.3707728126991,
  "min_throughput": 67.934655833959,
  "avg_occupancy": 0.09623928207771158,
  "max_occupancy": 0.146155281314473,
  "min_occupancy": 0.024354603019970774,
  "avg_metering_rate": 848.1038610264659,
  "max_metering_rate": 3239.9999141693115,
  "min_metering_rate": 360.00000536441803,
  "total_reward": 245.02846082926186,
  "episode_steps": 240
}