{
  "avg_reward": 0.9124998866802793,
  "max_reward": 2.3356752697577035,
  "min_reward": 0.6360763478467941,
  "avg_mainline_speed": 10.152382864946453,
  "max_mainline_speed": 24.230258092731106,
  "min_mainline_speed": 6.97017140675489,
  "avg_merge_speed": 10.711863117174085,
  "max_merge_speed": 30.56,
  "min_merge_speed": 4.230330865753479,
  "avg_bottleneck_speed": 11.858131379196838,
  "max_bottleneck_speed": 30.56,
  "min_bottleneck_speed": 7.604090270937523,
  "avg_ramp_queue": 1.1291666666666667,
  "max_ramp_queue": 5.0,
  "min_ramp_queue": 0.0,
  "avg_throughput": 370.2116235294016,
  "max_throughput": 446.13172640117705,
  "min_throughput": 104.13696850373992,
  "avg_occupancy": 0.11526183282654871,
  "max_occupancy": 0.16249122561505677,
  "min_occupancy": 0.03131306102567671,
  "avg_metering_rate": 691.4064568156997,
  "max_metering_rate": 1200.0,
  "min_metering_rate": 200.0,
  "total_reward": 218.999972803267,
  "episode_steps": 240
}