{
  "avg_reward": 0.8518172042338821,
  "max_reward": 2.290774003624728,
  "min_reward": -0.5989933954759004,
  "avg_mainline_speed": 9.530250847842192,
  "max_mainline_speed": 22.88322010874184,
  "min_mainline_speed": 5.700192967178744,
  "avg_merge_speed": 10.150936808660648,
  "max_merge_speed": 30.56,
  "min_merge_speed": 4.983910005806998,
  "avg_bottleneck_speed": 11.33701018611618,
  "max_bottleneck_speed": 30.56,
  "min_bottleneck_speed": 5.833392920465387,
  "avg_ramp_queue": 1.2125,
  "max_ramp_queue": 5.0,
  "min_ramp_queue": 0.0,
  "avg_throughput": 368.367364743803,
  "max_throughput": 446.73769788250445,
  "min_throughput": 60.237282609804154,
  "avg_occupancy": 0.12317911620898385,
  "max_occupancy": 0.16764379718379888,
  "min_occupancy": 0.027833832022823742,
  "avg_metering_rate": 572.3646602282921,
  "max_metering_rate": 1200.0,
  "min_metering_rate": 200.0,
  "total_reward": 204.4361290161317,
  "episode_steps": 240
}