{
  "avg_reward": 0.965085091541143,
  "max_reward": 2.2818091670918803,
  "min_reward": 0.5231715429363922,
  "avg_mainline_speed": 11.246842065863488,
  "max_mainline_speed": 22.61427501275641,
  "min_mainline_speed": 7.516349507239439,
  "avg_bottleneck_speed": 12.378807120247199,
  "max_bottleneck_speed": 30.56,
  "min_bottleneck_speed": 6.892531187234885,
  "avg_ramp_queue": 2.3958333333333335,
  "max_ramp_queue": 9.0,
  "min_ramp_queue": 0.0,
  "avg_throughput": 351.66457860452135,
  "max_throughput": 425.4899398695927,
  "min_throughput": 47.059775267884596,
  "avg_occupancy": 0.10116394251731882,
  "max_occupancy": 0.14867637612188198,
  "min_occupancy": 0.024354603019970774,
  "avg_metering_rate": 1033.317990861833,
  "max_metering_rate": 3239.9999141693115,
  "min_metering_rate": 360.00000536441803,
  "total_reward": 231.62042196987431,
  "episode_steps": 240
}