{
  "avg_reward": 0.978243427787082,
  "max_reward": 2.3307880355389816,
  "min_reward": 0.5047399265439572,
  "avg_mainline_speed": 11.291711587420236,
  "max_mainline_speed": 24.083641066169445,
  "min_mainline_speed": 6.398079414515393,
  "avg_bottleneck_speed": 12.678060830794815,
  "max_bottleneck_speed": 30.56,
  "min_bottleneck_speed": 5.998132245057714,
  "avg_ramp_queue": 2.6708333333333334,
  "max_ramp_queue": 9.0,
  "min_ramp_queue": 0.0,
  "avg_throughput": 356.631281038263,
  "max_throughput": 430.2498658808281,
  "min_throughput": 77.91646238955838,
  "avg_occupancy": 0.10297338989597624,
  "max_occupancy": 0.1603331592909962,
  "min_occupancy": 0.024354603019970774,
  "avg_metering_rate": 984.6229779347777,
  "max_metering_rate": 3239.9999141693115,
  "min_metering_rate": 360.00000536441803,
  "total_reward": 234.77842266889968,
  "episode_steps": 240
}