{
  "avg_reward": -8.715041666666668,
  "max_reward": -1.2,
  "min_reward": -11.7,
  "avg_mainline_speed": 10.244856951309213,
  "max_mainline_speed": 22.485441855688638,
  "min_mainline_speed": 6.813405429090729,
  "avg_merge_speed": 10.856434605233707,
  "max_merge_speed": 30.56,
  "min_merge_speed": 5.597299073075669,
  "avg_bottleneck_speed": 11.857492378011504,
  "max_bottleneck_speed": 30.56,
  "min_bottleneck_speed": 6.992826311678447,
  "avg_ramp_queue": 1.1291666666666667,
  "max_ramp_queue": 8.0,
  "min_ramp_queue": 0.0,
  "avg_throughput": 364.40720594201144,
  "max_throughput": 434.91189689991273,
  "min_throughput": 35.17033678630267,
  "avg_occupancy": 0.11165415134065437,
  "max_occupancy": 0.1644994134446229,
  "min_occupancy": 0.024354603019970774,
  "avg_metering_rate": 514.1296822441121,
  "max_metering_rate": 960.0,
  "min_metering_rate": 251.54293775558472,
  "avg_tts_step": 870.375,
  "max_tts_step": 1170.0,
  "min_tts_step": 120.0,
  "total_reward": -2091.61,
  "episode_steps": 240,
  "total_tts": 208890.0
}