{
  "avg_reward": -0.2788256994041338,
  "max_reward": -0.06615265901701521,
  "min_reward": -0.8514359466095083,
  "avg_mainline_speed": 8.29862197634925,
  "max_mainline_speed": 23.361027169649375,
  "min_mainline_speed": 5.124398707363295,
  "avg_bottleneck_speed": 11.453440112646202,
  "max_bottleneck_speed": 30.56,
  "min_bottleneck_speed": 6.2694958005170065,
  "avg_ramp_queue": 0.5083333333333333,
  "max_ramp_queue": 6.0,
  "min_ramp_queue": 0.0,
  "avg_throughput": 371.78111649835705,
  "max_throughput": 459.679768970522,
  "min_throughput": 71.70465207158499,
  "avg_occupancy": 0.14955801955738937,
  "max_occupancy": 0.1899813088179901,
  "min_occupancy": 0.027833832022823742,
  "avg_metering_rate": 2186.310848146677,
  "max_metering_rate": 3239.9999141693115,
  "min_metering_rate": 360.00000536441803,
  "total_reward": -66.91816785699211,
  "episode_steps": 240
}