{
  "avg_reward": 0.9189344062738338,
  "max_reward": 2.308008455861091,
  "min_reward": 0.609802363853334,
  "avg_mainline_speed": 10.15307465194962,
  "max_mainline_speed": 23.400253675832733,
  "min_mainline_speed": 6.742934032217544,
  "avg_merge_speed": 10.665496269922505,
  "max_merge_speed": 30.56,
  "min_merge_speed": 5.004491516364942,
  "avg_bottleneck_speed": 12.001638357510267,
  "max_bottleneck_speed": 30.56,
  "min_bottleneck_speed": 7.7032387754672955,
  "avg_ramp_queue": 1.175,
  "max_ramp_queue": 6.0,
  "min_ramp_queue": 0.0,
  "avg_throughput": 367.6554446271053,
  "max_throughput": 434.5251117232359,
  "min_throughput": 72.64608821998567,
  "avg_occupancy": 0.11430315813301699,
  "max_occupancy": 0.15843534845410553,
  "min_occupancy": 0.027833832022823742,
  "avg_metering_rate": 678.0776215717196,
  "max_metering_rate": 1200.0,
  "min_metering_rate": 200.0,
  "total_reward": 220.5442575057201,
  "episode_steps": 240
}