{
  "avg_reward": 0.9579854212263972,
  "max_reward": 2.2640463121953855,
  "min_reward": 0.48270076422013036,
  "avg_mainline_speed": 11.102602134709093,
  "max_mainline_speed": 22.081389365861558,
  "min_mainline_speed": 6.947628157040724,
  "avg_bottleneck_speed": 12.287973668055217,
  "max_bottleneck_speed": 30.56,
  "min_bottleneck_speed": 6.382390298727324,
  "avg_ramp_queue": 2.2083333333333335,
  "max_ramp_queue": 9.0,
  "min_ramp_queue": 0.0,
  "avg_throughput": 354.3252454182509,
  "max_throughput": 431.3461372933773,
  "min_throughput": 93.4801417553553,
  "avg_occupancy": 0.10246980680215571,
  "max_occupancy": 0.1549037653190512,
  "min_occupancy": 0.030123011168406124,
  "avg_metering_rate": 966.797550804913,
  "max_metering_rate": 3239.9999141693115,
  "min_metering_rate": 360.00000536441803,
  "total_reward": 229.91650109433533,
  "episode_steps": 240
}