{
  "avg_reward": 0.9506723296747751,
  "max_reward": 2.313961306683822,
  "min_reward": 0.551498555957202,
  "avg_mainline_speed": 11.120914287319495,
  "max_mainline_speed": 23.57883920051465,
  "min_mainline_speed": 7.460328407516232,
  "avg_bottleneck_speed": 12.152503735282504,
  "max_bottleneck_speed": 30.56,
  "min_bottleneck_speed": 6.847305748026912,
  "avg_ramp_queue": 2.3041666666666667,
  "max_ramp_queue": 9.0,
  "min_ramp_queue": 0.0,
  "avg_throughput": 355.40875554342625,
  "max_throughput": 443.9536256398999,
  "min_throughput": 96.16517601543949,
  "avg_occupancy": 0.1030238085241322,
  "max_occupancy": 0.1479888278607682,
  "min_occupancy": 0.034792290028529675,
  "avg_metering_rate": 839.2118741199374,
  "max_metering_rate": 3239.9999141693115,
  "min_metering_rate": 360.00000536441803,
  "total_reward": 228.16135912194602,
  "episode_steps": 240
}