{
  "avg_reward": -8.978902777777778,
  "max_reward": -1.5,
  "min_reward": -11.856666666666666,
  "avg_mainline_speed": 10.004322231951502,
  "max_mainline_speed": 23.41471027026891,
  "min_mainline_speed": 6.109079321639263,
  "avg_merge_speed": 10.721887997599708,
  "max_merge_speed": 30.56,
  "min_merge_speed": 5.531057241313197,
  "avg_bottleneck_speed": 11.845277384104369,
  "max_bottleneck_speed": 30.56,
  "min_bottleneck_speed": 7.049700392719792,
  "avg_ramp_queue": 1.4291666666666667,
  "max_ramp_queue": 5.0,
  "min_ramp_queue": 0.0,
  "avg_throughput": 367.4780924786966,
  "max_throughput": 445.40167846614077,
  "min_throughput": 72.99304648645376,
  "avg_occupancy": 0.11854745425362681,
  "max_occupancy": 0.1682033817604114,
  "min_occupancy": 0.027833832022823742,
  "avg_metering_rate": 379.07898103197414,
  "max_metering_rate": 1200.0,
  "min_metering_rate": 200.0,
  "total_reward": -2154.9366666666665,
  "episode_steps": 240
}