{
  "avg_reward": -0.2876171968668687,
  "max_reward": -0.035808345321007455,
  "min_reward": -0.9226240346490893,
  "avg_mainline_speed": 8.155721331563514,
  "max_mainline_speed": 23.224838517935098,
  "min_mainline_speed": 5.690437010964715,
  "avg_bottleneck_speed": 11.193125467195276,
  "max_bottleneck_speed": 30.56,
  "min_bottleneck_speed": 6.89774093244868,
  "avg_ramp_queue": 0.5791666666666667,
  "max_ramp_queue": 5.0,
  "min_ramp_queue": 0.0,
  "avg_throughput": 366.6062528308258,
  "max_throughput": 457.25199914968636,
  "min_throughput": 155.56872652312305,
  "avg_occupancy": 0.15120927237363588,
  "max_occupancy": 0.19394885595748904,
  "min_occupancy": 0.04152784036517186,
  "avg_metering_rate": 2018.9206829667091,
  "max_metering_rate": 3239.9999141693115,
  "min_metering_rate": 360.00000536441803,
  "total_reward": -69.02812724804849,
  "episode_steps": 240
}