{
  "avg_reward": 0.9690212781676192,
  "max_reward": 2.3491366094298485,
  "min_reward": 0.6274921638559271,
  "avg_mainline_speed": 11.031936323388143,
  "max_mainline_speed": 24.634098282895454,
  "min_mainline_speed": 7.302283615810929,
  "avg_merge_speed": 12.1057123619086,
  "max_merge_speed": 30.56,
  "min_merge_speed": 5.949751110467379,
  "avg_bottleneck_speed": 12.473023569982512,
  "max_bottleneck_speed": 30.56,
  "min_bottleneck_speed": 8.01498753324459,
  "avg_ramp_queue": 1.3416666666666666,
  "max_ramp_queue": 6.0,
  "min_ramp_queue": 0.0,
  "avg_throughput": 367.3202590574977,
  "max_throughput": 430.5910898946627,
  "min_throughput": 115.04065363817735,
  "avg_occupancy": 0.10509346015874209,
  "max_occupancy": 0.14132352621518815,
  "min_occupancy": 0.03131306102567671,
  "avg_metering_rate": 567.3672286483148,
  "max_metering_rate": 1200.0,
  "min_metering_rate": 200.0,
  "total_reward": 232.56510676022862,
  "episode_steps": 240
}