{
  "avg_reward": 0.9117724030952764,
  "max_reward": 2.279262748919679,
  "min_reward": 0.6019051526403372,
  "avg_mainline_speed": 10.175543181810932,
  "max_mainline_speed": 22.53788246759036,
  "min_mainline_speed": 7.184473654583507,
  "avg_merge_speed": 10.825636087862994,
  "max_merge_speed": 27.6451563625612,
  "min_merge_speed": 5.604832657564652,
  "avg_bottleneck_speed": 11.818419274031575,
  "max_bottleneck_speed": 30.56,
  "min_bottleneck_speed": 7.448203161070394,
  "avg_ramp_queue": 1.1,
  "max_ramp_queue": 5.0,
  "min_ramp_queue": 0.0,
  "avg_throughput": 368.81859994518555,
  "max_throughput": 439.59368751347233,
  "min_throughput": 93.50459364403036,
  "avg_occupancy": 0.11475647030300783,
  "max_occupancy": 0.156700750464374,
  "min_occupancy": 0.027610924353759992,
  "avg_metering_rate": 692.8767420041064,
  "max_metering_rate": 1200.0,
  "min_metering_rate": 200.0,
  "total_reward": 218.82537674286633,
  "episode_steps": 240
}