{
  "avg_reward": -0.2755917943362722,
  "max_reward": -0.0034758938095851705,
  "min_reward": -0.9972952074100531,
  "avg_mainline_speed": 7.906508716895603,
  "max_mainline_speed": 22.879705686296955,
  "min_mainline_speed": 4.387820679316687,
  "avg_bottleneck_speed": 10.571940460851742,
  "max_bottleneck_speed": 30.56,
  "min_bottleneck_speed": 5.457317687834827,
  "avg_ramp_queue": 0.7625,
  "max_ramp_queue": 6.0,
  "min_ramp_queue": 0.0,
  "avg_throughput": 362.6434086939673,
  "max_throughput": 437.94130260835425,
  "min_throughput": 54.53875877415637,
  "avg_occupancy": 0.1543934258518373,
  "max_occupancy": 0.21308529747743477,
  "min_occupancy": 0.027833832022823742,
  "avg_metering_rate": 1895.363057255745,
  "max_metering_rate": 3239.9999141693115,
  "min_metering_rate": 360.00000536441803,
  "total_reward": -66.14203064070533,
  "episode_steps": 240
}