{
  "avg_reward": -0.2936995762674813,
  "max_reward": 0.013481252324411608,
  "min_reward": -0.8752183653061039,
  "avg_mainline_speed": 8.374834817594843,
  "max_mainline_speed": 25.12514692703051,
  "min_mainline_speed": 4.688995699533699,
  "avg_bottleneck_speed": 11.266420159303548,
  "max_bottleneck_speed": 30.56,
  "min_bottleneck_speed": 5.679091524426893,
  "avg_ramp_queue": 0.675,
  "max_ramp_queue": 5.0,
  "min_ramp_queue": 0.0,
  "avg_throughput": 365.7115931013188,
  "max_throughput": 443.2290096576585,
  "min_throughput": 171.06528937309827,
  "avg_occupancy": 0.1477079894219434,
  "max_occupancy": 0.2070407769247061,
  "min_occupancy": 0.04175074803423561,
  "avg_metering_rate": 2003.2771887257695,
  "max_metering_rate": 3239.9999141693115,
  "min_metering_rate": 360.00000536441803,
  "total_reward": -70.48789830419551,
  "episode_steps": 240
}