{
  "avg_reward": 0.9828212071544515,
  "max_reward": 2.3081707777996217,
  "min_reward": 0.5260549484138048,
  "avg_mainline_speed": 11.600655222656517,
  "max_mainline_speed": 23.40512333398865,
  "min_mainline_speed": 7.672117825470443,
  "avg_bottleneck_speed": 12.581653994651354,
  "max_bottleneck_speed": 30.56,
  "min_bottleneck_speed": 6.606353751295804,
  "avg_ramp_queue": 2.745833333333333,
  "max_ramp_queue": 11.0,
  "min_ramp_queue": 0.0,
  "avg_throughput": 351.7812806131361,
  "max_throughput": 435.1789847866217,
  "min_throughput": 72.76296001572766,
  "avg_occupancy": 0.09722444668957765,
  "max_occupancy": 0.126871314192348,
  "min_occupancy": 0.027833832022823742,
  "avg_metering_rate": 827.4901151284575,
  "max_metering_rate": 3239.9999141693115,
  "min_metering_rate": 360.00000536441803,
  "total_reward": 235.87708971706837,
  "episode_steps": 240
}