{
  "avg_reward": 0.934841979921228,
  "max_reward": 2.351568410046048,
  "min_reward": 0.4812604868741395,
  "avg_mainline_speed": 10.42517079185479,
  "max_mainline_speed": 24.707052301381438,
  "min_mainline_speed": 5.52292825888077,
  "avg_merge_speed": 11.267435894840828,
  "max_merge_speed": 30.56,
  "min_merge_speed": 5.350893251035713,
  "avg_bottleneck_speed": 12.1508924038547,
  "max_bottleneck_speed": 30.56,
  "min_bottleneck_speed": 6.186931273507804,
  "avg_ramp_queue": 1.2125,
  "max_ramp_queue": 4.0,
  "min_ramp_queue": 0.0,
  "avg_throughput": 363.46363366987293,
  "max_throughput": 456.8225258849276,
  "min_throughput": 117.01041213729883,
  "avg_occupancy": 0.11385509922819456,
  "max_occupancy": 0.1873317623950501,
  "min_occupancy": 0.03131306102567671,
  "avg_metering_rate": 538.3289565021793,
  "max_metering_rate": 1200.0,
  "min_metering_rate": 200.0,
  "total_reward": 224.36207518109472,
  "episode_steps": 240
}