{
  "avg_reward": 0.9058506537498896,
  "max_reward": 2.3231459171552062,
  "min_reward": 0.5434879014820814,
  "avg_mainline_speed": 10.104577487472897,
  "max_mainline_speed": 23.854377514656193,
  "min_mainline_speed": 6.147207061040878,
  "avg_merge_speed": 10.651260841738075,
  "max_merge_speed": 30.56,
  "min_merge_speed": 4.480733681977711,
  "avg_bottleneck_speed": 11.765350305571417,
  "max_bottleneck_speed": 30.56,
  "min_bottleneck_speed": 6.504177511473238,
  "avg_ramp_queue": 1.1541666666666666,
  "max_ramp_queue": 5.0,
  "min_ramp_queue": 0.0,
  "avg_throughput": 364.2631423200894,
  "max_throughput": 438.245911524361,
  "min_throughput": 93.98819289571728,
  "avg_occupancy": 0.11418476354708117,
  "max_occupancy": 0.15752717881899994,
  "min_occupancy": 0.03131306102567671,
  "avg_metering_rate": 553.4687514416873,
  "max_metering_rate": 1200.0,
  "min_metering_rate": 200.0,
  "total_reward": 217.40415689997351,
  "episode_steps": 240
}