{
  "avg_reward": -0.2954684639165473,
  "max_reward": -0.040915797704333345,
  "min_reward": -0.7743307297696137,
  "avg_mainline_speed": 7.8293727602139525,
  "max_mainline_speed": 23.74408428110856,
  "min_mainline_speed": 4.979212627038462,
  "avg_bottleneck_speed": 10.904383167828277,
  "max_bottleneck_speed": 30.56,
  "min_bottleneck_speed": 6.277808271190988,
  "avg_ramp_queue": 0.5666666666666667,
  "max_ramp_queue": 5.0,
  "min_ramp_queue": 0.0,
  "avg_throughput": 359.82068894053674,
  "max_throughput": 448.34372052605585,
  "min_throughput": 173.33776097021254,
  "avg_occupancy": 0.15691495272436687,
  "max_occupancy": 0.20917163754897072,
  "min_occupancy": 0.04152784036517186,
  "avg_metering_rate": 2092.3398810625076,
  "max_metering_rate": 3239.9999141693115,
  "min_metering_rate": 360.00000536441803,
  "total_reward": -70.91243133997135,
  "episode_steps": 240
}