{
  "avg_reward": -8.787,
  "max_reward": -1.35,
  "min_reward": -10.833333333333334,
  "avg_mainline_speed": 10.221226905749097,
  "max_mainline_speed": 24.24273856986412,
  "min_mainline_speed": 6.828735480107884,
  "avg_merge_speed": 10.871605184319094,
  "max_merge_speed": 30.56,
  "min_merge_speed": 5.194222030225737,
  "avg_bottleneck_speed": 12.284809273282121,
  "max_bottleneck_speed": 30.56,
  "min_bottleneck_speed": 8.114973346688316,
  "avg_ramp_queue": 1.2375,
  "max_ramp_queue": 6.0,
  "min_ramp_queue": 0.0,
  "avg_throughput": 369.3978585620633,
  "max_throughput": 452.5260264174872,
  "min_throughput": 104.47394138633122,
  "avg_occupancy": 0.11570234786148494,
  "max_occupancy": 0.1575942105199284,
  "min_occupancy": 0.03131306102567671,
  "avg_metering_rate": 370.3004817167918,
  "max_metering_rate": 1200.0,
  "min_metering_rate": 200.0,
  "total_reward": -2108.88,
  "episode_steps": 240
}