{
  "avg_reward": -0.292643565136636,
  "max_reward": -0.04897894932596584,
  "min_reward": -1.1202406736501658,
  "avg_mainline_speed": 8.514167671317571,
  "max_mainline_speed": 23.89001550045512,
  "min_mainline_speed": 4.857948947883272,
  "avg_bottleneck_speed": 11.632852747251082,
  "max_bottleneck_speed": 30.56,
  "min_bottleneck_speed": 6.530555290899589,
  "avg_ramp_queue": 0.5125,
  "max_ramp_queue": 5.0,
  "min_ramp_queue": 0.0,
  "avg_throughput": 371.54102455062275,
  "max_throughput": 443.7183484820688,
  "min_throughput": 105.50046501365358,
  "avg_occupancy": 0.14606313786835207,
  "max_occupancy": 0.21546137254748543,
  "min_occupancy": 0.034792290028529675,
  "avg_metering_rate": 2094.6303049474955,
  "max_metering_rate": 3239.9999141693115,
  "min_metering_rate": 360.00000536441803,
  "total_reward": -70.23445563279263,
  "episode_steps": 240
}