{
  "avg_reward": -0.29439316973103036,
  "max_reward": -0.05432782096279554,
  "min_reward": -0.7497301558181829,
  "avg_mainline_speed": 8.710864261043715,
  "max_mainline_speed": 24.205338639503733,
  "min_mainline_speed": 5.866406677651472,
  "avg_bottleneck_speed": 11.650899801342588,
  "max_bottleneck_speed": 30.56,
  "min_bottleneck_speed": 6.7379817240257704,
  "avg_ramp_queue": 0.5333333333333333,
  "max_ramp_queue": 4.0,
  "min_ramp_queue": 0.0,
  "avg_throughput": 370.40100810500223,
  "max_throughput": 445.21122924495427,
  "min_throughput": 175.6246376581373,
  "avg_occupancy": 0.1429262664205361,
  "max_occupancy": 0.17515113805984828,
  "min_occupancy": 0.0380486113623189,
  "avg_metering_rate": 2038.111445903778,
  "max_metering_rate": 3239.9999141693115,
  "min_metering_rate": 360.00000536441803,
  "total_reward": -70.65436073544728,
  "episode_steps": 240
}