{
  "avg_reward": 0.9619134987412703,
  "max_reward": 2.2895520833759537,
  "min_reward": 0.6171636392043943,
  "avg_mainline_speed": 11.400786037855507,
  "max_mainline_speed": 22.846562501278616,
  "min_mainline_speed": 7.983598221851629,
  "avg_bottleneck_speed": 12.282745949588405,
  "max_bottleneck_speed": 30.56,
  "min_bottleneck_speed": 7.378729058915338,
  "avg_ramp_queue": 2.6875,
  "max_ramp_queue": 11.0,
  "min_ramp_queue": 0.0,
  "avg_throughput": 349.6271471089577,
  "max_throughput": 432.1348909796937,
  "min_throughput": 59.357500030686836,
  "avg_occupancy": 0.09827070825787616,
  "max_occupancy": 0.1373361360728622,
  "min_occupancy": 0.027833832022823742,
  "avg_metering_rate": 785.3120216354728,
  "max_metering_rate": 3239.9999141693115,
  "min_metering_rate": 360.00000536441803,
  "total_reward": 230.85923969790488,
  "episode_steps": 240
}