{
  "avg_reward": 0.9745865056922695,
  "max_reward": 2.326886389447374,
  "min_reward": 0.5977178121698824,
  "avg_mainline_speed": 11.447790704765778,
  "max_mainline_speed": 23.966591683421225,
  "min_mainline_speed": 7.4388373097832,
  "avg_bottleneck_speed": 12.47686964400154,
  "max_bottleneck_speed": 30.56,
  "min_bottleneck_speed": 6.945393477360827,
  "avg_ramp_queue": 2.5708333333333333,
  "max_ramp_queue": 11.0,
  "min_ramp_queue": 0.0,
  "avg_throughput": 354.80855001111485,
  "max_throughput": 436.4113096266321,
  "min_throughput": 118.5775255529004,
  "avg_occupancy": 0.09929313154232963,
  "max_occupancy": 0.1446256350192526,
  "min_occupancy": 0.03827151903138264,
  "avg_metering_rate": 884.0525300055742,
  "max_metering_rate": 3239.9999141693115,
  "min_metering_rate": 360.00000536441803,
  "total_reward": 233.90076136614468,
  "episode_steps": 240
}