{
  "avg_reward": -9.06509722222222,
  "max_reward": -1.35,
  "min_reward": -11.406666666666666,
  "avg_mainline_speed": 9.959140064311919,
  "max_mainline_speed": 22.61023311307436,
  "min_mainline_speed": 5.9490731974444095,
  "avg_merge_speed": 10.721932257239512,
  "max_merge_speed": 30.56,
  "min_merge_speed": 4.384234494777515,
  "avg_bottleneck_speed": 11.866361666975102,
  "max_bottleneck_speed": 30.56,
  "min_bottleneck_speed": 6.742105602157322,
  "avg_ramp_queue": 1.2333333333333334,
  "max_ramp_queue": 5.0,
  "min_ramp_queue": 0.0,
  "avg_throughput": 367.0664310761658,
  "max_throughput": 428.8876885392775,
  "min_throughput": 45.24314730655315,
  "avg_occupancy": 0.1206878519264766,
  "max_occupancy": 0.17051269545545125,
  "min_occupancy": 0.024354603019970774,
  "avg_metering_rate": 360.62382583816844,
  "max_metering_rate": 1200.0,
  "min_metering_rate": 200.0,
  "total_reward": -2175.623333333333,
  "episode_steps": 240
}