{
  "avg_reward": -0.2896851801566997,
  "max_reward": -0.06601027050389546,
  "min_reward": -0.8721740245525935,
  "avg_mainline_speed": 8.50588534613705,
  "max_mainline_speed": 24.830641274687995,
  "min_mainline_speed": 6.344164917660218,
  "avg_bottleneck_speed": 11.90901521746736,
  "max_bottleneck_speed": 30.56,
  "min_bottleneck_speed": 7.666765672812842,
  "avg_ramp_queue": 0.4791666666666667,
  "max_ramp_queue": 5.0,
  "min_ramp_queue": 0.0,
  "avg_throughput": 372.7429147302185,
  "max_throughput": 453.776420537818,
  "min_throughput": 160.4630858887678,
  "avg_occupancy": 0.14784094744931273,
  "max_occupancy": 0.17909045634103574,
  "min_occupancy": 0.04175074803423561,
  "avg_metering_rate": 2125.2814001217484,
  "max_metering_rate": 3239.9999141693115,
  "min_metering_rate": 360.00000536441803,
  "total_reward": -69.52444323760793,
  "episode_steps": 240
}