{
  "avg_reward": 0.9515829540219514,
  "max_reward": 2.298345067217611,
  "min_reward": 0.5843457832431272,
  "avg_mainline_speed": 10.91031316696036,
  "max_mainline_speed": 23.110352016528324,
  "min_mainline_speed": 6.943538448020679,
  "avg_bottleneck_speed": 12.15211696913212,
  "max_bottleneck_speed": 30.56,
  "min_bottleneck_speed": 7.210616400837088,
  "avg_ramp_queue": 1.6416666666666666,
  "max_ramp_queue": 7.0,
  "min_ramp_queue": 0.0,
  "avg_throughput": 361.7955679869236,
  "max_throughput": 454.11701296724965,
  "min_throughput": 57.47739234709481,
  "avg_occupancy": 0.10563845261748757,
  "max_occupancy": 0.14895070722808532,
  "min_occupancy": 0.024354603019970774,
  "avg_metering_rate": 1109.9385672435164,
  "max_metering_rate": 3239.9999141693115,
  "min_metering_rate": 360.00000536441803,
  "total_reward": 228.37990896526833,
  "episode_steps": 240
}