{
  "avg_reward": 0.9011103704919682,
  "max_reward": 2.319987994990499,
  "min_reward": 0.6075381265396811,
  "avg_mainline_speed": 9.715774937032018,
  "max_mainline_speed": 23.759639849714972,
  "min_mainline_speed": 6.079625945423828,
  "avg_merge_speed": 10.485737944435071,
  "max_merge_speed": 30.56,
  "min_merge_speed": 5.397264755118652,
  "avg_bottleneck_speed": 11.847801896262462,
  "max_bottleneck_speed": 30.56,
  "min_bottleneck_speed": 7.420442568444422,
  "avg_ramp_queue": 0.9083333333333333,
  "max_ramp_queue": 5.0,
  "min_ramp_queue": 0.0,
  "avg_throughput": 366.84580785941563,
  "max_throughput": 438.94638920309205,
  "min_throughput": 101.58919549144923,
  "avg_occupancy": 0.12342052002304252,
  "max_occupancy": 0.1821202977718233,
  "min_occupancy": 0.034792290028529675,
  "avg_metering_rate": 758.7636275837818,
  "max_metering_rate": 1200.0,
  "min_metering_rate": 200.0,
  "total_reward": 216.26648891807235,
  "episode_steps": 240
}