{
  "avg_reward": 0.9185033805457808,
  "max_reward": 2.2850301839934164,
  "min_reward": 0.6014098319668764,
  "avg_mainline_speed": 10.130535499753815,
  "max_mainline_speed": 22.710905519802495,
  "min_mainline_speed": 7.448123836678474,
  "avg_merge_speed": 10.6303931583302,
  "max_merge_speed": 30.56,
  "min_merge_speed": 5.874447143152525,
  "avg_bottleneck_speed": 11.902488388857517,
  "max_bottleneck_speed": 30.56,
  "min_bottleneck_speed": 7.235042244111593,
  "avg_ramp_queue": 0.8583333333333333,
  "max_ramp_queue": 4.0,
  "min_ramp_queue": 0.0,
  "avg_throughput": 369.49858842364523,
  "max_throughput": 459.9846780031588,
  "min_throughput": 56.101732475259894,
  "avg_occupancy": 0.1141471248181717,
  "max_occupancy": 0.15091637517672532,
  "min_occupancy": 0.027833832022823742,
  "avg_metering_rate": 761.7907162755728,
  "max_metering_rate": 1200.0,
  "min_metering_rate": 200.0,
  "total_reward": 220.4408113309874,
  "episode_steps": 240
}