{
  "avg_reward": 0.9598682148979535,
  "max_reward": 2.2891589507204717,
  "min_reward": 0.5344379454763551,
  "avg_mainline_speed": 10.622646134818956,
  "max_mainline_speed": 22.834768521614155,
  "min_mainline_speed": 6.468346645321361,
  "avg_merge_speed": 11.525206598038277,
  "max_merge_speed": 30.56,
  "min_merge_speed": 5.889757365342522,
  "avg_bottleneck_speed": 12.468377985857547,
  "max_bottleneck_speed": 30.56,
  "min_bottleneck_speed": 6.956890546774371,
  "avg_ramp_queue": 1.0583333333333333,
  "max_ramp_queue": 7.0,
  "min_ramp_queue": 0.0,
  "avg_throughput": 367.3395455628178,
  "max_throughput": 433.10059590028294,
  "min_throughput": 59.074444518739774,
  "avg_occupancy": 0.11185615527518111,
  "max_occupancy": 0.16020753591903164,
  "min_occupancy": 0.027833832022823742,
  "avg_metering_rate": 702.5849623605609,
  "max_metering_rate": 1200.0,
  "min_metering_rate": 200.0,
  "total_reward": 230.36837157550883,
  "episode_steps": 240
}