{
  "avg_reward": 0.9211832168672153,
  "max_reward": 2.308214668426664,
  "min_reward": 0.5574315611665139,
  "avg_mainline_speed": 10.0901794713625,
  "max_mainline_speed": 23.406440052799912,
  "min_mainline_speed": 6.333638709010892,
  "avg_merge_speed": 10.815843977447544,
  "max_merge_speed": 30.56,
  "min_merge_speed": 4.964360321845331,
  "avg_bottleneck_speed": 12.048266911991528,
  "max_bottleneck_speed": 30.56,
  "min_bottleneck_speed": 7.428847134691837,
  "avg_ramp_queue": 1.0541666666666667,
  "max_ramp_queue": 6.0,
  "min_ramp_queue": 0.0,
  "avg_throughput": 364.5190426376808,
  "max_throughput": 434.44574628345765,
  "min_throughput": 72.79456126719788,
  "avg_occupancy": 0.1173723571331118,
  "max_occupancy": 0.17915729292281077,
  "min_occupancy": 0.027833832022823742,
  "avg_metering_rate": 750.4207322373986,
  "max_metering_rate": 1200.0,
  "min_metering_rate": 200.0,
  "total_reward": 221.08397204813167,
  "episode_steps": 240
}