{
  "avg_reward": 0.9510902333143479,
  "max_reward": 2.3075492200899808,
  "min_reward": 0.40113740637528755,
  "avg_mainline_speed": 11.093891377935948,
  "max_mainline_speed": 23.386476602699418,
  "min_mainline_speed": 5.8160704755690205,
  "avg_bottleneck_speed": 12.260877080996329,
  "max_bottleneck_speed": 30.56,
  "min_bottleneck_speed": 5.585367810459737,
  "avg_ramp_queue": 2.6458333333333335,
  "max_ramp_queue": 11.0,
  "min_ramp_queue": 0.0,
  "avg_throughput": 355.4315139491188,
  "max_throughput": 446.4006330572548,
  "min_throughput": 112.14543037818909,
  "avg_occupancy": 0.10525915286163427,
  "max_occupancy": 0.1785214056604325,
  "min_occupancy": 0.027610924353759992,
  "avg_metering_rate": 768.5522313416004,
  "max_metering_rate": 3239.9999141693115,
  "min_metering_rate": 360.00000536441803,
  "total_reward": 228.2616559954435,
  "episode_steps": 240
}