{
  "avg_reward": 0.9836192798323402,
  "max_reward": 2.321324801868786,
  "min_reward": 0.6198275007199505,
  "avg_mainline_speed": 11.269336527281862,
  "max_mainline_speed": 23.79974405606359,
  "min_mainline_speed": 7.974726961086527,
  "avg_bottleneck_speed": 12.573494578458899,
  "max_bottleneck_speed": 30.56,
  "min_bottleneck_speed": 7.261720183305131,
  "avg_ramp_queue": 1.725,
  "max_ramp_queue": 10.0,
  "min_ramp_queue": 0.0,
  "avg_throughput": 354.5226545369506,
  "max_throughput": 420.97886920799317,
  "min_throughput": 92.51308951371706,
  "avg_occupancy": 0.100545252930029,
  "max_occupancy": 0.13747107773292774,
  "min_occupancy": 0.03131306102567671,
  "avg_metering_rate": 1201.7820643633604,
  "max_metering_rate": 3239.9999141693115,
  "min_metering_rate": 360.00000536441803,
  "total_reward": 236.06862715976166,
  "episode_steps": 240
}