{
  "avg_reward": 0.8886551140053138,
  "max_reward": 2.313240736457542,
  "min_reward": 0.622207584739705,
  "avg_mainline_speed": 9.803638114703952,
  "max_mainline_speed": 23.557222093726256,
  "min_mainline_speed": 7.131581697181036,
  "avg_merge_speed": 10.266901778566966,
  "max_merge_speed": 30.56,
  "min_merge_speed": 5.700975532578864,
  "avg_bottleneck_speed": 11.583176870303642,
  "max_bottleneck_speed": 30.56,
  "min_bottleneck_speed": 7.998568942728262,
  "avg_ramp_queue": 1.0375,
  "max_ramp_queue": 5.0,
  "min_ramp_queue": 0.0,
  "avg_throughput": 367.7106291373242,
  "max_throughput": 441.476795634274,
  "min_throughput": 66.86166396825138,
  "avg_occupancy": 0.11806991812964528,
  "max_occupancy": 0.1499670295070312,
  "min_occupancy": 0.024354603019970774,
  "avg_metering_rate": 643.484120319287,
  "max_metering_rate": 1200.0,
  "min_metering_rate": 200.0,
  "total_reward": 213.27722736127532,
  "episode_steps": 240
}