{
  "avg_reward": 1.0047777303943723,
  "max_reward": 2.290715471233385,
  "min_reward": 0.6044951974948942,
  "avg_mainline_speed": 11.605614958169408,
  "max_mainline_speed": 22.881464137001547,
  "min_mainline_speed": 8.254930854374122,
  "avg_bottleneck_speed": 12.866477969107843,
  "max_bottleneck_speed": 30.56,
  "min_bottleneck_speed": 6.987621467891685,
  "avg_ramp_queue": 2.1166666666666667,
  "max_ramp_queue": 12.0,
  "min_ramp_queue": 0.0,
  "avg_throughput": 356.3766831232836,
  "max_throughput": 431.7518956007914,
  "min_throughput": 91.14471350557633,
  "avg_occupancy": 0.09819225526457313,
  "max_occupancy": 0.13140929316974823,
  "min_occupancy": 0.024131695350907024,
  "avg_metering_rate": 1037.5570688769221,
  "max_metering_rate": 3239.9999141693115,
  "min_metering_rate": 360.00000536441803,
  "total_reward": 241.14665529464938,
  "episode_steps": 240
}