{
  "avg_reward": 0.9412450563061289,
  "max_reward": 2.304247270486804,
  "min_reward": 0.6371287525485486,
  "avg_mainline_speed": 10.453450536690044,
  "max_mainline_speed": 23.287418114604105,
  "min_mainline_speed": 7.14067666347914,
  "avg_merge_speed": 11.4001183510688,
  "max_merge_speed": 30.56,
  "min_merge_speed": 6.0758613530026695,
  "avg_bottleneck_speed": 12.23926743499588,
  "max_bottleneck_speed": 30.56,
  "min_bottleneck_speed": 7.9647591473350445,
  "avg_ramp_queue": 1.15,
  "max_ramp_queue": 8.0,
  "min_ramp_queue": 0.0,
  "avg_throughput": 367.2467996738479,
  "max_throughput": 440.32588264279883,
  "min_throughput": 69.93803475049846,
  "avg_occupancy": 0.11317894904021927,
  "max_occupancy": 0.16062762418465384,
  "min_occupancy": 0.027833832022823742,
  "avg_metering_rate": 674.8662875344356,
  "max_metering_rate": 1200.0,
  "min_metering_rate": 200.0,
  "total_reward": 225.89881351347094,
  "episode_steps": 240
}