{
  "avg_reward": 0.9126035259796278,
  "max_reward": 2.36817744186035,
  "min_reward": 0.5878453772799505,
  "avg_mainline_speed": 10.020578869645623,
  "max_mainline_speed": 25.205323255810494,
  "min_mainline_speed": 6.575676077193642,
  "avg_merge_speed": 10.54273257259037,
  "max_merge_speed": 30.56,
  "min_merge_speed": 5.419108531247736,
  "avg_bottleneck_speed": 11.91335127316214,
  "max_bottleneck_speed": 30.56,
  "min_bottleneck_speed": 7.645099699366682,
  "avg_ramp_queue": 1.025,
  "max_ramp_queue": 6.0,
  "min_ramp_queue": 0.0,
  "avg_throughput": 371.4667399076917,
  "max_throughput": 446.8712949924813,
  "min_throughput": 115.96775813945187,
  "avg_occupancy": 0.11796470081433323,
  "max_occupancy": 0.1630303850057422,
  "min_occupancy": 0.027833832022823742,
  "avg_metering_rate": 655.9462395186225,
  "max_metering_rate": 1200.0,
  "min_metering_rate": 200.0,
  "total_reward": 219.02484623511066,
  "episode_steps": 240
}