{
  "avg_reward": 0.9295181204457823,
  "max_reward": 2.2636762904405803,
  "min_reward": 0.6177381100128337,
  "avg_mainline_speed": 10.45224484538803,
  "max_mainline_speed": 22.070288713217405,
  "min_mainline_speed": 7.4835536891165475,
  "avg_merge_speed": 11.189905759605836,
  "max_merge_speed": 27.33173283178049,
  "min_merge_speed": 5.119008033259983,
  "avg_bottleneck_speed": 11.994421400879181,
  "max_bottleneck_speed": 30.56,
  "min_bottleneck_speed": 7.978979080731541,
  "avg_ramp_queue": 1.1166666666666667,
  "max_ramp_queue": 7.0,
  "min_ramp_queue": 0.0,
  "avg_throughput": 363.9101164665528,
  "max_throughput": 437.4298499801398,
  "min_throughput": 77.2465326790108,
  "avg_occupancy": 0.10964521216201804,
  "max_occupancy": 0.1532025912135503,
  "min_occupancy": 0.023947510020774342,
  "avg_metering_rate": 646.7530167351166,
  "max_metering_rate": 1200.0,
  "min_metering_rate": 200.0,
  "total_reward": 223.08434890698774,
  "episode_steps": 240
}