{
  "avg_reward": 0.978977134713108,
  "max_reward": 2.299081930048689,
  "min_reward": 0.6324813707902561,
  "avg_mainline_speed": 11.528258109607595,
  "max_mainline_speed": 23.13245790146067,
  "min_mainline_speed": 7.744013806615736,
  "avg_bottleneck_speed": 12.566037287857094,
  "max_bottleneck_speed": 30.56,
  "min_bottleneck_speed": 7.611505600467591,
  "avg_ramp_queue": 2.8,
  "max_ramp_queue": 10.0,
  "min_ramp_queue": 0.0,
  "avg_throughput": 348.10218260149315,
  "max_throughput": 435.85993225244914,
  "min_throughput": 142.93010441038078,
  "avg_occupancy": 0.0974339559538361,
  "max_occupancy": 0.13812163497134622,
  "min_occupancy": 0.0380486113623189,
  "avg_metering_rate": 705.4257611185312,
  "max_metering_rate": 3239.9999141693115,
  "min_metering_rate": 360.00000536441803,
  "total_reward": 234.9545123311459,
  "episode_steps": 240
}