{
  "avg_reward": 0.9480082836792706,
  "max_reward": 2.320112853379249,
  "min_reward": 0.5401336574596207,
  "avg_mainline_speed": 10.832652757819508,
  "max_mainline_speed": 23.76338560137746,
  "min_mainline_speed": 6.950519210956531,
  "avg_merge_speed": 11.783172449452804,
  "max_merge_speed": 30.56,
  "min_merge_speed": 5.6058663978559995,
  "avg_bottleneck_speed": 12.191174946150186,
  "max_bottleneck_speed": 30.56,
  "min_bottleneck_speed": 7.389451025182692,
  "avg_ramp_queue": 1.3583333333333334,
  "max_ramp_queue": 9.0,
  "min_ramp_queue": 0.0,
  "avg_throughput": 360.3452960476168,
  "max_throughput": 435.0012161858551,
  "min_throughput": 81.36125443305903,
  "avg_occupancy": 0.10510335243083503,
  "max_occupancy": 0.1579322751621529,
  "min_occupancy": 0.027833832022823742,
  "avg_metering_rate": 613.1080772106847,
  "max_metering_rate": 1200.0,
  "min_metering_rate": 200.0,
  "total_reward": 227.52198808302495,
  "episode_steps": 240
}