{
  "avg_reward": -0.31037835950331644,
  "max_reward": -0.08474201668811032,
  "min_reward": -0.9982679984270282,
  "avg_mainline_speed": 8.820032317968659,
  "max_mainline_speed": 23.257586015233013,
  "min_mainline_speed": 5.546183771607221,
  "avg_bottleneck_speed": 12.310398524698448,
  "max_bottleneck_speed": 30.56,
  "min_bottleneck_speed": 7.598156102643491,
  "avg_ramp_queue": 0.325,
  "max_ramp_queue": 4.0,
  "min_ramp_queue": 0.0,
  "avg_throughput": 372.08811040235344,
  "max_throughput": 444.24762088549835,
  "min_throughput": 154.46159046598564,
  "avg_occupancy": 0.14326227979270306,
  "max_occupancy": 0.18885584810846548,
  "min_occupancy": 0.04152784036517186,
  "avg_metering_rate": 2288.9725816994905,
  "max_metering_rate": 3239.9999141693115,
  "min_metering_rate": 360.00000536441803,
  "total_reward": -74.49080628079595,
  "episode_steps": 240
}