{
  "avg_reward": -0.2999178384542069,
  "max_reward": -0.07440791968283911,
  "min_reward": -1.015730393989602,
  "avg_mainline_speed": 8.68234227804878,
  "max_mainline_speed": 24.605865210217516,
  "min_mainline_speed": 6.206094507092414,
  "avg_bottleneck_speed": 12.05369585775395,
  "max_bottleneck_speed": 30.56,
  "min_bottleneck_speed": 7.876719080001191,
  "avg_ramp_queue": 0.3541666666666667,
  "max_ramp_queue": 4.0,
  "min_ramp_queue": 0.0,
  "avg_throughput": 372.331337362435,
  "max_throughput": 459.0609503144995,
  "min_throughput": 139.673551937178,
  "avg_occupancy": 0.14521870350726868,
  "max_occupancy": 0.1748458745382224,
  "min_occupancy": 0.03827151903138264,
  "avg_metering_rate": 2161.9751526787877,
  "max_metering_rate": 3239.9999141693115,
  "min_metering_rate": 360.00000536441803,
  "total_reward": -71.98028122900965,
  "episode_steps": 240
}