{
  "avg_reward": -9.237527777777778,
  "max_reward": -1.5,
  "min_reward": -11.55,
  "avg_mainline_speed": 9.488962994709519,
  "max_mainline_speed": 22.555100265865576,
  "min_mainline_speed": 6.371789142482448,
  "avg_merge_speed": 10.051292052686088,
  "max_merge_speed": 27.254389277311663,
  "min_merge_speed": 4.951289907146427,
  "avg_bottleneck_speed": 11.31000582439689,
  "max_bottleneck_speed": 30.56,
  "min_bottleneck_speed": 6.316831301344951,
  "avg_ramp_queue": 1.3166666666666667,
  "max_ramp_queue": 6.0,
  "min_ramp_queue": 0.0,
  "avg_throughput": 364.6129612565793,
  "max_throughput": 451.33332688615815,
  "min_throughput": 106.06168143959219,
  "avg_occupancy": 0.1237965353228247,
  "max_occupancy": 0.1716826107632644,
  "min_occupancy": 0.03109015335661296,
  "avg_metering_rate": 444.25561260432005,
  "max_metering_rate": 1200.0,
  "min_metering_rate": 200.0,
  "total_reward": -2217.0066666666667,
  "episode_steps": 240
}