{
  "avg_reward": -0.2879144757644713,
  "max_reward": -0.05266114978176906,
  "min_reward": -0.7741394200137273,
  "avg_mainline_speed": 8.28898375615813,
  "max_mainline_speed": 24.127570802744007,
  "min_mainline_speed": 5.343303680707408,
  "avg_bottleneck_speed": 11.345122219989953,
  "max_bottleneck_speed": 30.56,
  "min_bottleneck_speed": 7.070187320092498,
  "avg_ramp_queue": 0.5583333333333333,
  "max_ramp_queue": 7.0,
  "min_ramp_queue": 0.0,
  "avg_throughput": 368.8844050089629,
  "max_throughput": 437.7973127242394,
  "min_throughput": 185.1442843284465,
  "avg_occupancy": 0.14978159023702842,
  "max_occupancy": 0.18976290561998763,
  "min_occupancy": 0.04152784036517186,
  "avg_metering_rate": 2115.9284910187125,
  "max_metering_rate": 3239.9999141693115,
  "min_metering_rate": 360.00000536441803,
  "total_reward": -69.09947418347312,
  "episode_steps": 240
}