{
  "avg_reward": 0.9821894364607179,
  "max_reward": 2.2836122949940525,
  "min_reward": 0.5718354767056956,
  "avg_mainline_speed": 11.10657704885224,
  "max_mainline_speed": 22.668368849821572,
  "min_mainline_speed": 7.9835596534707065,
  "avg_merge_speed": 12.051836930244212,
  "max_merge_speed": 27.681026617299455,
  "min_merge_speed": 6.344559327612594,
  "avg_bottleneck_speed": 12.63523736331287,
  "max_bottleneck_speed": 30.56,
  "min_bottleneck_speed": 7.631796853443013,
  "avg_ramp_queue": 1.1875,
  "max_ramp_queue": 5.0,
  "min_ramp_queue": 0.0,
  "avg_throughput": 364.42940257802024,
  "max_throughput": 460.74009125996054,
  "min_throughput": 105.79366607462148,
  "avg_occupancy": 0.10359487256440204,
  "max_occupancy": 0.13155456221382048,
  "min_occupancy": 0.03109015335661296,
  "avg_metering_rate": 630.0879528746009,
  "max_metering_rate": 1200.0,
  "min_metering_rate": 200.0,
  "total_reward": 235.72546475057229,
  "episode_steps": 240
}