{
  "avg_reward": 0.8642359763221427,
  "max_reward": 2.282580903111471,
  "min_reward": 0.5338359460824983,
  "avg_mainline_speed": 9.659907826223142,
  "max_mainline_speed": 22.63742709334414,
  "min_mainline_speed": 6.2729013536130855,
  "avg_merge_speed": 10.20351743104009,
  "max_merge_speed": 30.56,
  "min_merge_speed": 5.465592973287075,
  "avg_bottleneck_speed": 11.146169864516313,
  "max_bottleneck_speed": 30.56,
  "min_bottleneck_speed": 6.494784685907909,
  "avg_ramp_queue": 0.9041666666666667,
  "max_ramp_queue": 5.0,
  "min_ramp_queue": 0.0,
  "avg_throughput": 364.3472587362104,
  "max_throughput": 448.1834374301545,
  "min_throughput": 44.08031126965799,
  "avg_occupancy": 0.11851272824688089,
  "max_occupancy": 0.16186222332475714,
  "min_occupancy": 0.024354603019970774,
  "avg_metering_rate": 665.7993648201227,
  "max_metering_rate": 1200.0,
  "min_metering_rate": 200.0,
  "total_reward": 207.41663431731425,
  "episode_steps": 240
}