{
  "avg_reward": -0.2874551278940602,
  "max_reward": -0.04838134385687487,
  "min_reward": -0.7261252716782608,
  "avg_mainline_speed": 8.72178388889735,
  "max_mainline_speed": 24.66682610425303,
  "min_mainline_speed": 5.895885862288271,
  "avg_bottleneck_speed": 12.000300526108363,
  "max_bottleneck_speed": 30.56,
  "min_bottleneck_speed": 7.956113683898364,
  "avg_ramp_queue": 0.37916666666666665,
  "max_ramp_queue": 4.0,
  "min_ramp_queue": 0.0,
  "avg_throughput": 375.27204863829354,
  "max_throughput": 471.8089414932553,
  "min_throughput": 201.21641874425254,
  "avg_occupancy": 0.14480677834300976,
  "max_occupancy": 0.18452368464531585,
  "min_occupancy": 0.04152784036517186,
  "avg_metering_rate": 2203.7560468912125,
  "max_metering_rate": 3239.9999141693115,
  "min_metering_rate": 360.00000536441803,
  "total_reward": -68.98923069457445,
  "episode_steps": 240
}