{
  "avg_reward": -8.809694444444442,
  "max_reward": -1.8,
  "min_reward": -11.706666666666665,
  "avg_mainline_speed": 10.27598382402962,
  "max_mainline_speed": 23.890745119325263,
  "min_mainline_speed": 7.122165858667554,
  "avg_merge_speed": 11.083656614850103,
  "max_merge_speed": 30.56,
  "min_merge_speed": 5.548782142885866,
  "avg_bottleneck_speed": 11.932051581395493,
  "max_bottleneck_speed": 30.56,
  "min_bottleneck_speed": 7.48550060105772,
  "avg_ramp_queue": 1.4541666666666666,
  "max_ramp_queue": 4.0,
  "min_ramp_queue": 0.0,
  "avg_throughput": 366.85581566465794,
  "max_throughput": 453.2729281492361,
  "min_throughput": 84.41788286380638,
  "avg_occupancy": 0.11451928973533546,
  "max_occupancy": 0.17332104859353695,
  "min_occupancy": 0.027833832022823742,
  "avg_metering_rate": 349.1522726913293,
  "max_metering_rate": 1200.0,
  "min_metering_rate": 200.0,
  "total_reward": -2114.3266666666664,
  "episode_steps": 240
}