{
  "avg_reward": 0.9123278347460279,
  "max_reward": 2.319726350379926,
  "min_reward": 0.572323801031765,
  "avg_mainline_speed": 10.258436315879967,
  "max_mainline_speed": 23.751790511397783,
  "min_mainline_speed": 7.706671941516906,
  "avg_merge_speed": 10.892212991013055,
  "max_merge_speed": 30.56,
  "min_merge_speed": 6.6328800418655085,
  "avg_bottleneck_speed": 11.785376928778357,
  "max_bottleneck_speed": 30.56,
  "min_bottleneck_speed": 6.571963962109611,
  "avg_ramp_queue": 1.1333333333333333,
  "max_ramp_queue": 5.0,
  "min_ramp_queue": 0.0,
  "avg_throughput": 366.6416509408475,
  "max_throughput": 442.02640861218333,
  "min_throughput": 81.08297227354673,
  "avg_occupancy": 0.11241255511299537,
  "max_occupancy": 0.14757727741460655,
  "min_occupancy": 0.027833832022823742,
  "avg_metering_rate": 580.1320673587421,
  "max_metering_rate": 1200.0,
  "min_metering_rate": 200.0,
  "total_reward": 218.95868033904668,
  "episode_steps": 240
}