{
  "avg_reward": 0.9427477885081049,
  "max_reward": 2.3036046748277257,
  "min_reward": 0.5920431053550312,
  "avg_mainline_speed": 11.074028589680857,
  "max_mainline_speed": 23.268140244831773,
  "min_mainline_speed": 7.321298820504045,
  "avg_bottleneck_speed": 12.062270043708194,
  "max_bottleneck_speed": 30.56,
  "min_bottleneck_speed": 6.832348134547653,
  "avg_ramp_queue": 2.4583333333333335,
  "max_ramp_queue": 11.0,
  "min_ramp_queue": 0.0,
  "avg_throughput": 353.7138050965003,
  "max_throughput": 418.2447853654878,
  "min_throughput": 78.15978661045796,
  "avg_occupancy": 0.1024892301963596,
  "max_occupancy": 0.13862794584233215,
  "min_occupancy": 0.03131306102567671,
  "avg_metering_rate": 847.527535893023,
  "max_metering_rate": 3239.9999141693115,
  "min_metering_rate": 360.00000536441803,
  "total_reward": 226.25946924194517,
  "episode_steps": 240
}