{
  "avg_reward": -0.28807321447459827,
  "max_reward": -0.032522945986547314,
  "min_reward": -0.9767671236584575,
  "avg_mainline_speed": 8.148877069047119,
  "max_mainline_speed": 23.28862866868813,
  "min_mainline_speed": 5.629385915763653,
  "avg_bottleneck_speed": 11.191413052876491,
  "max_bottleneck_speed": 30.56,
  "min_bottleneck_speed": 6.728795577223674,
  "avg_ramp_queue": 0.6625,
  "max_ramp_queue": 7.0,
  "min_ramp_queue": 0.0,
  "avg_throughput": 367.1315600515765,
  "max_throughput": 458.5549711502339,
  "min_throughput": 144.3445011105961,
  "avg_occupancy": 0.1497767352379876,
  "max_occupancy": 0.18958691691700216,
  "min_occupancy": 0.0380486113623189,
  "avg_metering_rate": 1930.5388681590557,
  "max_metering_rate": 3239.9999141693115,
  "min_metering_rate": 360.00000536441803,
  "total_reward": -69.13757147390359,
  "episode_steps": 240
}