{
  "avg_reward": 0.9381541120337468,
  "max_reward": 2.289126160779977,
  "min_reward": 0.5906015949827235,
  "avg_mainline_speed": 10.604484285037064,
  "max_mainline_speed": 22.83378482339931,
  "min_mainline_speed": 6.546316380698534,
  "avg_merge_speed": 11.586265269350092,
  "max_merge_speed": 27.36425847001529,
  "min_merge_speed": 6.341682573019522,
  "avg_bottleneck_speed": 12.136481606205784,
  "max_bottleneck_speed": 30.56,
  "min_bottleneck_speed": 7.2192661567035605,
  "avg_ramp_queue": 1.3291666666666666,
  "max_ramp_queue": 5.0,
  "min_ramp_queue": 0.0,
  "avg_throughput": 363.1117820888129,
  "max_throughput": 447.37080300835834,
  "min_throughput": 111.98102647147631,
  "avg_occupancy": 0.10925643836784947,
  "max_occupancy": 0.16618191910124488,
  "min_occupancy": 0.028996518999778963,
  "avg_metering_rate": 550.9075643805166,
  "max_metering_rate": 1200.0,
  "min_metering_rate": 200.0,
  "total_reward": 225.15698688809923,
  "episode_steps": 240
}