{
  "avg_reward": 1.0011431780666586,
  "max_reward": 2.315130230358145,
  "min_reward": 0.5926378317440126,
  "avg_mainline_speed": 11.790403702147868,
  "max_mainline_speed": 23.61390691074435,
  "min_mainline_speed": 7.350227699549413,
  "avg_bottleneck_speed": 12.84859442656793,
  "max_bottleneck_speed": 30.56,
  "min_bottleneck_speed": 7.192604835180646,
  "avg_ramp_queue": 2.8583333333333334,
  "max_ramp_queue": 11.0,
  "min_ramp_queue": 0.0,
  "avg_throughput": 349.9241458856758,
  "max_throughput": 439.5490631157862,
  "min_throughput": 68.0520451256314,
  "avg_occupancy": 0.09581856182185526,
  "max_occupancy": 0.14443165604340777,
  "min_occupancy": 0.024354603019970774,
  "avg_metering_rate": 776.792884580791,
  "max_metering_rate": 3239.9999141693115,
  "min_metering_rate": 360.00000536441803,
  "total_reward": 240.2743627359981,
  "episode_steps": 240
}