{
  "avg_reward": 0.906191159745931,
  "max_reward": 2.302357439812123,
  "min_reward": 0.5847262925323397,
  "avg_mainline_speed": 10.188185544514754,
  "max_mainline_speed": 23.23072319436369,
  "min_mainline_speed": 6.319590197589043,
  "avg_merge_speed": 10.79057658470492,
  "max_merge_speed": 30.56,
  "min_merge_speed": 5.239724773805792,
  "avg_bottleneck_speed": 11.705310609686562,
  "max_bottleneck_speed": 30.56,
  "min_bottleneck_speed": 7.617551090008616,
  "avg_ramp_queue": 1.1208333333333333,
  "max_ramp_queue": 5.0,
  "min_ramp_queue": 0.0,
  "avg_throughput": 368.1263690760791,
  "max_throughput": 425.5709672516472,
  "min_throughput": 60.00518708163756,
  "avg_occupancy": 0.11347285614873132,
  "max_occupancy": 0.16700637939234067,
  "min_occupancy": 0.024354603019970774,
  "avg_metering_rate": 644.3495920626447,
  "max_metering_rate": 1200.0,
  "min_metering_rate": 200.0,
  "total_reward": 217.48587833902343,
  "episode_steps": 240
}