{
  "avg_reward": 0.9132807190852199,
  "max_reward": 2.244983583381563,
  "min_reward": 0.5691759543632368,
  "avg_mainline_speed": 10.271614204825559,
  "max_mainline_speed": 21.509507501446894,
  "min_mainline_speed": 7.072600333027985,
  "avg_merge_speed": 10.90745591291599,
  "max_merge_speed": 27.45392257254726,
  "min_merge_speed": 5.216817416836368,
  "avg_bottleneck_speed": 11.85398268959847,
  "max_bottleneck_speed": 30.56,
  "min_bottleneck_speed": 7.16424207395189,
  "avg_ramp_queue": 1.3083333333333333,
  "max_ramp_queue": 7.0,
  "min_ramp_queue": 0.0,
  "avg_throughput": 363.2314019268479,
  "max_throughput": 428.73618635019653,
  "min_throughput": 73.0561220951012,
  "avg_occupancy": 0.11284096879109654,
  "max_occupancy": 0.1537155323431754,
  "min_occupancy": 0.027610924353759992,
  "avg_metering_rate": 674.4689696468413,
  "max_metering_rate": 1200.0,
  "min_metering_rate": 200.0,
  "total_reward": 219.18737258045277,
  "episode_steps": 240
}