{
  "avg_reward": 0.8946133809770761,
  "max_reward": 2.2932083888434134,
  "min_reward": -0.5296009216617547,
  "avg_mainline_speed": 10.101418859652716,
  "max_mainline_speed": 22.956251665302407,
  "min_mainline_speed": 6.84517273149658,
  "avg_merge_speed": 10.568364257894167,
  "max_merge_speed": 27.511832620950106,
  "min_merge_speed": 4.853623549201395,
  "avg_bottleneck_speed": 11.637155046439716,
  "max_bottleneck_speed": 30.56,
  "min_bottleneck_speed": 5.9343920569599495,
  "avg_ramp_queue": 1.1875,
  "max_ramp_queue": 5.0,
  "min_ramp_queue": 0.0,
  "avg_throughput": 364.1873667553853,
  "max_throughput": 431.15872257283723,
  "min_throughput": 135.4810563705213,
  "avg_occupancy": 0.11329652468683062,
  "max_occupancy": 0.14847861771295198,
  "min_occupancy": 0.0380486113623189,
  "avg_metering_rate": 513.917248432214,
  "max_metering_rate": 1200.0,
  "min_metering_rate": 200.0,
  "total_reward": 214.70721143449828,
  "episode_steps": 240
}