{
  "avg_reward": 0.9636448281464872,
  "max_reward": 2.267803477198113,
  "min_reward": 0.6096657221498887,
  "avg_mainline_speed": 11.36911175594157,
  "max_mainline_speed": 22.194104315943378,
  "min_mainline_speed": 7.692356973449255,
  "avg_bottleneck_speed": 12.392488725635365,
  "max_bottleneck_speed": 30.56,
  "min_bottleneck_speed": 7.065076460698273,
  "avg_ramp_queue": 2.9125,
  "max_ramp_queue": 14.0,
  "min_ramp_queue": 0.0,
  "avg_throughput": 350.75969371247487,
  "max_throughput": 433.1025099465969,
  "min_throughput": 104.90963690234739,
  "avg_occupancy": 0.09909943230015807,
  "max_occupancy": 0.14413836578704764,
  "min_occupancy": 0.03370190207548344,
  "avg_metering_rate": 769.8989154025912,
  "max_metering_rate": 3239.9999141693115,
  "min_metering_rate": 360.00000536441803,
  "total_reward": 231.27475875515694,
  "episode_steps": 240
}