{
  "avg_reward": 0.8826962663315103,
  "max_reward": 2.278842930450626,
  "min_reward": 0.5085766303738235,
  "avg_mainline_speed": 9.710339732125757,
  "max_mainline_speed": 22.525287913518785,
  "min_mainline_speed": 6.027760637673132,
  "avg_merge_speed": 10.372954922581876,
  "max_merge_speed": 27.237896917389396,
  "min_merge_speed": 5.939906574376115,
  "avg_bottleneck_speed": 11.509532171879702,
  "max_bottleneck_speed": 30.56,
  "min_bottleneck_speed": 6.271609287295576,
  "avg_ramp_queue": 0.9875,
  "max_ramp_queue": 4.0,
  "min_ramp_queue": 0.0,
  "avg_throughput": 368.2437150388069,
  "max_throughput": 446.87804608687924,
  "min_throughput": 95.68366467955812,
  "avg_occupancy": 0.12184637337946619,
  "max_occupancy": 0.17413591593931846,
  "min_occupancy": 0.027610924353759992,
  "avg_metering_rate": 736.4294573664665,
  "max_metering_rate": 1200.0,
  "min_metering_rate": 200.0,
  "total_reward": 211.84710391956247,
  "episode_steps": 240
}