{
  "avg_reward": 0.9472813410139863,
  "max_reward": 2.3225259700908323,
  "min_reward": 0.655900149050075,
  "avg_mainline_speed": 10.793178269039393,
  "max_mainline_speed": 23.83577910272496,
  "min_mainline_speed": 7.906131805923095,
  "avg_merge_speed": 11.717532207308198,
  "max_merge_speed": 30.56,
  "min_merge_speed": 6.5560871508995575,
  "avg_bottleneck_speed": 12.212674640920131,
  "max_bottleneck_speed": 30.56,
  "min_bottleneck_speed": 7.493236223785454,
  "avg_ramp_queue": 1.3875,
  "max_ramp_queue": 7.0,
  "min_ramp_queue": 0.0,
  "avg_throughput": 367.5611568582378,
  "max_throughput": 448.9091185678091,
  "min_throughput": 72.71136115722416,
  "avg_occupancy": 0.10707211038252407,
  "max_occupancy": 0.13590998742215718,
  "min_occupancy": 0.024354603019970774,
  "avg_metering_rate": 636.0537596046925,
  "max_metering_rate": 1200.0,
  "min_metering_rate": 200.0,
  "total_reward": 227.3475218433567,
  "episode_steps": 240
}