{
  "avg_reward": -8.867597222222223,
  "max_reward": -1.5,
  "min_reward": -11.563333333333334,
  "avg_mainline_speed": 10.160917614796888,
  "max_mainline_speed": 23.44047652549604,
  "min_mainline_speed": 6.487786357934397,
  "avg_merge_speed": 10.91828067651725,
  "max_merge_speed": 30.56,
  "min_merge_speed": 5.672721844194583,
  "avg_bottleneck_speed": 12.025524055601569,
  "max_bottleneck_speed": 30.56,
  "min_bottleneck_speed": 6.754999590740578,
  "avg_ramp_queue": 1.2333333333333334,
  "max_ramp_queue": 5.0,
  "min_ramp_queue": 0.0,
  "avg_throughput": 368.8038565566016,
  "max_throughput": 439.33251449588147,
  "min_throughput": 73.61143661190505,
  "avg_occupancy": 0.1170273893854034,
  "max_occupancy": 0.16864919709853896,
  "min_occupancy": 0.027833832022823742,
  "avg_metering_rate": 375.8377916490038,
  "max_metering_rate": 1200.0,
  "min_metering_rate": 200.0,
  "total_reward": -2128.2233333333334,
  "episode_steps": 240
}