{
  "avg_reward": -8.94448611111111,
  "max_reward": -1.65,
  "min_reward": -11.25,
  "avg_mainline_speed": 9.942605395493002,
  "max_mainline_speed": 23.63245797818256,
  "min_mainline_speed": 6.710811035583305,
  "avg_merge_speed": 10.2898495323705,
  "max_merge_speed": 30.56,
  "min_merge_speed": 5.447874345033038,
  "avg_bottleneck_speed": 12.082032778752774,
  "max_bottleneck_speed": 30.56,
  "min_bottleneck_speed": 7.132306160284842,
  "avg_ramp_queue": 1.1416666666666666,
  "max_ramp_queue": 6.0,
  "min_ramp_queue": 0.0,
  "avg_throughput": 371.22334380230484,
  "max_throughput": 443.49397787080943,
  "min_throughput": 78.21899147638155,
  "avg_occupancy": 0.1192563400161374,
  "max_occupancy": 0.16775756642228393,
  "min_occupancy": 0.027833832022823742,
  "avg_metering_rate": 337.95211277902126,
  "max_metering_rate": 1200.0,
  "min_metering_rate": 200.0,
  "total_reward": -2146.6766666666663,
  "episode_steps": 240
}