{
  "avg_reward": 0.8868468126015355,
  "max_reward": 2.236712783783202,
  "min_reward": 0.5822960460835773,
  "avg_mainline_speed": 9.979000253055824,
  "max_mainline_speed": 21.446397674352028,
  "min_mainline_speed": 6.509100430157389,
  "avg_merge_speed": 10.502174629974661,
  "max_merge_speed": 30.56,
  "min_merge_speed": 5.487418156407456,
  "avg_bottleneck_speed": 11.462047194437938,
  "max_bottleneck_speed": 30.56,
  "min_bottleneck_speed": 7.2372638117276225,
  "avg_ramp_queue": 1.1333333333333333,
  "max_ramp_queue": 5.0,
  "min_ramp_queue": 0.0,
  "avg_throughput": 366.80896757088954,
  "max_throughput": 432.879553160604,
  "min_throughput": 61.35546876993769,
  "avg_occupancy": 0.11530330426293801,
  "max_occupancy": 0.15228254528347504,
  "min_occupancy": 0.024131695350907024,
  "avg_metering_rate": 723.7152226269245,
  "max_metering_rate": 1200.0,
  "min_metering_rate": 200.0,
  "total_reward": 212.84323502436854,
  "episode_steps": 240
}