{
  "avg_reward": 0.9127089939091753,
  "max_reward": 2.309180571485489,
  "min_reward": 0.6012612780312753,
  "avg_mainline_speed": 10.183465121585307,
  "max_mainline_speed": 23.435417144564678,
  "min_mainline_speed": 6.825393126563658,
  "avg_merge_speed": 10.796514742828366,
  "max_merge_speed": 30.56,
  "min_merge_speed": 5.706160672027223,
  "avg_bottleneck_speed": 11.831869797126634,
  "max_bottleneck_speed": 30.56,
  "min_bottleneck_speed": 7.1606599738893575,
  "avg_ramp_queue": 1.1,
  "max_ramp_queue": 4.0,
  "min_ramp_queue": 0.0,
  "avg_throughput": 368.65307100971916,
  "max_throughput": 433.37933157794714,
  "min_throughput": 82.67626290324633,
  "avg_occupancy": 0.11413518458204983,
  "max_occupancy": 0.15355539694046286,
  "min_occupancy": 0.03131306102567671,
  "avg_metering_rate": 669.1686463231841,
  "max_metering_rate": 1200.0,
  "min_metering_rate": 200.0,
  "total_reward": 219.05015853820206,
  "episode_steps": 240
}