{
  "avg_reward": -9.368805555555555,
  "max_reward": -1.5,
  "min_reward": -11.706666666666665,
  "avg_mainline_speed": 9.374637976297073,
  "max_mainline_speed": 22.962676309416068,
  "min_mainline_speed": 6.015691977054575,
  "avg_merge_speed": 9.955344888855246,
  "max_merge_speed": 30.56,
  "min_merge_speed": 5.258683598553675,
  "avg_bottleneck_speed": 11.4297046432417,
  "max_bottleneck_speed": 30.56,
  "min_bottleneck_speed": 6.989138033216089,
  "avg_ramp_queue": 1.3208333333333333,
  "max_ramp_queue": 5.0,
  "min_ramp_queue": 0.0,
  "avg_throughput": 365.11362094853223,
  "max_throughput": 430.53884303089603,
  "min_throughput": 62.144231425985595,
  "avg_occupancy": 0.12733930325206044,
  "max_occupancy": 0.1788639764380341,
  "min_occupancy": 0.027833832022823742,
  "avg_metering_rate": 353.1822510063648,
  "max_metering_rate": 1200.0,
  "min_metering_rate": 200.0,
  "total_reward": -2248.5133333333333,
  "episode_steps": 240
}