{
  "avg_reward": -8.742208333333334,
  "max_reward": -1.95,
  "min_reward": -11.256666666666666,
  "avg_mainline_speed": 10.344245539427845,
  "max_mainline_speed": 23.674004070573034,
  "min_mainline_speed": 6.388620658202943,
  "avg_merge_speed": 11.16760843553302,
  "max_merge_speed": 30.56,
  "min_merge_speed": 5.43531066555154,
  "avg_bottleneck_speed": 11.9402132022559,
  "max_bottleneck_speed": 30.56,
  "min_bottleneck_speed": 6.892643598440863,
  "avg_ramp_queue": 1.3625,
  "max_ramp_queue": 6.0,
  "min_ramp_queue": 0.0,
  "avg_throughput": 364.7547756190269,
  "max_throughput": 440.3545626902008,
  "min_throughput": 89.11810990547195,
  "avg_occupancy": 0.11236331707304122,
  "max_occupancy": 0.16172360766464702,
  "min_occupancy": 0.03131306102567671,
  "avg_metering_rate": 360.55573498209316,
  "max_metering_rate": 1200.0,
  "min_metering_rate": 200.0,
  "total_reward": -2098.13,
  "episode_steps": 240
}  "episode_steps": 240
}