{
  "avg_reward": 0.9537652296457213,
  "max_reward": 2.323787233201193,
  "min_reward": 0.48328181631627076,
  "avg_mainline_speed": 11.164472035026453,
  "max_mainline_speed": 23.87361699603579,
  "min_mainline_speed": 6.026724958351335,
  "avg_bottleneck_speed": 12.272323236230124,
  "max_bottleneck_speed": 30.56,
  "min_bottleneck_speed": 5.887819687424525,
  "avg_ramp_queue": 2.6666666666666665,
  "max_ramp_queue": 10.0,
  "min_ramp_queue": 0.0,
  "avg_throughput": 351.5840764985757,
  "max_throughput": 429.14752137359113,
  "min_throughput": 148.8066264583264,
  "avg_occupancy": 0.10287336766432453,
  "max_occupancy": 0.16573426211719763,
  "min_occupancy": 0.03456938235946593,
  "avg_metering_rate": 821.2480757385492,
  "max_metering_rate": 3239.9999141693115,
  "min_metering_rate": 360.00000536441803,
  "total_reward": 228.9036551149731,
  "episode_steps": 240
}