{
  "avg_reward": 0.9370530773462412,
  "max_reward": 2.3196241606280674,
  "min_reward": 0.6092133544172988,
  "avg_mainline_speed": 10.329606948974861,
  "max_mainline_speed": 23.748724818842025,
  "min_mainline_speed": 6.8724680767647195,
  "avg_merge_speed": 11.153505401390479,
  "max_merge_speed": 30.56,
  "min_merge_speed": 4.62757019324323,
  "avg_bottleneck_speed": 12.233823580941582,
  "max_bottleneck_speed": 30.56,
  "min_bottleneck_speed": 7.476638345712081,
  "avg_ramp_queue": 1.1375,
  "max_ramp_queue": 6.0,
  "min_ramp_queue": 0.0,
  "avg_throughput": 364.22015993768304,
  "max_throughput": 444.88727619983837,
  "min_throughput": 70.88322119568255,
  "avg_occupancy": 0.11426894080733845,
  "max_occupancy": 0.16022471579091233,
  "min_occupancy": 0.024354603019970774,
  "avg_metering_rate": 630.5700999374191,
  "max_metering_rate": 1200.0,
  "min_metering_rate": 200.0,
  "total_reward": 224.89273856309788,
  "episode_steps": 240
}