{
  "avg_reward": -8.991333333333333,
  "max_reward": -1.2,
  "min_reward": -11.406666666666666,
  "avg_mainline_speed": 9.861345309463442,
  "max_mainline_speed": 22.352718779781355,
  "min_mainline_speed": 6.69510378633359,
  "avg_merge_speed": 10.516915687740997,
  "max_merge_speed": 30.56,
  "min_merge_speed": 5.6862901280092855,
  "avg_bottleneck_speed": 11.461381618449028,
  "max_bottleneck_speed": 30.56,
  "min_bottleneck_speed": 6.740507947065076,
  "avg_ramp_queue": 1.325,
  "max_ramp_queue": 6.0,
  "min_ramp_queue": 0.0,
  "avg_throughput": 365.9720065505152,
  "max_throughput": 444.78421614971694,
  "min_throughput": 35.62893803606443,
  "avg_occupancy": 0.11800664052956797,
  "max_occupancy": 0.16354726861089428,
  "min_occupancy": 0.020875374017117806,
  "avg_metering_rate": 433.8022692749898,
  "max_metering_rate": 1200.0,
  "min_metering_rate": 200.0,
  "total_reward": -2157.92,
  "episode_steps": 240
}