{
  "avg_reward": 1.0163390112642214,
  "max_reward": 2.3278628167224023,
  "min_reward": 0.6315584826906682,
  "avg_mainline_speed": 11.840804026024868,
  "max_mainline_speed": 23.99588450167207,
  "min_mainline_speed": 8.070757139466256,
  "avg_bottleneck_speed": 13.000910874601184,
  "max_bottleneck_speed": 30.56,
  "min_bottleneck_speed": 7.397118226930689,
  "avg_ramp_queue": 2.3666666666666667,
  "max_ramp_queue": 10.0,
  "min_ramp_queue": 0.0,
  "avg_throughput": 354.4840032840612,
  "max_throughput": 439.8942450171585,
  "min_throughput": 86.94122804012969,
  "avg_occupancy": 0.09622205619407832,
  "max_occupancy": 0.13414378537007873,
  "min_occupancy": 0.027833832022823742,
  "avg_metering_rate": 847.9726503789425,
  "max_metering_rate": 3239.9999141693115,
  "min_metering_rate": 360.00000536441803,
  "total_reward": 243.92136270341314,
  "episode_steps": 240
}