{
  "avg_reward": -0.2794022017739908,
  "max_reward": -0.08505275374956478,
  "min_reward": -0.8737564096353325,
  "avg_mainline_speed": 8.540042121356976,
  "max_mainline_speed": 24.286235163620034,
  "min_mainline_speed": 5.953312103482113,
  "avg_bottleneck_speed": 11.525729140995077,
  "max_bottleneck_speed": 30.56,
  "min_bottleneck_speed": 6.912279363603551,
  "avg_ramp_queue": 0.4666666666666667,
  "max_ramp_queue": 4.0,
  "min_ramp_queue": 0.0,
  "avg_throughput": 372.904400478675,
  "max_throughput": 447.9674014184816,
  "min_throughput": 129.1257603994612,
  "avg_occupancy": 0.14788879397134433,
  "max_occupancy": 0.18434302297343994,
  "min_occupancy": 0.03827151903138264,
  "avg_metering_rate": 2138.3008786663413,
  "max_metering_rate": 3239.9999141693115,
  "min_metering_rate": 360.00000536441803,
  "total_reward": -67.05652842575779,
  "episode_steps": 240
}}