{
  "avg_reward": 0.9065938344418806,
  "max_reward": 2.305850538598377,
  "min_reward": 0.5276403085084332,
  "avg_mainline_speed": 9.841378646198386,
  "max_mainline_speed": 23.335516157951314,
  "min_mainline_speed": 6.1360829933679595,
  "avg_merge_speed": 10.49176785561782,
  "max_merge_speed": 30.56,
  "min_merge_speed": 4.260409982082483,
  "avg_bottleneck_speed": 11.889013146927576,
  "max_bottleneck_speed": 30.56,
  "min_bottleneck_speed": 6.795417507923361,
  "avg_ramp_queue": 0.9541666666666667,
  "max_ramp_queue": 5.0,
  "min_ramp_queue": 0.0,
  "avg_throughput": 369.0257406849004,
  "max_throughput": 453.7309496542323,
  "min_throughput": 71.09238779083152,
  "avg_occupancy": 0.12262297763028483,
  "max_occupancy": 0.16792517234808,
  "min_occupancy": 0.027833832022823742,
  "avg_metering_rate": 744.3440997352203,
  "max_metering_rate": 1200.0,
  "min_metering_rate": 200.0,
  "total_reward": 217.58252026605135,
  "episode_steps": 240
}