{
  "avg_reward": -8.913291666666668,
  "max_reward": -1.65,
  "min_reward": -11.256666666666666,
  "avg_mainline_speed": 10.116771934360026,
  "max_mainline_speed": 23.288591169837815,
  "min_mainline_speed": 6.620046005574365,
  "avg_merge_speed": 10.900002763545903,
  "max_merge_speed": 30.56,
  "min_merge_speed": 4.50702054001247,
  "avg_bottleneck_speed": 11.842864704112149,
  "max_bottleneck_speed": 30.56,
  "min_bottleneck_speed": 7.609026492018514,
  "avg_ramp_queue": 1.3375,
  "max_ramp_queue": 6.0,
  "min_ramp_queue": 0.0,
  "avg_throughput": 367.00913253601954,
  "max_throughput": 439.3415891232514,
  "min_throughput": 69.96618807610763,
  "avg_occupancy": 0.11665343659387771,
  "max_occupancy": 0.16443889928714928,
  "min_occupancy": 0.027833832022823742,
  "avg_metering_rate": 401.17795287321013,
  "max_metering_rate": 1200.0,
  "min_metering_rate": 200.0,
  "total_reward": -2139.19,
  "episode_steps": 240
}