{
  "avg_reward": 0.9305183106714663,
  "max_reward": 2.298819768154787,
  "min_reward": 0.5885331704037113,
  "avg_mainline_speed": 10.3195725910312,
  "max_mainline_speed": 23.1245930446436,
  "min_mainline_speed": 6.626350108655148,
  "avg_merge_speed": 11.178204771192895,
  "max_merge_speed": 30.56,
  "min_merge_speed": 6.3497640409270355,
  "avg_bottleneck_speed": 12.079262263852971,
  "max_bottleneck_speed": 30.56,
  "min_bottleneck_speed": 7.544321605918461,
  "avg_ramp_queue": 1.0458333333333334,
  "max_ramp_queue": 5.0,
  "min_ramp_queue": 0.0,
  "avg_throughput": 363.72032074499526,
  "max_throughput": 434.14166395069117,
  "min_throughput": 66.03023307144637,
  "avg_occupancy": 0.11291632928864707,
  "max_occupancy": 0.15675042336326694,
  "min_occupancy": 0.027833832022823742,
  "avg_metering_rate": 688.70825159053,
  "max_metering_rate": 1200.0,
  "min_metering_rate": 200.0,
  "total_reward": 223.3243945611519,
  "episode_steps": 240
}