{
  "avg_reward": -0.28556294582741415,
  "max_reward": -0.05332835501308591,
  "min_reward": -0.8012612266782599,
  "avg_mainline_speed": 8.564081461888405,
  "max_mainline_speed": 24.94239308622286,
  "min_mainline_speed": 5.8882076184173195,
  "avg_bottleneck_speed": 11.681846229502776,
  "max_bottleneck_speed": 30.56,
  "min_bottleneck_speed": 7.441738462997193,
  "avg_ramp_queue": 0.4041666666666667,
  "max_ramp_queue": 4.0,
  "min_ramp_queue": 0.0,
  "avg_throughput": 373.8933577056706,
  "max_throughput": 434.1222343625757,
  "min_throughput": 212.43948055747788,
  "avg_occupancy": 0.14640049106952302,
  "max_occupancy": 0.17989149840364535,
  "min_occupancy": 0.04152784036517186,
  "avg_metering_rate": 2095.9427631273866,
  "max_metering_rate": 3239.9999141693115,
  "min_metering_rate": 360.00000536441803,
  "total_reward": -68.5351069985794,
  "episode_steps": 240
}