{
  "avg_reward": 0.8759832842208966,
  "max_reward": 2.317149391018749,
  "min_reward": 0.5839365924321701,
  "avg_mainline_speed": 9.4391078155121,
  "max_mainline_speed": 23.674481730562473,
  "min_mainline_speed": 6.515580621479706,
  "avg_merge_speed": 9.760199145033612,
  "max_merge_speed": 30.56,
  "min_merge_speed": 5.277996998386641,
  "avg_bottleneck_speed": 11.54914936296542,
  "max_bottleneck_speed": 30.56,
  "min_bottleneck_speed": 7.313937189554196,
  "avg_ramp_queue": 0.9666666666666667,
  "max_ramp_queue": 5.0,
  "min_ramp_queue": 0.0,
  "avg_throughput": 366.05495303744453,
  "max_throughput": 455.2540423099228,
  "min_throughput": 89.13100672518672,
  "avg_occupancy": 0.12345095568055695,
  "max_occupancy": 0.1684262894294752,
  "min_occupancy": 0.03131306102567671,
  "avg_metering_rate": 634.465775359422,
  "max_metering_rate": 1200.0,
  "min_metering_rate": 200.0,
  "total_reward": 210.23598821301516,
  "episode_steps": 240
}