{
  "avg_reward": 0.9658856182037714,
  "max_reward": 2.3520676702667997,
  "min_reward": 0.5775444921937638,
  "avg_mainline_speed": 10.882899278291113,
  "max_mainline_speed": 24.722030108003995,
  "min_mainline_speed": 6.873464155350902,
  "avg_merge_speed": 11.761788807479785,
  "max_merge_speed": 30.56,
  "min_merge_speed": 5.227274069954953,
  "avg_bottleneck_speed": 12.431890622992464,
  "max_bottleneck_speed": 30.56,
  "min_bottleneck_speed": 7.253976387713717,
  "avg_ramp_queue": 1.1083333333333334,
  "max_ramp_queue": 6.0,
  "min_ramp_queue": 0.0,
  "avg_throughput": 361.50458985584646,
  "max_throughput": 437.33585777772885,
  "min_throughput": 117.41481291610798,
  "avg_occupancy": 0.10539884165201117,
  "max_occupancy": 0.15249228203228374,
  "min_occupancy": 0.03131306102567671,
  "avg_metering_rate": 644.0227700397372,
  "max_metering_rate": 1200.0,
  "min_metering_rate": 200.0,
  "total_reward": 231.81254836890514,
  "episode_steps": 240
}