{
  "avg_reward": 0.9815396272162981,
  "max_reward": 2.3080943653764727,
  "min_reward": 0.577690909126765,
  "avg_mainline_speed": 11.531090377531163,
  "max_mainline_speed": 23.402830961294182,
  "min_mainline_speed": 8.170779775554943,
  "avg_bottleneck_speed": 12.512398959305186,
  "max_bottleneck_speed": 30.56,
  "min_bottleneck_speed": 7.413890657098633,
  "avg_ramp_queue": 2.370833333333333,
  "max_ramp_queue": 9.0,
  "min_ramp_queue": 0.0,
  "avg_throughput": 353.13433513368324,
  "max_throughput": 432.41378669541973,
  "min_throughput": 63.61945018717779,
  "avg_occupancy": 0.09790675216447395,
  "max_occupancy": 0.13065277443150555,
  "min_occupancy": 0.024354603019970774,
  "avg_metering_rate": 886.2625376880169,
  "max_metering_rate": 3239.9999141693115,
  "min_metering_rate": 360.00000536441803,
  "total_reward": 235.56951053191153,
  "episode_steps": 240
}