{
  "avg_reward": 0.937472014653902,
  "max_reward": 2.2889306968862333,
  "min_reward": 0.5872772134227036,
  "avg_mainline_speed": 10.488112063420123,
  "max_mainline_speed": 22.827920906586996,
  "min_mainline_speed": 7.1551323248738505,
  "avg_merge_speed": 11.21807048716488,
  "max_merge_speed": 30.56,
  "min_merge_speed": 6.69802364056684,
  "avg_bottleneck_speed": 12.06986558413129,
  "max_bottleneck_speed": 30.56,
  "min_bottleneck_speed": 7.308789385204839,
  "avg_ramp_queue": 0.9375,
  "max_ramp_queue": 4.0,
  "min_ramp_queue": 0.0,
  "avg_throughput": 369.3454532436641,
  "max_throughput": 443.53605061851334,
  "min_throughput": 51.5463390383269,
  "avg_occupancy": 0.11046269976281037,
  "max_occupancy": 0.14896096356269845,
  "min_occupancy": 0.024354603019970774,
  "avg_metering_rate": 763.5649179418882,
  "max_metering_rate": 1200.0,
  "min_metering_rate": 200.0,
  "total_reward": 224.99328351693646,
  "episode_steps": 240
}