{
  "avg_reward": 0.9310064586850556,
  "max_reward": 2.288378150665306,
  "min_reward": 0.5944262795549952,
  "avg_mainline_speed": 10.41127305808982,
  "max_mainline_speed": 22.81134451995918,
  "min_mainline_speed": 6.699622352754635,
  "avg_merge_speed": 11.495218180293714,
  "max_merge_speed": 30.56,
  "min_merge_speed": 5.554028674528452,
  "avg_bottleneck_speed": 12.034836023863454,
  "max_bottleneck_speed": 30.56,
  "min_bottleneck_speed": 7.008164529483442,
  "avg_ramp_queue": 1.0666666666666667,
  "max_ramp_queue": 5.0,
  "min_ramp_queue": 0.0,
  "avg_throughput": 365.90338291110163,
  "max_throughput": 431.43433672886715,
  "min_throughput": 51.19823491914282,
  "avg_occupancy": 0.11377965210996091,
  "max_occupancy": 0.1571925949298589,
  "min_occupancy": 0.024354603019970774,
  "avg_metering_rate": 691.0377147917947,
  "max_metering_rate": 1200.0,
  "min_metering_rate": 200.0,
  "total_reward": 223.44155008441334,
  "episode_steps": 240
}