{
  "avg_reward": 1.0233224445331244,
  "max_reward": 2.287378250683041,
  "min_reward": 0.5545980078097582,
  "avg_mainline_speed": 11.937257146650696,
  "max_mainline_speed": 22.781347520491224,
  "min_mainline_speed": 7.691899066263012,
  "avg_bottleneck_speed": 13.193277459562022,
  "max_bottleneck_speed": 30.56,
  "min_bottleneck_speed": 7.298136414461695,
  "avg_ramp_queue": 2.8541666666666665,
  "max_ramp_queue": 10.0,
  "min_ramp_queue": 0.0,
  "avg_throughput": 346.3826686101386,
  "max_throughput": 420.19360719919246,
  "min_throughput": 43.34425536884206,
  "avg_occupancy": 0.09492100666329709,
  "max_occupancy": 0.13861524892515553,
  "min_occupancy": 0.020875374017117806,
  "avg_metering_rate": 791.7169953882694,
  "max_metering_rate": 3239.9999141693115,
  "min_metering_rate": 360.00000536441803,
  "total_reward": 245.59738668794984,
  "episode_steps": 240
}