{
  "avg_reward": -0.2890779597605494,
  "max_reward": -0.04266503649019154,
  "min_reward": -0.7686590686639452,
  "avg_mainline_speed": 8.022222760185395,
  "max_mainline_speed": 22.422772011062843,
  "min_mainline_speed": 5.511879602816658,
  "avg_bottleneck_speed": 11.429066252613238,
  "max_bottleneck_speed": 30.56,
  "min_bottleneck_speed": 7.137377966717746,
  "avg_ramp_queue": 0.425,
  "max_ramp_queue": 5.0,
  "min_ramp_queue": 0.0,
  "avg_throughput": 366.1639653155802,
  "max_throughput": 446.97427423174565,
  "min_throughput": 101.53972200284962,
  "avg_occupancy": 0.15471587079190344,
  "max_occupancy": 0.19105276958438966,
  "min_occupancy": 0.03109015335661296,
  "avg_metering_rate": 2127.272307872772,
  "max_metering_rate": 3239.9999141693115,
  "min_metering_rate": 360.00000536441803,
  "total_reward": -69.37871034253186,
  "episode_steps": 240
}