{
  "avg_reward": -0.28804545967897716,
  "max_reward": -0.0271570403488684,
  "min_reward": -0.9397032281113655,
  "avg_mainline_speed": 8.401037775078464,
  "max_mainline_speed": 22.59809036743123,
  "min_mainline_speed": 4.8099698146283005,
  "avg_bottleneck_speed": 11.475046230198382,
  "max_bottleneck_speed": 30.56,
  "min_bottleneck_speed": 6.238856334956341,
  "avg_ramp_queue": 0.5,
  "max_ramp_queue": 4.0,
  "min_ramp_queue": 0.0,
  "avg_throughput": 367.9948401448306,
  "max_throughput": 444.59688620609734,
  "min_throughput": 123.84000922109301,
  "avg_occupancy": 0.14627565086762395,
  "max_occupancy": 0.20049576923756648,
  "min_occupancy": 0.0380486113623189,
  "avg_metering_rate": 2070.271433852613,
  "max_metering_rate": 3239.9999141693115,
  "min_metering_rate": 360.00000536441803,
  "total_reward": -69.13091032295452,
  "episode_steps": 240
}}