{
  "avg_reward": 0.9555110810264995,
  "max_reward": 2.2880598511000967,
  "min_reward": 0.6639551640062228,
  "avg_mainline_speed": 10.77240761747862,
  "max_mainline_speed": 22.801795533002903,
  "min_mainline_speed": 7.543749849833721,
  "avg_merge_speed": 11.71028445748887,
  "max_merge_speed": 30.56,
  "min_merge_speed": 5.962944404007666,
  "avg_bottleneck_speed": 12.356394319988688,
  "max_bottleneck_speed": 30.56,
  "min_bottleneck_speed": 8.116326521618959,
  "avg_ramp_queue": 1.2833333333333334,
  "max_ramp_queue": 5.0,
  "min_ramp_queue": 0.0,
  "avg_throughput": 367.3076663175119,
  "max_throughput": 445.6937214111643,
  "min_throughput": 58.28309279206968,
  "avg_occupancy": 0.10836437707494968,
  "max_occupancy": 0.1421652470182602,
  "min_occupancy": 0.027833832022823742,
  "avg_metering_rate": 568.5857426375151,
  "max_metering_rate": 1200.0,
  "min_metering_rate": 200.0,
  "total_reward": 229.3226594463599,
  "episode_steps": 240
}