{
  "avg_reward": 1.0112027792621505,
  "max_reward": 2.290212155380689,
  "min_reward": 0.6322300023923081,
  "avg_mainline_speed": 11.73749709631874,
  "max_mainline_speed": 22.866364661420665,
  "min_mainline_speed": 7.807484564314791,
  "avg_bottleneck_speed": 12.940057521030518,
  "max_bottleneck_speed": 30.56,
  "min_bottleneck_speed": 7.607651445381048,
  "avg_ramp_queue": 2.254166666666667,
  "max_ramp_queue": 8.0,
  "min_ramp_queue": 0.0,
  "avg_throughput": 352.95000005882554,
  "max_throughput": 428.5608777224602,
  "min_throughput": 44.87456390557199,
  "avg_occupancy": 0.09763155597020876,
  "max_occupancy": 0.1382111624753852,
  "min_occupancy": 0.023724091235871048,
  "avg_metering_rate": 938.4261935949326,
  "max_metering_rate": 3239.9999141693115,
  "min_metering_rate": 360.00000536441803,
  "total_reward": 242.68866702291612,
  "episode_steps": 240
}