{
  "avg_reward": -0.294854547941246,
  "max_reward": 0.0039491973215167175,
  "min_reward": -0.7082685939309996,
  "avg_mainline_speed": 8.69782742341848,
  "max_mainline_speed": 24.82260711823932,
  "min_mainline_speed": 6.030729354415683,
  "avg_bottleneck_speed": 11.816240450405383,
  "max_bottleneck_speed": 30.56,
  "min_bottleneck_speed": 6.776026160048501,
  "avg_ramp_queue": 0.4375,
  "max_ramp_queue": 4.0,
  "min_ramp_queue": 0.0,
  "avg_throughput": 371.0738060271921,
  "max_throughput": 449.1394470145876,
  "min_throughput": 207.9243495625672,
  "avg_occupancy": 0.14456084663203145,
  "max_occupancy": 0.18178362086427455,
  "min_occupancy": 0.04152784036517186,
  "avg_metering_rate": 2092.880507335067,
  "max_metering_rate": 3239.9999141693115,
  "min_metering_rate": 360.00000536441803,
  "total_reward": -70.76509150589904,
  "episode_steps": 240
}