{
  "avg_reward": -8.868958333333332,
  "max_reward": -1.35,
  "min_reward": -10.52,
  "avg_mainline_speed": 10.013151179327076,
  "max_mainline_speed": 22.74196889279398,
  "min_mainline_speed": 7.440696135924473,
  "avg_merge_speed": 10.614378892080879,
  "max_merge_speed": 30.56,
  "min_merge_speed": 6.19608737337289,
  "avg_bottleneck_speed": 11.504686055184834,
  "max_bottleneck_speed": 30.56,
  "min_bottleneck_speed": 7.724883592057235,
  "avg_ramp_queue": 1.2083333333333333,
  "max_ramp_queue": 6.0,
  "min_ramp_queue": 0.0,
  "avg_throughput": 368.337256371637,
  "max_throughput": 449.4367998106642,
  "min_throughput": 42.63544007029172,
  "avg_occupancy": 0.11533590697272653,
  "max_occupancy": 0.1512530520842741,
  "min_occupancy": 0.020875374017117806,
  "avg_metering_rate": 464.88035342345637,
  "max_metering_rate": 960.0,
  "min_metering_rate": 259.18096005916595,
  "avg_tts_step": 885.6875,
  "max_tts_step": 1050.0,
  "min_tts_step": 135.0,
  "total_reward": -2128.5499999999997,
  "episode_steps": 240,
  "total_tts": 212565.0
}