{
  "avg_reward": 0.8705216651643547,
  "max_reward": 2.3125300336662367,
  "min_reward": -0.5505554317465546,
  "avg_mainline_speed": 9.52164642924518,
  "max_mainline_speed": 23.535901009987104,
  "min_mainline_speed": 5.069472724813672,
  "avg_merge_speed": 10.20322676735328,
  "max_merge_speed": 30.56,
  "min_merge_speed": 4.039001103847005,
  "avg_bottleneck_speed": 11.679335683790308,
  "max_bottleneck_speed": 30.56,
  "min_bottleneck_speed": 5.867136832632593,
  "avg_ramp_queue": 1.1,
  "max_ramp_queue": 6.0,
  "min_ramp_queue": 0.0,
  "avg_throughput": 364.54098115982185,
  "max_throughput": 437.8081116645318,
  "min_throughput": 75.90162423969056,
  "avg_occupancy": 0.12757632881361192,
  "max_occupancy": 0.19537042362739965,
  "min_occupancy": 0.027833832022823742,
  "avg_metering_rate": 634.5338368788362,
  "max_metering_rate": 1200.0,
  "min_metering_rate": 200.0,
  "total_reward": 208.92519963944514,
  "episode_steps": 240
}