{
  "avg_reward": 0.9161509440663169,
  "max_reward": 2.34429060425364,
  "min_reward": 0.6082148244135956,
  "avg_mainline_speed": 10.234234185765255,
  "max_mainline_speed": 24.4887181276092,
  "min_mainline_speed": 7.411570294300578,
  "avg_merge_speed": 10.786856181410352,
  "max_merge_speed": 30.56,
  "min_merge_speed": 4.214012362660713,
  "avg_bottleneck_speed": 11.839084979705056,
  "max_bottleneck_speed": 30.56,
  "min_bottleneck_speed": 7.370455318653062,
  "avg_ramp_queue": 1.0166666666666666,
  "max_ramp_queue": 5.0,
  "min_ramp_queue": 0.0,
  "avg_throughput": 366.56176149732033,
  "max_throughput": 444.6280830222075,
  "min_throughput": 135.80769821110357,
  "avg_occupancy": 0.11248551651712455,
  "max_occupancy": 0.14962977448495982,
  "min_occupancy": 0.03827151903138264,
  "avg_metering_rate": 669.6620552490155,
  "max_metering_rate": 1200.0,
  "min_metering_rate": 200.0,
  "total_reward": 219.87622657591606,
  "episode_steps": 240
}