{
  "avg_reward": 0.935869846469554,
  "max_reward": 2.372205038155517,
  "min_reward": 0.5600383261329007,
  "avg_mainline_speed": 10.494537166741711,
  "max_mainline_speed": 25.326151144665506,
  "min_mainline_speed": 5.885900442609761,
  "avg_merge_speed": 11.358319825625935,
  "max_merge_speed": 30.56,
  "min_merge_speed": 5.979591543196819,
  "avg_bottleneck_speed": 12.104372151563272,
  "max_bottleneck_speed": 30.56,
  "min_bottleneck_speed": 7.610166227584841,
  "avg_ramp_queue": 1.15,
  "max_ramp_queue": 7.0,
  "min_ramp_queue": 0.0,
  "avg_throughput": 364.21247316010795,
  "max_throughput": 443.2921944319399,
  "min_throughput": 133.72608090596873,
  "avg_occupancy": 0.1110208617004141,
  "max_occupancy": 0.166316059829858,
  "min_occupancy": 0.03131306102567671,
  "avg_metering_rate": 712.9497323185205,
  "max_metering_rate": 1200.0,
  "min_metering_rate": 200.0,
  "total_reward": 224.60876315269294,
  "episode_steps": 240
}