{
  "avg_reward": 0.8622971328880673,
  "max_reward": 2.2929697181153403,
  "min_reward": 0.49843956487968627,
  "avg_mainline_speed": 9.375123217132435,
  "max_mainline_speed": 22.949091543460213,
  "min_mainline_speed": 5.993968594847203,
  "avg_merge_speed": 9.896539171242715,
  "max_merge_speed": 30.56,
  "min_merge_speed": 5.186337263677645,
  "avg_bottleneck_speed": 11.401416068561947,
  "max_bottleneck_speed": 30.56,
  "min_bottleneck_speed": 6.30614556769559,
  "avg_ramp_queue": 1.2166666666666666,
  "max_ramp_queue": 6.0,
  "min_ramp_queue": 0.0,
  "avg_throughput": 361.08507898305925,
  "max_throughput": 429.03424006650965,
  "min_throughput": 61.81819704304509,
  "avg_occupancy": 0.12661430680771896,
  "max_occupancy": 0.17787052498927014,
  "min_occupancy": 0.027833832022823742,
  "avg_metering_rate": 582.5600103319933,
  "max_metering_rate": 1200.0,
  "min_metering_rate": 200.0,
  "total_reward": 206.95131189313616,
  "episode_steps": 240
}