{
  "avg_reward": -0.2935359673760424,
  "max_reward": -0.04382266992338929,
  "min_reward": -1.1137814358833167,
  "avg_mainline_speed": 7.806713608441351,
  "max_mainline_speed": 22.99040172137228,
  "min_mainline_speed": 4.842780429189273,
  "avg_bottleneck_speed": 11.03103633523988,
  "max_bottleneck_speed": 30.56,
  "min_bottleneck_speed": 5.96735316698839,
  "avg_ramp_queue": 0.44166666666666665,
  "max_ramp_queue": 4.0,
  "min_ramp_queue": 0.0,
  "avg_throughput": 361.8341905681158,
  "max_throughput": 433.31829189811214,
  "min_throughput": 148.09194894461962,
  "avg_occupancy": 0.1576364783109265,
  "max_occupancy": 0.20667249119925904,
  "min_occupancy": 0.04152784036517186,
  "avg_metering_rate": 2190.491995587945,
  "max_metering_rate": 3239.9999141693115,
  "min_metering_rate": 360.00000536441803,
  "total_reward": -70.44863217025016,
  "episode_steps": 240
}