{
  "avg_reward": 0.9552624480088423,
  "max_reward": 2.319311690821862,
  "min_reward": 0.4624261080396546,
  "avg_mainline_speed": 11.282920058490541,
  "max_mainline_speed": 23.739350724655853,
  "min_mainline_speed": 5.8523015151587146,
  "avg_bottleneck_speed": 12.311302254516486,
  "max_bottleneck_speed": 30.56,
  "min_bottleneck_speed": 5.468280240701278,
  "avg_ramp_queue": 3.033333333333333,
  "max_ramp_queue": 11.0,
  "min_ramp_queue": 0.0,
  "avg_throughput": 351.46986197547,
  "max_throughput": 450.1318776188416,
  "min_throughput": 80.78441739174055,
  "avg_occupancy": 0.10096135601216956,
  "max_occupancy": 0.18003308775462193,
  "min_occupancy": 0.027833832022823742,
  "avg_metering_rate": 753.0637869983912,
  "max_metering_rate": 3239.9999141693115,
  "min_metering_rate": 360.00000536441803,
  "total_reward": 229.26298752212216,
  "episode_steps": 240
}