{
  "avg_reward": 1.030180697579783,
  "max_reward": 2.2916076385948854,
  "min_reward": 0.5855564774643394,
  "avg_mainline_speed": 11.97355341547698,
  "max_mainline_speed": 22.908229157846563,
  "min_mainline_speed": 6.926707453655802,
  "avg_bottleneck_speed": 13.298245007944335,
  "max_bottleneck_speed": 30.56,
  "min_bottleneck_speed": 7.3333245801829205,
  "avg_ramp_queue": 2.8208333333333333,
  "max_ramp_queue": 9.0,
  "min_ramp_queue": 0.0,
  "avg_throughput": 347.7996321212376,
  "max_throughput": 434.93652376607105,
  "min_throughput": 53.232812314777874,
  "avg_occupancy": 0.0942925472565797,
  "max_occupancy": 0.14106423936378865,
  "min_occupancy": 0.024354603019970774,
  "avg_metering_rate": 847.5719302520156,
  "max_metering_rate": 3239.9999141693115,
  "min_metering_rate": 360.00000536441803,
  "total_reward": 247.2433674191479,
  "episode_steps": 240
}