{
  "avg_reward": 0.9472368556994737,
  "max_reward": 2.2460986118387725,
  "min_reward": 0.6037513981833099,
  "avg_mainline_speed": 10.574852686014689,
  "max_mainline_speed": 21.54295835516317,
  "min_mainline_speed": 6.672129287140625,
  "avg_merge_speed": 11.248723311452867,
  "max_merge_speed": 27.54032391100346,
  "min_merge_speed": 5.456926092834118,
  "avg_bottleneck_speed": 12.240668656646346,
  "max_bottleneck_speed": 30.56,
  "min_bottleneck_speed": 7.325765237091275,
  "avg_ramp_queue": 1.0375,
  "max_ramp_queue": 5.0,
  "min_ramp_queue": 0.0,
  "avg_throughput": 370.14367380048975,
  "max_throughput": 440.1510350797095,
  "min_throughput": 60.18307968343372,
  "avg_occupancy": 0.1105107390294296,
  "max_occupancy": 0.152613745104083,
  "min_occupancy": 0.020652466348054056,
  "avg_metering_rate": 660.4000377779206,
  "max_metering_rate": 1200.0,
  "min_metering_rate": 200.0,
  "total_reward": 227.33684536787368,
  "episode_steps": 240
}