{
  "avg_reward": 0.8759066329896427,
  "max_reward": 2.3269392212678808,
  "min_reward": 0.5947803641143316,
  "avg_mainline_speed": 9.986376784318976,
  "max_mainline_speed": 23.968176638036425,
  "min_mainline_speed": 6.753716971248178,
  "avg_merge_speed": 10.652488778855961,
  "max_merge_speed": 30.56,
  "min_merge_speed": 5.774285551720037,
  "avg_bottleneck_speed": 11.284159248024647,
  "max_bottleneck_speed": 30.56,
  "min_bottleneck_speed": 7.5543943873715405,
  "avg_ramp_queue": 1.2708333333333333,
  "max_ramp_queue": 7.0,
  "min_ramp_queue": 0.0,
  "avg_throughput": 366.7218678758735,
  "max_throughput": 450.3945409580241,
  "min_throughput": 97.06076922698345,
  "avg_occupancy": 0.11440664169580271,
  "max_occupancy": 0.1475509154123574,
  "min_occupancy": 0.03131306102567671,
  "avg_metering_rate": 559.0239744012555,
  "max_metering_rate": 1200.0,
  "min_metering_rate": 200.0,
  "total_reward": 210.21759191751423,
  "episode_steps": 240
}