{
  "avg_reward": 0.9129615077390597,
  "max_reward": 2.2965874104025383,
  "min_reward": 0.41302411177924214,
  "avg_mainline_speed": 10.41251492837667,
  "max_mainline_speed": 23.057622312076152,
  "min_mainline_speed": 4.335903612097433,
  "avg_bottleneck_speed": 11.882553535863416,
  "max_bottleneck_speed": 30.56,
  "min_bottleneck_speed": 5.363078075746621,
  "avg_ramp_queue": 2.3541666666666665,
  "max_ramp_queue": 13.0,
  "min_ramp_queue": 0.0,
  "avg_throughput": 353.6593604827246,
  "max_throughput": 436.05137570142347,
  "min_throughput": 56.370068553599246,
  "avg_occupancy": 0.11430674791439951,
  "max_occupancy": 0.22117248654661958,
  "min_occupancy": 0.024354603019970774,
  "avg_metering_rate": 1066.1923461779952,
  "max_metering_rate": 3239.9999141693115,
  "min_metering_rate": 360.00000536441803,
  "total_reward": 219.11076185737434,
  "episode_steps": 240
}