{
  "avg_reward": 0.9742791274803702,
  "max_reward": 2.3248270184677065,
  "min_reward": 0.5483040977453675,
  "avg_mainline_speed": 11.43199602117125,
  "max_mainline_speed": 23.9048105540312,
  "min_mainline_speed": 7.833992505238115,
  "avg_bottleneck_speed": 12.50725186882657,
  "max_bottleneck_speed": 30.56,
  "min_bottleneck_speed": 6.788832287884842,
  "avg_ramp_queue": 2.6791666666666667,
  "max_ramp_queue": 9.0,
  "min_ramp_queue": 0.0,
  "avg_throughput": 352.40952611379186,
  "max_throughput": 419.902353217136,
  "min_throughput": 84.75545329674878,
  "avg_occupancy": 0.09970365355092027,
  "max_occupancy": 0.14586587012622027,
  "min_occupancy": 0.027833832022823742,
  "avg_metering_rate": 830.1378487050533,
  "max_metering_rate": 3239.9999141693115,
  "min_metering_rate": 360.00000536441803,
  "total_reward": 233.82699059528883,
  "episode_steps": 240
}