{
  "avg_reward": -0.29070588237007206,
  "max_reward": -0.007511336181116712,
  "min_reward": -0.850849937350809,
  "avg_mainline_speed": 8.412478064585727,
  "max_mainline_speed": 23.016775126216512,
  "min_mainline_speed": 5.787434917983727,
  "avg_bottleneck_speed": 11.405974005178399,
  "max_bottleneck_speed": 30.56,
  "min_bottleneck_speed": 7.472944928006262,
  "avg_ramp_queue": 0.5125,
  "max_ramp_queue": 6.0,
  "min_ramp_queue": 0.0,
  "avg_throughput": 370.98815971713964,
  "max_throughput": 451.37095963873367,
  "min_throughput": 146.77811063025547,
  "avg_occupancy": 0.1481543474359169,
  "max_occupancy": 0.18257817291819992,
  "min_occupancy": 0.04152784036517186,
  "avg_metering_rate": 2024.332618676126,
  "max_metering_rate": 3239.9999141693115,
  "min_metering_rate": 360.00000536441803,
  "total_reward": -69.76941176881729,
  "episode_steps": 240
}