{
  "avg_reward": 0.8932300252437753,
  "max_reward": 2.307725916246569,
  "min_reward": -0.5290260170242955,
  "avg_mainline_speed": 10.016416787889648,
  "max_mainline_speed": 23.39177748739706,
  "min_mainline_speed": 6.053290601310039,
  "avg_merge_speed": 10.608779955265362,
  "max_merge_speed": 30.56,
  "min_merge_speed": 5.36604553129651,
  "avg_bottleneck_speed": 11.659211535171295,
  "max_bottleneck_speed": 30.56,
  "min_bottleneck_speed": 5.9245627460481955,
  "avg_ramp_queue": 1.1666666666666667,
  "max_ramp_queue": 4.0,
  "min_ramp_queue": 0.0,
  "avg_throughput": 367.4627318033288,
  "max_throughput": 443.7665918295032,
  "min_throughput": 72.44265969752941,
  "avg_occupancy": 0.11594746675264857,
  "max_occupancy": 0.16659672309809076,
  "min_occupancy": 0.027833832022823742,
  "avg_metering_rate": 660.534601037701,
  "max_metering_rate": 1200.0,
  "min_metering_rate": 200.0,
  "total_reward": 214.37520605850605,
  "episode_steps": 240
}