{
  "avg_reward": 0.9862336575689435,
  "max_reward": 2.256429086073756,
  "min_reward": 0.5406036223218055,
  "avg_mainline_speed": 11.536199507065207,
  "max_mainline_speed": 21.85287258221268,
  "min_mainline_speed": 7.674672132176409,
  "avg_bottleneck_speed": 12.69187348000207,
  "max_bottleneck_speed": 30.56,
  "min_bottleneck_speed": 7.310068836368319,
  "avg_ramp_queue": 2.7416666666666667,
  "max_ramp_queue": 10.0,
  "min_ramp_queue": 0.0,
  "avg_throughput": 350.02365281696706,
  "max_throughput": 453.87746869736804,
  "min_throughput": 72.8556892356277,
  "avg_occupancy": 0.09899184950471529,
  "max_occupancy": 0.14466776345903795,
  "min_occupancy": 0.024131695350907024,
  "avg_metering_rate": 830.8463560044765,
  "max_metering_rate": 3239.9999141693115,
  "min_metering_rate": 360.00000536441803,
  "total_reward": 236.69607781654645,
  "episode_steps": 240
}