{
  "avg_reward": -0.27989792253206364,
  "max_reward": 0.053901687266413034,
  "min_reward": -0.8051813687856273,
  "avg_mainline_speed": 8.060943076485776,
  "max_mainline_speed": 25.50850354347911,
  "min_mainline_speed": 4.8163727433133765,
  "avg_bottleneck_speed": 11.019368645657751,
  "max_bottleneck_speed": 30.56,
  "min_bottleneck_speed": 5.5591077587451645,
  "avg_ramp_queue": 0.675,
  "max_ramp_queue": 6.0,
  "min_ramp_queue": 0.0,
  "avg_throughput": 364.35009885450506,
  "max_throughput": 448.6135107028166,
  "min_throughput": 184.86612756524806,
  "avg_occupancy": 0.15277452053204313,
  "max_occupancy": 0.19995726391739263,
  "min_occupancy": 0.04175074803423561,
  "avg_metering_rate": 2012.6409047842026,
  "max_metering_rate": 3239.9999141693115,
  "min_metering_rate": 360.00000536441803,
  "total_reward": -67.17550140769528,
  "episode_steps": 240
}