{
  "avg_reward": -8.841527777777777,
  "max_reward": -1.8,
  "min_reward": -11.55,
  "avg_mainline_speed": 10.241937277396854,
  "max_mainline_speed": 21.31873683250352,
  "min_mainline_speed": 6.877944133645865,
  "avg_merge_speed": 11.081486005625095,
  "max_merge_speed": 27.546552434099528,
  "min_merge_speed": 5.539570249215909,
  "avg_bottleneck_speed": 11.82736571886215,
  "max_bottleneck_speed": 30.56,
  "min_bottleneck_speed": 7.576723560745338,
  "avg_ramp_queue": 1.3541666666666667,
  "max_ramp_queue": 6.0,
  "min_ramp_queue": 0.0,
  "avg_throughput": 367.77656262582553,
  "max_throughput": 429.6835891435949,
  "min_throughput": 68.4941588779768,
  "avg_occupancy": 0.11530683615124164,
  "max_occupancy": 0.16233129666297585,
  "min_occupancy": 0.027610924353759992,
  "avg_metering_rate": 420.6579307715098,
  "max_metering_rate": 1200.0,
  "min_metering_rate": 200.0,
  "total_reward": -2121.9666666666667,
  "episode_steps": 240
}