{
  "avg_reward": -9.154555555555556,
  "max_reward": -1.65,
  "min_reward": -11.85,
  "avg_mainline_speed": 9.762733320047259,
  "max_mainline_speed": 21.966895406040067,
  "min_mainline_speed": 5.919510175603416,
  "avg_merge_speed": 10.30074582216833,
  "max_merge_speed": 27.530699363212722,
  "min_merge_speed": 4.192070188586775,
  "avg_bottleneck_speed": 11.897281547693865,
  "max_bottleneck_speed": 30.56,
  "min_bottleneck_speed": 7.033774900952786,
  "avg_ramp_queue": 1.2458333333333333,
  "max_ramp_queue": 5.0,
  "min_ramp_queue": 0.0,
  "avg_throughput": 369.42849048536084,
  "max_throughput": 442.85369264818473,
  "min_throughput": 82.20060734756504,
  "avg_occupancy": 0.1231204599576315,
  "max_occupancy": 0.17726637851532734,
  "min_occupancy": 0.027610924353759992,
  "avg_metering_rate": 398.3543780942758,
  "max_metering_rate": 1200.0,
  "min_metering_rate": 200.0,
  "total_reward": -2197.0933333333332,
  "episode_steps": 240
}