{
  "avg_reward": -8.863888888888887,
  "max_reward": -1.65,
  "min_reward": -11.106666666666666,
  "avg_mainline_speed": 10.179446941555414,
  "max_mainline_speed": 21.935585712753625,
  "min_mainline_speed": 6.937652617908985,
  "avg_merge_speed": 10.800101874477495,
  "max_merge_speed": 27.625117944555047,
  "min_merge_speed": 4.649717520541488,
  "avg_bottleneck_speed": 12.171340344600667,
  "max_bottleneck_speed": 30.56,
  "min_bottleneck_speed": 7.450876164737077,
  "avg_ramp_queue": 1.1458333333333333,
  "max_ramp_queue": 5.0,
  "min_ramp_queue": 0.0,
  "avg_throughput": 366.7527578513476,
  "max_throughput": 449.586649840695,
  "min_throughput": 73.35495310679006,
  "avg_occupancy": 0.11654901165627181,
  "max_occupancy": 0.15991222008501368,
  "min_occupancy": 0.022665868888702395,
  "avg_metering_rate": 382.77370495100814,
  "max_metering_rate": 1200.0,
  "min_metering_rate": 200.0,
  "total_reward": -2127.333333333333,
  "episode_steps": 240
}