{
  "avg_reward": 0.9369211511496205,
  "max_reward": 2.231984480416262,
  "min_reward": 0.5208962645853823,
  "avg_mainline_speed": 10.445476696960732,
  "max_mainline_speed": 21.21403211376725,
  "min_mainline_speed": 6.395328478928152,
  "avg_merge_speed": 11.177978371339028,
  "max_merge_speed": 27.623799156049888,
  "min_merge_speed": 5.182089975780968,
  "avg_bottleneck_speed": 12.196994113907476,
  "max_bottleneck_speed": 30.56,
  "min_bottleneck_speed": 6.695332010591953,
  "avg_ramp_queue": 1.2666666666666666,
  "max_ramp_queue": 5.0,
  "min_ramp_queue": 0.0,
  "avg_throughput": 362.9313745852608,
  "max_throughput": 449.0272727964792,
  "min_throughput": 58.67262364453219,
  "avg_occupancy": 0.11062932111914169,
  "max_occupancy": 0.1545841480906055,
  "min_occupancy": 0.024131695350907024,
  "avg_metering_rate": 553.9094823723038,
  "max_metering_rate": 1200.0,
  "min_metering_rate": 200.0,
  "total_reward": 224.8610762759089,
  "episode_steps": 240
}