{
  "avg_reward": -8.76686111111111,
  "max_reward": -1.35,
  "min_reward": -10.813333333333334,
  "avg_mainline_speed": 10.231535224689141,
  "max_mainline_speed": 22.523397208923402,
  "min_mainline_speed": 6.569795314653139,
  "avg_merge_speed": 10.843022921631873,
  "max_merge_speed": 30.56,
  "min_merge_speed": 6.397485995851673,
  "avg_bottleneck_speed": 12.092412788709092,
  "max_bottleneck_speed": 30.56,
  "min_bottleneck_speed": 7.619544876744109,
  "avg_ramp_queue": 1.4041666666666666,
  "max_ramp_queue": 5.0,
  "min_ramp_queue": 0.0,
  "avg_throughput": 367.644798490921,
  "max_throughput": 455.0717319452092,
  "min_throughput": 45.15134138739152,
  "avg_occupancy": 0.11429139918254441,
  "max_occupancy": 0.16014176405534514,
  "min_occupancy": 0.024354603019970774,
  "avg_metering_rate": 435.9693206225832,
  "max_metering_rate": 1200.0,
  "min_metering_rate": 200.0,
  "total_reward": -2104.0466666666666,
  "episode_steps": 240
}