{
  "avg_reward": 0.9054650092790214,
  "max_reward": 2.325507442629627,
  "min_reward": 0.6222527240696017,
  "avg_mainline_speed": 10.269582270763216,
  "max_mainline_speed": 23.92522327888881,
  "min_mainline_speed": 7.319546553033983,
  "avg_merge_speed": 10.9105232477823,
  "max_merge_speed": 30.56,
  "min_merge_speed": 6.007928521591855,
  "avg_bottleneck_speed": 11.680967560627176,
  "max_bottleneck_speed": 30.56,
  "min_bottleneck_speed": 7.583852488391226,
  "avg_ramp_queue": 1.2541666666666667,
  "max_ramp_queue": 6.0,
  "min_ramp_queue": 0.0,
  "avg_throughput": 364.0897739585925,
  "max_throughput": 431.86428124989214,
  "min_throughput": 85.24535869333153,
  "avg_occupancy": 0.1105527819819263,
  "max_occupancy": 0.14300857150132526,
  "min_occupancy": 0.027833832022823742,
  "avg_metering_rate": 576.9629511671761,
  "max_metering_rate": 1200.0,
  "min_metering_rate": 200.0,
  "total_reward": 217.31160222696514,
  "episode_steps": 240
}