{
  "avg_reward": 0.9181936144655586,
  "max_reward": 2.3144439127589984,
  "min_reward": 0.516845038753724,
  "avg_mainline_speed": 10.520421396859842,
  "max_mainline_speed": 23.59331738276995,
  "min_mainline_speed": 7.00243895196662,
  "avg_bottleneck_speed": 11.833258024737946,
  "max_bottleneck_speed": 30.56,
  "min_bottleneck_speed": 6.628608140430067,
  "avg_ramp_queue": 2.0125,
  "max_ramp_queue": 8.0,
  "min_ramp_queue": 0.0,
  "avg_throughput": 357.3399812265619,
  "max_throughput": 438.1521536357378,
  "min_throughput": 77.27961718647879,
  "avg_occupancy": 0.1092182783455146,
  "max_occupancy": 0.15105973253938143,
  "min_occupancy": 0.027833832022823742,
  "avg_metering_rate": 1108.6827245727181,
  "max_metering_rate": 3239.9999141693115,
  "min_metering_rate": 360.00000536441803,
  "total_reward": 220.36646747173407,
  "episode_steps": 240
}