{
  "avg_reward": 0.9536776475792427,
  "max_reward": 2.2582847152566217,
  "min_reward": 0.514420323536401,
  "avg_mainline_speed": 11.13041220796731,
  "max_mainline_speed": 21.90854145769865,
  "min_mainline_speed": 6.58443322830541,
  "avg_bottleneck_speed": 12.233278146273316,
  "max_bottleneck_speed": 30.56,
  "min_bottleneck_speed": 6.006096298940252,
  "avg_ramp_queue": 2.4166666666666665,
  "max_ramp_queue": 10.0,
  "min_ramp_queue": 0.0,
  "avg_throughput": 353.5983760229176,
  "max_throughput": 426.1782436038005,
  "min_throughput": 80.52033098764565,
  "avg_occupancy": 0.10272379601447514,
  "max_occupancy": 0.1564117417651644,
  "min_occupancy": 0.027610924353759992,
  "avg_metering_rate": 939.6482354030013,
  "max_metering_rate": 3239.9999141693115,
  "min_metering_rate": 360.00000536441803,
  "total_reward": 228.88263541901824,
  "episode_steps": 240
}