{
  "avg_reward": 0.9511192234498491,
  "max_reward": 2.261871769686762,
  "min_reward": 0.6179129677558445,
  "avg_mainline_speed": 10.625249574107562,
  "max_mainline_speed": 22.01615309060286,
  "min_mainline_speed": 6.645970333034967,
  "avg_merge_speed": 11.55027142369459,
  "max_merge_speed": 27.25394306087556,
  "min_merge_speed": 4.7832802789739945,
  "avg_bottleneck_speed": 12.336106975147496,
  "max_bottleneck_speed": 30.56,
  "min_bottleneck_speed": 8.128926390476108,
  "avg_ramp_queue": 1.1916666666666667,
  "max_ramp_queue": 6.0,
  "min_ramp_queue": 0.0,
  "avg_throughput": 367.54172120460777,
  "max_throughput": 440.48567932560695,
  "min_throughput": 101.36458895927274,
  "avg_occupancy": 0.11125486654986692,
  "max_occupancy": 0.15810237165940133,
  "min_occupancy": 0.03456938235946593,
  "avg_metering_rate": 549.793333777537,
  "max_metering_rate": 1200.0,
  "min_metering_rate": 200.0,
  "total_reward": 228.2686136279638,
  "episode_steps": 240
}