{
  "avg_reward": 0.8664235481002603,
  "max_reward": 2.335605061010374,
  "min_reward": 0.6062818440621078,
  "avg_mainline_speed": 9.36542375004976,
  "max_mainline_speed": 24.22815183031121,
  "min_mainline_speed": 6.259244699318306,
  "avg_merge_speed": 9.73046386301699,
  "max_merge_speed": 30.56,
  "min_merge_speed": 5.142183976448052,
  "avg_bottleneck_speed": 11.394577350860922,
  "max_bottleneck_speed": 30.56,
  "min_bottleneck_speed": 7.6734668624017415,
  "avg_ramp_queue": 0.9291666666666667,
  "max_ramp_queue": 6.0,
  "min_ramp_queue": 0.0,
  "avg_throughput": 366.0689946526083,
  "max_throughput": 437.0861229956691,
  "min_throughput": 92.51564392746903,
  "avg_occupancy": 0.12536364472754524,
  "max_occupancy": 0.17441881959949102,
  "min_occupancy": 0.027833832022823742,
  "avg_metering_rate": 763.6583639929692,
  "max_metering_rate": 1200.0,
  "min_metering_rate": 200.0,
  "total_reward": 207.9416515440625,
  "episode_steps": 240
}