{
  "avg_reward": 0.8789817119947145,
  "max_reward": 2.2930954173280775,
  "min_reward": 0.619270950212259,
  "avg_mainline_speed": 9.514379515434594,
  "max_mainline_speed": 22.952862519842324,
  "min_mainline_speed": 6.554764384115288,
  "avg_merge_speed": 10.003776976174565,
  "max_merge_speed": 27.32277532888266,
  "min_merge_speed": 5.486086189782352,
  "avg_bottleneck_speed": 11.546436785160115,
  "max_bottleneck_speed": 30.56,
  "min_bottleneck_speed": 7.790241555107015,
  "avg_ramp_queue": 0.9291666666666667,
  "max_ramp_queue": 4.0,
  "min_ramp_queue": 0.0,
  "avg_throughput": 373.8674629094055,
  "max_throughput": 454.2395074404954,
  "min_throughput": 126.10508540468146,
  "avg_occupancy": 0.12577904939490836,
  "max_occupancy": 0.1761866758245987,
  "min_occupancy": 0.03456938235946593,
  "avg_metering_rate": 707.2108445378641,
  "max_metering_rate": 1200.0,
  "min_metering_rate": 200.0,
  "total_reward": 210.95561087873148,
  "episode_steps": 240
}