{
  "avg_reward": 0.9015688294479156,
  "max_reward": 2.3275560615476785,
  "min_reward": 0.5045163741089306,
  "avg_mainline_speed": 10.090511023893338,
  "max_mainline_speed": 23.986681846430354,
  "min_mainline_speed": 5.729721666614267,
  "avg_merge_speed": 10.863375832881324,
  "max_merge_speed": 30.56,
  "min_merge_speed": 4.968559959971837,
  "avg_bottleneck_speed": 11.755758128584977,
  "max_bottleneck_speed": 30.56,
  "min_bottleneck_speed": 6.512033765251758,
  "avg_ramp_queue": 1.3541666666666667,
  "max_ramp_queue": 7.0,
  "min_ramp_queue": 0.0,
  "avg_throughput": 364.20014940619075,
  "max_throughput": 437.0754184407606,
  "min_throughput": 86.72036431432852,
  "avg_occupancy": 0.11593731568809221,
  "max_occupancy": 0.17537448405097025,
  "min_occupancy": 0.027833832022823742,
  "avg_metering_rate": 554.9018398237725,
  "max_metering_rate": 1200.0,
  "min_metering_rate": 200.0,
  "total_reward": 216.37651906749974,
  "episode_steps": 240
}