{
  "avg_reward": 0.8748501994214908,
  "max_reward": 2.246391328330824,
  "min_reward": 0.5193802722767094,
  "avg_mainline_speed": 9.701332621000539,
  "max_mainline_speed": 21.551739849924715,
  "min_mainline_speed": 6.262946629293638,
  "avg_merge_speed": 10.182752291298803,
  "max_merge_speed": 27.31197007466263,
  "min_merge_speed": 4.423186852864389,
  "avg_bottleneck_speed": 11.398893352207233,
  "max_bottleneck_speed": 30.56,
  "min_bottleneck_speed": 6.386787888187881,
  "avg_ramp_queue": 1.1083333333333334,
  "max_ramp_queue": 6.0,
  "min_ramp_queue": 0.0,
  "avg_throughput": 365.8134148952145,
  "max_throughput": 436.44823953936196,
  "min_throughput": 74.79471640044326,
  "avg_occupancy": 0.11985278884483018,
  "max_occupancy": 0.16313093755053285,
  "min_occupancy": 0.025545088077078434,
  "avg_metering_rate": 661.6206781938672,
  "max_metering_rate": 1200.0,
  "min_metering_rate": 200.0,
  "total_reward": 209.96404786115778,
  "episode_steps": 240
}