{
  "avg_reward": 0.9709029905442549,
  "max_reward": 2.3161341674944387,
  "min_reward": 0.6592276035189981,
  "avg_mainline_speed": 11.29980822602852,
  "max_mainline_speed": 23.64402502483316,
  "min_mainline_speed": 7.327182052835741,
  "avg_bottleneck_speed": 12.518854326866087,
  "max_bottleneck_speed": 30.56,
  "min_bottleneck_speed": 8.013813383911653,
  "avg_ramp_queue": 2.6416666666666666,
  "max_ramp_queue": 10.0,
  "min_ramp_queue": 0.0,
  "avg_throughput": 351.7526267843054,
  "max_throughput": 450.33758412451874,
  "min_throughput": 68.6845255214964,
  "avg_occupancy": 0.10081959784348396,
  "max_occupancy": 0.14272331803091606,
  "min_occupancy": 0.024354603019970774,
  "avg_metering_rate": 881.7737608775496,
  "max_metering_rate": 3239.9999141693115,
  "min_metering_rate": 360.00000536441803,
  "total_reward": 233.01671773062117,
  "episode_steps": 240
}