{
  "avg_reward": 0.9445604208711063,
  "max_reward": 2.3024687953383567,
  "min_reward": 0.565357143982382,
  "avg_mainline_speed": 10.625650164157745,
  "max_mainline_speed": 23.234063860150698,
  "min_mainline_speed": 7.1189888860273784,
  "avg_merge_speed": 11.481492806675188,
  "max_merge_speed": 30.56,
  "min_merge_speed": 6.416240488623914,
  "avg_bottleneck_speed": 12.207441641316962,
  "max_bottleneck_speed": 30.56,
  "min_bottleneck_speed": 6.521573862284758,
  "avg_ramp_queue": 1.2,
  "max_ramp_queue": 6.0,
  "min_ramp_queue": 0.0,
  "avg_throughput": 368.7100270356584,
  "max_throughput": 441.80695840848534,
  "min_throughput": 77.2397242240689,
  "avg_occupancy": 0.11030987748034364,
  "max_occupancy": 0.15278337895016655,
  "min_occupancy": 0.03131306102567671,
  "avg_metering_rate": 537.4047274235636,
  "max_metering_rate": 1200.0,
  "min_metering_rate": 200.0,
  "total_reward": 226.6945010090655,
  "episode_steps": 240
}