{
  "avg_reward": 0.9749484037325253,
  "max_reward": 2.2996458952729153,
  "min_reward": 0.5561796610187433,
  "avg_mainline_speed": 11.306204444063562,
  "max_mainline_speed": 23.149376858187466,
  "min_mainline_speed": 7.415929253852984,
  "avg_bottleneck_speed": 12.469498445274796,
  "max_bottleneck_speed": 30.56,
  "min_bottleneck_speed": 6.809586108863151,
  "avg_ramp_queue": 2.1166666666666667,
  "max_ramp_queue": 8.0,
  "min_ramp_queue": 0.0,
  "avg_throughput": 350.7796554002065,
  "max_throughput": 434.5921614641944,
  "min_throughput": 66.62504459649915,
  "avg_occupancy": 0.09935694902584388,
  "max_occupancy": 0.1411006185461244,
  "min_occupancy": 0.027833832022823742,
  "avg_metering_rate": 967.2492111101747,
  "max_metering_rate": 3239.9999141693115,
  "min_metering_rate": 360.00000536441803,
  "total_reward": 233.98761689580607,
  "episode_steps": 240
}