{
  "avg_reward": 0.986363578098765,
  "max_reward": 2.306201982367538,
  "min_reward": 0.6488708798579147,
  "avg_mainline_speed": 11.547620834829472,
  "max_mainline_speed": 23.346059471026138,
  "min_mainline_speed": 7.793364360013309,
  "avg_bottleneck_speed": 12.678857672088984,
  "max_bottleneck_speed": 30.56,
  "min_bottleneck_speed": 7.50078910064241,
  "avg_ramp_queue": 2.7083333333333335,
  "max_ramp_queue": 13.0,
  "min_ramp_queue": 0.0,
  "avg_throughput": 352.5930641105876,
  "max_throughput": 419.912685339007,
  "min_throughput": 62.42724889154886,
  "avg_occupancy": 0.09874845252710675,
  "max_occupancy": 0.13483334970327474,
  "min_occupancy": 0.024354603019970774,
  "avg_metering_rate": 953.3495049923658,
  "max_metering_rate": 3239.9999141693115,
  "min_metering_rate": 360.00000536441803,
  "total_reward": 236.7272587437036,
  "episode_steps": 240
}}