{
  "avg_reward": 0.9168617599331678,
  "max_reward": 2.3374907458978487,
  "min_reward": 0.5149589258564,
  "avg_mainline_speed": 10.706991652577097,
  "max_mainline_speed": 24.28472237693546,
  "min_mainline_speed": 6.653167548146598,
  "avg_bottleneck_speed": 11.815240763611959,
  "max_bottleneck_speed": 30.56,
  "min_bottleneck_speed": 6.53600412745296,
  "avg_ramp_queue": 2.566666666666667,
  "max_ramp_queue": 10.0,
  "min_ramp_queue": 0.0,
  "avg_throughput": 352.6079605709753,
  "max_throughput": 423.1306421438527,
  "min_throughput": 117.34167130806381,
  "avg_occupancy": 0.1056848406316035,
  "max_occupancy": 0.15425247744353085,
  "min_occupancy": 0.034792290028529675,
  "avg_metering_rate": 836.6561866924167,
  "max_metering_rate": 3239.9999141693115,
  "min_metering_rate": 360.00000536441803,
  "total_reward": 220.04682238396026,
  "episode_steps": 240
}