{
  "avg_reward": -8.470472222222222,
  "max_reward": -1.5,
  "min_reward": -10.65,
  "avg_mainline_speed": 10.795506536786066,
  "max_mainline_speed": 22.9159779232742,
  "min_mainline_speed": 7.555020115530663,
  "avg_merge_speed": 11.551491182951661,
  "max_merge_speed": 30.56,
  "min_merge_speed": 5.911293069968392,
  "avg_bottleneck_speed": 12.745279664178463,
  "max_bottleneck_speed": 30.56,
  "min_bottleneck_speed": 8.438893521551881,
  "avg_ramp_queue": 1.1958333333333333,
  "max_ramp_queue": 6.0,
  "min_ramp_queue": 0.0,
  "avg_throughput": 367.6322678403851,
  "max_throughput": 443.30355678217427,
  "min_throughput": 53.395536388758174,
  "avg_occupancy": 0.10872204685126641,
  "max_occupancy": 0.15341452527021257,
  "min_occupancy": 0.024354603019970774,
  "avg_metering_rate": 452.2460641339421,
  "max_metering_rate": 1200.0,
  "min_metering_rate": 200.0,
  "total_reward": -2032.9133333333332,
  "episode_steps": 240
}