{
  "avg_reward": -0.28872838166297116,
  "max_reward": -0.07020903096765217,
  "min_reward": -0.74235719613021,
  "avg_mainline_speed": 8.304442785213896,
  "max_mainline_speed": 24.01385798280917,
  "min_mainline_speed": 5.927083891676027,
  "avg_bottleneck_speed": 11.64502346615269,
  "max_bottleneck_speed": 30.56,
  "min_bottleneck_speed": 7.2357495721468945,
  "avg_ramp_queue": 0.4083333333333333,
  "max_ramp_queue": 5.0,
  "min_ramp_queue": 0.0,
  "avg_throughput": 369.47830585843826,
  "max_throughput": 441.52503615172446,
  "min_throughput": 165.49046614497382,
  "avg_occupancy": 0.1519589552789446,
  "max_occupancy": 0.18666727249076176,
  "min_occupancy": 0.0380486113623189,
  "avg_metering_rate": 2197.6304710283875,
  "max_metering_rate": 3239.9999141693115,
  "min_metering_rate": 360.00000536441803,
  "total_reward": -69.29481159911307,
  "episode_steps": 240
}