{
  "avg_reward": 0.9590641592311989,
  "max_reward": 2.3599028443257666,
  "min_reward": 0.6373202881679274,
  "avg_mainline_speed": 10.6543830195558,
  "max_mainline_speed": 24.957085329773005,
  "min_mainline_speed": 7.203595518329934,
  "avg_merge_speed": 11.368640453490192,
  "max_merge_speed": 30.56,
  "min_merge_speed": 5.88196414571327,
  "avg_bottleneck_speed": 12.390861171586778,
  "max_bottleneck_speed": 30.56,
  "min_bottleneck_speed": 7.7720039263974225,
  "avg_ramp_queue": 0.9375,
  "max_ramp_queue": 5.0,
  "min_ramp_queue": 0.0,
  "avg_throughput": 363.8375950623445,
  "max_throughput": 437.33828765704754,
  "min_throughput": 110.01004791455206,
  "avg_occupancy": 0.10830652757903807,
  "max_occupancy": 0.14406958928379696,
  "min_occupancy": 0.027833832022823742,
  "avg_metering_rate": 708.6713821937641,
  "max_metering_rate": 1200.0,
  "min_metering_rate": 200.0,
  "total_reward": 230.17539821548775,
  "episode_steps": 240
}