{
  "avg_reward": -0.28998455883134616,
  "max_reward": -0.08259621214610702,
  "min_reward": -0.7330029886564066,
  "avg_mainline_speed": 8.40979124094583,
  "max_mainline_speed": 24.97484260102797,
  "min_mainline_speed": 6.015630466728791,
  "avg_bottleneck_speed": 11.501309936911984,
  "max_bottleneck_speed": 30.56,
  "min_bottleneck_speed": 7.493648157156963,
  "avg_ramp_queue": 0.6541666666666667,
  "max_ramp_queue": 6.0,
  "min_ramp_queue": 0.0,
  "avg_throughput": 370.0293151640634,
  "max_throughput": 442.9433854728161,
  "min_throughput": 215.48180939605055,
  "avg_occupancy": 0.14735272109134107,
  "max_occupancy": 0.1771321385226637,
  "min_occupancy": 0.04152784036517186,
  "avg_metering_rate": 2008.4243833646178,
  "max_metering_rate": 3239.9999141693115,
  "min_metering_rate": 360.00000536441803,
  "total_reward": -69.59629411952308,
  "episode_steps": 240
}}