{
  "avg_reward": -0.2902130759172376,
  "max_reward": -0.08827328840208848,
  "min_reward": -0.7123027231238852,
  "avg_mainline_speed": 8.403699242009148,
  "max_mainline_speed": 25.087302721776748,
  "min_mainline_speed": 5.408193569213438,
  "avg_bottleneck_speed": 11.83348162143883,
  "max_bottleneck_speed": 30.56,
  "min_bottleneck_speed": 8.015224235574067,
  "avg_ramp_queue": 0.38333333333333336,
  "max_ramp_queue": 4.0,
  "min_ramp_queue": 0.0,
  "avg_throughput": 371.0130221043113,
  "max_throughput": 449.08180356318286,
  "min_throughput": 215.48494003077724,
  "avg_occupancy": 0.1499127208291388,
  "max_occupancy": 0.1903411765276732,
  "min_occupancy": 0.04152784036517186,
  "avg_metering_rate": 2246.6775987669826,
  "max_metering_rate": 3239.9999141693115,
  "min_metering_rate": 360.00000536441803,
  "total_reward": -69.65113822013703,
  "episode_steps": 240
}