{
  "avg_reward": 0.9361791512176567,
  "max_reward": 2.2943189660707577,
  "min_reward": 0.6118685774429833,
  "avg_mainline_speed": 10.418497388203779,
  "max_mainline_speed": 22.989568982122734,
  "min_mainline_speed": 7.074013261471902,
  "avg_merge_speed": 11.214177884736454,
  "max_merge_speed": 30.56,
  "min_merge_speed": 5.747608730696885,
  "avg_bottleneck_speed": 12.125140321106171,
  "max_bottleneck_speed": 30.56,
  "min_bottleneck_speed": 7.210718351535707,
  "avg_ramp_queue": 1.0416666666666667,
  "max_ramp_queue": 5.0,
  "min_ramp_queue": 0.0,
  "avg_throughput": 367.46472207758256,
  "max_throughput": 438.2198792528296,
  "min_throughput": 62.789655570945584,
  "avg_occupancy": 0.11230454657356741,
  "max_occupancy": 0.15082279767651122,
  "min_occupancy": 0.027833832022823742,
  "avg_metering_rate": 653.9154230306546,
  "max_metering_rate": 1200.0,
  "min_metering_rate": 200.0,
  "total_reward": 224.68299629223762,
  "episode_steps": 240
}