{
  "avg_reward": 0.9337426261353952,
  "max_reward": 2.3157472479855397,
  "min_reward": 0.656861877083136,
  "avg_mainline_speed": 10.261125043350392,
  "max_mainline_speed": 23.632417439566186,
  "min_mainline_speed": 6.383486487424581,
  "avg_merge_speed": 10.989369227681168,
  "max_merge_speed": 30.56,
  "min_merge_speed": 4.875246711712371,
  "avg_bottleneck_speed": 12.179935827140977,
  "max_bottleneck_speed": 30.56,
  "min_bottleneck_speed": 8.206260781461024,
  "avg_ramp_queue": 1.0375,
  "max_ramp_queue": 5.0,
  "min_ramp_queue": 0.0,
  "avg_throughput": 368.63704553790865,
  "max_throughput": 446.97051252644326,
  "min_throughput": 78.21801854958849,
  "avg_occupancy": 0.11491881156107722,
  "max_occupancy": 0.17162489576982531,
  "min_occupancy": 0.027833832022823742,
  "avg_metering_rate": 680.3029595563809,
  "max_metering_rate": 1200.0,
  "min_metering_rate": 200.0,
  "total_reward": 224.09823027249485,
  "episode_steps": 240
}