{
  "avg_reward": -0.2844022350102512,
  "max_reward": -0.05102440528972463,
  "min_reward": -0.7198101847770245,
  "avg_mainline_speed": 8.31806280938731,
  "max_mainline_speed": 24.005620533857485,
  "min_mainline_speed": 5.379199816582301,
  "avg_bottleneck_speed": 11.374223481640463,
  "max_bottleneck_speed": 30.56,
  "min_bottleneck_speed": 6.550339056655321,
  "avg_ramp_queue": 0.39166666666666666,
  "max_ramp_queue": 4.0,
  "min_ramp_queue": 0.0,
  "avg_throughput": 368.5525401663585,
  "max_throughput": 438.1128108064316,
  "min_throughput": 180.133062945447,
  "avg_occupancy": 0.14831421474850756,
  "max_occupancy": 0.18837228851948354,
  "min_occupancy": 0.04152784036517186,
  "avg_metering_rate": 2121.646352894604,
  "max_metering_rate": 3239.9999141693115,
  "min_metering_rate": 360.00000536441803,
  "total_reward": -68.25653640246028,
  "episode_steps": 240
}