{
  "avg_reward": -0.29171696726392715,
  "max_reward": -0.055609229028078466,
  "min_reward": -1.1919064194582747,
  "avg_mainline_speed": 8.481490557001711,
  "max_mainline_speed": 23.08969969941691,
  "min_mainline_speed": 5.206788790082226,
  "avg_bottleneck_speed": 11.608153324751012,
  "max_bottleneck_speed": 30.56,
  "min_bottleneck_speed": 6.7456081049775545,
  "avg_ramp_queue": 0.5208333333333334,
  "max_ramp_queue": 6.0,
  "min_ramp_queue": 0.0,
  "avg_throughput": 369.98526061808184,
  "max_throughput": 450.1917932369849,
  "min_throughput": 143.59112078533065,
  "avg_occupancy": 0.14694879830233973,
  "max_occupancy": 0.20389822482940198,
  "min_occupancy": 0.0360094325813066,
  "avg_metering_rate": 2149.8772056028247,
  "max_metering_rate": 3239.9999141693115,
  "min_metering_rate": 360.00000536441803,
  "total_reward": -70.01207214334252,
  "episode_steps": 240
}