{
  "avg_reward": -0.2918418151971839,
  "max_reward": -0.07400351678193018,
  "min_reward": -1.1546928866345052,
  "avg_mainline_speed": 8.085572279647458,
  "max_mainline_speed": 23.646462295525893,
  "min_mainline_speed": 5.45803570176039,
  "avg_bottleneck_speed": 11.21630434913819,
  "max_bottleneck_speed": 30.56,
  "min_bottleneck_speed": 6.8544493590882665,
  "avg_ramp_queue": 0.5166666666666667,
  "max_ramp_queue": 6.0,
  "min_ramp_queue": 0.0,
  "avg_throughput": 364.45102684984374,
  "max_throughput": 448.1852972025372,
  "min_throughput": 169.16487726944962,
  "avg_occupancy": 0.15229140799007806,
  "max_occupancy": 0.18022697630508858,
  "min_occupancy": 0.04152784036517186,
  "avg_metering_rate": 2051.9655545800924,
  "max_metering_rate": 3239.9999141693115,
  "min_metering_rate": 360.00000536441803,
  "total_reward": -70.04203564732413,
  "episode_steps": 240
}