{
  "avg_reward": -9.10211111111111,
  "max_reward": -1.2,
  "min_reward": -11.413333333333334,
  "avg_mainline_speed": 9.775988395587463,
  "max_mainline_speed": 22.96942260114915,
  "min_mainline_speed": 6.366092515368006,
  "avg_merge_speed": 10.367557142319539,
  "max_merge_speed": 30.56,
  "min_merge_speed": 5.767990968462902,
  "avg_bottleneck_speed": 11.643353557583112,
  "max_bottleneck_speed": 30.56,
  "min_bottleneck_speed": 6.9985153772347495,
  "avg_ramp_queue": 1.2541666666666667,
  "max_ramp_queue": 5.0,
  "min_ramp_queue": 0.0,
  "avg_throughput": 366.7107780720323,
  "max_throughput": 435.5335065552674,
  "min_throughput": 46.72960682068475,
  "avg_occupancy": 0.12081382349889593,
  "max_occupancy": 0.17016466640072414,
  "min_occupancy": 0.020875374017117806,
  "avg_metering_rate": 416.0996976618965,
  "max_metering_rate": 1200.0,
  "min_metering_rate": 200.0,
  "total_reward": -2184.5066666666667,
  "episode_steps": 240
}