{
  "avg_reward": 0.893989610194406,
  "max_reward": 2.312543152712197,
  "min_reward": -0.5358227714178203,
  "avg_mainline_speed": 9.86128344095434,
  "max_mainline_speed": 23.536294581365908,
  "min_mainline_speed": 5.962295454650835,
  "avg_merge_speed": 10.53134816897107,
  "max_merge_speed": 30.56,
  "min_merge_speed": 5.216128659793336,
  "avg_bottleneck_speed": 11.845881021029673,
  "max_bottleneck_speed": 30.56,
  "min_bottleneck_speed": 5.787053770379153,
  "avg_ramp_queue": 1.1208333333333333,
  "max_ramp_queue": 5.0,
  "min_ramp_queue": 0.0,
  "avg_throughput": 367.9904175598102,
  "max_throughput": 438.8019448366616,
  "min_throughput": 75.91106995278179,
  "avg_occupancy": 0.12051671952764655,
  "max_occupancy": 0.16904011470184135,
  "min_occupancy": 0.027833832022823742,
  "avg_metering_rate": 710.5273154253761,
  "max_metering_rate": 1200.0,
  "min_metering_rate": 200.0,
  "total_reward": 214.55750644665744,
  "episode_steps": 240
}