{
  "avg_reward": 1.014155403871071,
  "max_reward": 2.3129924704426226,
  "min_reward": 0.7186172037808505,
  "avg_mainline_speed": 11.57476670875457,
  "max_mainline_speed": 23.549774113278673,
  "min_mainline_speed": 8.578981597883056,
  "avg_merge_speed": 12.827339663762057,
  "max_merge_speed": 30.56,
  "min_merge_speed": 7.182917910897994,
  "avg_bottleneck_speed": 12.99854138269615,
  "max_bottleneck_speed": 30.56,
  "min_bottleneck_speed": 8.77668836098729,
  "avg_ramp_queue": 1.2958333333333334,
  "max_ramp_queue": 5.0,
  "min_ramp_queue": 0.0,
  "avg_throughput": 363.4392079201324,
  "max_throughput": 442.1606858859402,
  "min_throughput": 85.76390105852417,
  "avg_occupancy": 0.09858017317086978,
  "max_occupancy": 0.1285263284952997,
  "min_occupancy": 0.03131306102567671,
  "avg_metering_rate": 529.4057839860519,
  "max_metering_rate": 1200.0,
  "min_metering_rate": 200.0,
  "total_reward": 243.397296929057,
  "episode_steps": 240
}