{
  "avg_reward": 0.8797830934244947,
  "max_reward": 2.2385781578191546,
  "min_reward": 0.5311808353078352,
  "avg_mainline_speed": 9.53584454592893,
  "max_mainline_speed": 21.317344734574643,
  "min_mainline_speed": 6.07723627702753,
  "avg_merge_speed": 9.998685625371603,
  "max_merge_speed": 27.690369207762803,
  "min_merge_speed": 5.017871161063427,
  "avg_bottleneck_speed": 11.581487726759498,
  "max_bottleneck_speed": 30.56,
  "min_bottleneck_speed": 7.04845846348913,
  "avg_ramp_queue": 1.0291666666666666,
  "max_ramp_queue": 4.0,
  "min_ramp_queue": 0.0,
  "avg_throughput": 368.1609159718497,
  "max_throughput": 445.3055867096774,
  "min_throughput": 67.60202417949071,
  "avg_occupancy": 0.12482063522234967,
  "max_occupancy": 0.18047989483010654,
  "min_occupancy": 0.027610924353759992,
  "avg_metering_rate": 680.715478832523,
  "max_metering_rate": 1200.0,
  "min_metering_rate": 200.0,
  "total_reward": 211.14794242187872,
  "episode_steps": 240
}