{
  "avg_reward": 0.9145894217983147,
  "max_reward": 2.303794136040403,
  "min_reward": 0.5498367273945487,
  "avg_mainline_speed": 10.070772128307677,
  "max_mainline_speed": 23.273824081212084,
  "min_mainline_speed": 6.920980607206566,
  "avg_merge_speed": 10.737089473618997,
  "max_merge_speed": 30.56,
  "min_merge_speed": 6.217533700359967,
  "avg_bottleneck_speed": 11.866829239316733,
  "max_bottleneck_speed": 30.56,
  "min_bottleneck_speed": 7.100874558146668,
  "avg_ramp_queue": 0.8666666666666667,
  "max_ramp_queue": 6.0,
  "min_ramp_queue": 0.0,
  "avg_throughput": 367.10622441646905,
  "max_throughput": 435.91967556883594,
  "min_throughput": 60.91030570545372,
  "avg_occupancy": 0.11640273808483233,
  "max_occupancy": 0.15258609439117027,
  "min_occupancy": 0.024354603019970774,
  "avg_metering_rate": 775.6572445233663,
  "max_metering_rate": 1200.0,
  "min_metering_rate": 200.0,
  "total_reward": 219.50146123159553,
  "episode_steps": 240
}