{
  "avg_reward": 0.9143100209503959,
  "max_reward": 2.2968343885071296,
  "min_reward": 0.5590263637946944,
  "avg_mainline_speed": 10.038965675438588,
  "max_mainline_speed": 23.065031655213886,
  "min_mainline_speed": 6.8408071019715,
  "avg_merge_speed": 10.43891918717983,
  "max_merge_speed": 30.56,
  "min_merge_speed": 5.401677253651577,
  "avg_bottleneck_speed": 11.96022330204886,
  "max_bottleneck_speed": 30.56,
  "min_bottleneck_speed": 6.796350178682397,
  "avg_ramp_queue": 1.1,
  "max_ramp_queue": 5.0,
  "min_ramp_queue": 0.0,
  "avg_throughput": 367.5026167681039,
  "max_throughput": 445.0129957418055,
  "min_throughput": 48.450569793849944,
  "avg_occupancy": 0.11568719042916269,
  "max_occupancy": 0.15271518970134748,
  "min_occupancy": 0.020875374017117806,
  "avg_metering_rate": 686.0029915347695,
  "max_metering_rate": 1200.0,
  "min_metering_rate": 200.0,
  "total_reward": 219.43440502809503,
  "episode_steps": 240
}