{
  "avg_reward": 0.9532447787768762,
  "max_reward": 2.274998491122703,
  "min_reward": 0.5279846433776345,
  "avg_mainline_speed": 11.268143385604008,
  "max_mainline_speed": 22.40995473368109,
  "min_mainline_speed": 7.089992567535474,
  "avg_bottleneck_speed": 12.305799985134854,
  "max_bottleneck_speed": 30.56,
  "min_bottleneck_speed": 6.829479785686433,
  "avg_ramp_queue": 3.1375,
  "max_ramp_queue": 11.0,
  "min_ramp_queue": 0.0,
  "avg_throughput": 349.48396242053303,
  "max_throughput": 427.49660643925984,
  "min_throughput": 100.27429916718725,
  "avg_occupancy": 0.09982337672074608,
  "max_occupancy": 0.14092451264855074,
  "min_occupancy": 0.03109015335661296,
  "avg_metering_rate": 759.1670811921358,
  "max_metering_rate": 3239.9999141693115,
  "min_metering_rate": 360.00000536441803,
  "total_reward": 228.7787469064503,
  "episode_steps": 240
}