{
  "avg_reward": -9.028152777777779,
  "max_reward": -1.8,
  "min_reward": -11.113333333333333,
  "avg_mainline_speed": 9.837522950343866,
  "max_mainline_speed": 23.92522327888881,
  "min_mainline_speed": 6.482643394338269,
  "avg_merge_speed": 10.53815169296945,
  "max_merge_speed": 30.56,
  "min_merge_speed": 5.660407326001595,
  "avg_bottleneck_speed": 11.649347512653192,
  "max_bottleneck_speed": 30.56,
  "min_bottleneck_speed": 7.235803649417379,
  "avg_ramp_queue": 1.3166666666666667,
  "max_ramp_queue": 6.0,
  "min_ramp_queue": 0.0,
  "avg_throughput": 369.4339973013637,
  "max_throughput": 441.420680981976,
  "min_throughput": 85.24535869333153,
  "avg_occupancy": 0.11967066044825482,
  "max_occupancy": 0.16062762418465384,
  "min_occupancy": 0.027833832022823742,
  "avg_metering_rate": 392.24200633664924,
  "max_metering_rate": 1200.0,
  "min_metering_rate": 200.0,
  "total_reward": -2166.7566666666667,
  "episode_steps": 240
}