{
  "avg_reward": 0.928147784256175,
  "max_reward": 2.2573486643496854,
  "min_reward": 0.5157254409286174,
  "avg_mainline_speed": 10.438504642037197,
  "max_mainline_speed": 21.88045993049056,
  "min_mainline_speed": 6.727515164477093,
  "avg_merge_speed": 11.049897784627246,
  "max_merge_speed": 27.62607498711596,
  "min_merge_speed": 5.384931985362506,
  "avg_bottleneck_speed": 12.027563701543148,
  "max_bottleneck_speed": 30.56,
  "min_bottleneck_speed": 6.698953599877871,
  "avg_ramp_queue": 1.2708333333333333,
  "max_ramp_queue": 8.0,
  "min_ramp_queue": 0.0,
  "avg_throughput": 365.3091824057245,
  "max_throughput": 439.4807523316342,
  "min_throughput": 87.26851342196174,
  "avg_occupancy": 0.1099767638041404,
  "max_occupancy": 0.16008387708887284,
  "min_occupancy": 0.03109015335661296,
  "avg_metering_rate": 576.7373718864595,
  "max_metering_rate": 1200.0,
  "min_metering_rate": 200.0,
  "total_reward": 222.75546822148198,
  "episode_steps": 240
}