{
  "avg_reward": -0.2887003932784399,
  "max_reward": -0.041369126764091824,
  "min_reward": -0.9572080413942967,
  "avg_mainline_speed": 8.409579985301825,
  "max_mainline_speed": 24.304989672232963,
  "min_mainline_speed": 6.167380802955989,
  "avg_bottleneck_speed": 11.40796411264774,
  "max_bottleneck_speed": 30.56,
  "min_bottleneck_speed": 7.031970514220797,
  "avg_ramp_queue": 0.45416666666666666,
  "max_ramp_queue": 5.0,
  "min_ramp_queue": 0.0,
  "avg_throughput": 370.0488402908634,
  "max_throughput": 437.20878283811743,
  "min_throughput": 189.2880686844929,
  "avg_occupancy": 0.14883082227669503,
  "max_occupancy": 0.17901405321705122,
  "min_occupancy": 0.04152784036517186,
  "avg_metering_rate": 2068.6377420276403,
  "max_metering_rate": 3239.9999141693115,
  "min_metering_rate": 360.00000536441803,
  "total_reward": -69.28809438682558,
  "episode_steps": 240
}