{
  "avg_reward": -8.435083333333333,
  "max_reward": -1.8,
  "min_reward": -11.406666666666666,
  "avg_mainline_speed": 10.820382466550154,
  "max_mainline_speed": 23.48270123972379,
  "min_mainline_speed": 6.991352529644281,
  "avg_merge_speed": 11.57063829937147,
  "max_merge_speed": 30.56,
  "min_merge_speed": 6.089908577533707,
  "avg_bottleneck_speed": 12.432422228026303,
  "max_bottleneck_speed": 30.56,
  "min_bottleneck_speed": 7.683369083075329,
  "avg_ramp_queue": 1.325,
  "max_ramp_queue": 7.0,
  "min_ramp_queue": 0.0,
  "avg_throughput": 363.3914807100465,
  "max_throughput": 427.64932115847733,
  "min_throughput": 93.28103719171378,
  "avg_occupancy": 0.10628074666324573,
  "max_occupancy": 0.16363342544256346,
  "min_occupancy": 0.034792290028529675,
  "avg_metering_rate": 396.7454707870881,
  "max_metering_rate": 1200.0,
  "min_metering_rate": 200.0,
  "total_reward": -2024.4199999999998,
  "episode_steps": 240
}