{
  "avg_reward": -0.27964179810384,
  "max_reward": -0.05327962047251489,
  "min_reward": -0.825279840149561,
  "avg_mainline_speed": 8.366158674857314,
  "max_mainline_speed": 24.472888338339107,
  "min_mainline_speed": 5.582544925015267,
  "avg_bottleneck_speed": 11.285621862473135,
  "max_bottleneck_speed": 30.56,
  "min_bottleneck_speed": 7.027098983108387,
  "avg_ramp_queue": 0.6541666666666667,
  "max_ramp_queue": 9.0,
  "min_ramp_queue": 0.0,
  "avg_throughput": 370.05447891336564,
  "max_throughput": 446.98425671436576,
  "min_throughput": 195.980216925228,
  "avg_occupancy": 0.14837057893631905,
  "max_occupancy": 0.18999830802644677,
  "min_occupancy": 0.04152784036517186,
  "avg_metering_rate": 2065.443535633385,
  "max_metering_rate": 3239.9999141693115,
  "min_metering_rate": 360.00000536441803,
  "total_reward": -67.1140315449216,
  "episode_steps": 240
}