{
  "avg_reward": -0.286138702410445,
  "max_reward": -0.026412600424229493,
  "min_reward": -0.8845529733898534,
  "avg_mainline_speed": 8.097240942394654,
  "max_mainline_speed": 24.055076954790618,
  "min_mainline_speed": 5.831663054876802,
  "avg_bottleneck_speed": 11.107352571706203,
  "max_bottleneck_speed": 30.56,
  "min_bottleneck_speed": 7.3966302749955375,
  "avg_ramp_queue": 0.44583333333333336,
  "max_ramp_queue": 4.0,
  "min_ramp_queue": 0.0,
  "avg_throughput": 365.1613694272238,
  "max_throughput": 433.21595392697054,
  "min_throughput": 132.54277037246217,
  "avg_occupancy": 0.15329280045503157,
  "max_occupancy": 0.18907875577752922,
  "min_occupancy": 0.04175074803423561,
  "avg_metering_rate": 2095.562288425863,
  "max_metering_rate": 3239.9999141693115,
  "min_metering_rate": 360.00000536441803,
  "total_reward": -68.6732885785068,
  "episode_steps": 240
}