{
  "avg_reward": -0.29510817536013434,
  "max_reward": -0.05804003966123805,
  "min_reward": -0.9169883609853838,
  "avg_mainline_speed": 7.953568479069256,
  "max_mainline_speed": 22.53022049787805,
  "min_mainline_speed": 5.608996482305386,
  "avg_bottleneck_speed": 11.066096051820507,
  "max_bottleneck_speed": 30.56,
  "min_bottleneck_speed": 6.56008749481576,
  "avg_ramp_queue": 0.37083333333333335,
  "max_ramp_queue": 3.0,
  "min_ramp_queue": 0.0,
  "avg_throughput": 363.6087273389351,
  "max_throughput": 426.12359980526185,
  "min_throughput": 124.40179063135118,
  "avg_occupancy": 0.15376468380754146,
  "max_occupancy": 0.18694420141029808,
  "min_occupancy": 0.03804861136231889,
  "avg_metering_rate": 2088.535264581442,
  "max_metering_rate": 3239.9999141693115,
  "min_metering_rate": 360.00000536441803,
  "total_reward": -70.82596208643224,
  "episode_steps": 240
}