{
  "avg_reward": 0.9552801855415279,
  "max_reward": 2.311058242503876,
  "min_reward": 0.5487907697974107,
  "avg_mainline_speed": 11.034766503839213,
  "max_mainline_speed": 23.491747275116285,
  "min_mainline_speed": 6.960893154960394,
  "avg_bottleneck_speed": 12.279092708271085,
  "max_bottleneck_speed": 30.56,
  "min_bottleneck_speed": 6.576764477075174,
  "avg_ramp_queue": 2.2083333333333335,
  "max_ramp_queue": 11.0,
  "min_ramp_queue": 0.0,
  "avg_throughput": 355.6518620120862,
  "max_throughput": 425.96529811254095,
  "min_throughput": 74.84193460279094,
  "avg_occupancy": 0.10368961050350493,
  "max_occupancy": 0.14923443540401835,
  "min_occupancy": 0.027833832022823742,
  "avg_metering_rate": 967.2805853560567,
  "max_metering_rate": 3239.9999141693115,
  "min_metering_rate": 360.00000536441803,
  "total_reward": 229.26724452996672,
  "episode_steps": 240
}