{
  "avg_reward": 1.0100682634735285,
  "max_reward": 2.3161381135201244,
  "min_reward": 0.48739186927773887,
  "avg_mainline_speed": 11.860432531625838,
  "max_mainline_speed": 23.64414340560373,
  "min_mainline_speed": 7.06555911197973,
  "avg_bottleneck_speed": 12.980410248386677,
  "max_bottleneck_speed": 30.56,
  "min_bottleneck_speed": 6.492285650049477,
  "avg_ramp_queue": 2.8583333333333334,
  "max_ramp_queue": 10.0,
  "min_ramp_queue": 0.0,
  "avg_throughput": 350.58465162042427,
  "max_throughput": 423.47944417561257,
  "min_throughput": 78.4994417344896,
  "avg_occupancy": 0.09731125198453049,
  "max_occupancy": 0.15176987286812385,
  "min_occupancy": 0.027833832022823742,
  "avg_metering_rate": 795.3826013579965,
  "max_metering_rate": 3239.9999141693115,
  "min_metering_rate": 360.00000536441803,
  "total_reward": 242.41638323364685,
  "episode_steps": 240
}