{
  "avg_reward": 0.9716659068732656,
  "max_reward": 2.2962561500400778,
  "min_reward": 0.6010269942326504,
  "avg_mainline_speed": 11.096590950682423,
  "max_mainline_speed": 23.047684501202326,
  "min_mainline_speed": 6.833853966898737,
  "avg_bottleneck_speed": 12.479590837010365,
  "max_bottleneck_speed": 30.56,
  "min_bottleneck_speed": 7.102635982909762,
  "avg_ramp_queue": 1.85,
  "max_ramp_queue": 9.0,
  "min_ramp_queue": 0.0,
  "avg_throughput": 355.7840698624688,
  "max_throughput": 456.95229577782334,
  "min_throughput": 64.18442802885586,
  "avg_occupancy": 0.10299399481525422,
  "max_occupancy": 0.16296364725330323,
  "min_occupancy": 0.027833832022823742,
  "avg_metering_rate": 1181.912860237062,
  "max_metering_rate": 3239.9999141693115,
  "min_metering_rate": 360.00000536441803,
  "total_reward": 233.19981764958374,
  "episode_steps": 240
}