{
  "avg_reward": 0.9787281112313546,
  "max_reward": 2.3087686273753603,
  "min_reward": 0.6081214225554799,
  "avg_mainline_speed": 11.453133333995492,
  "max_mainline_speed": 23.42305882126081,
  "min_mainline_speed": 7.098131572998533,
  "avg_bottleneck_speed": 12.63414000196343,
  "max_bottleneck_speed": 30.56,
  "min_bottleneck_speed": 7.430340735777241,
  "avg_ramp_queue": 2.8958333333333335,
  "max_ramp_queue": 12.0,
  "min_ramp_queue": 0.0,
  "avg_throughput": 350.53439599850185,
  "max_throughput": 453.23014119113066,
  "min_throughput": 73.1934117102594,
  "avg_occupancy": 0.0996798748468363,
  "max_occupancy": 0.14850489188995783,
  "min_occupancy": 0.027833832022823742,
  "avg_metering_rate": 814.5835644006729,
  "max_metering_rate": 3239.9999141693115,
  "min_metering_rate": 360.00000536441803,
  "total_reward": 234.8947466955251,
  "episode_steps": 240
}