{
  "avg_reward": -0.2873337320775941,
  "max_reward": -0.060715034070583644,
  "min_reward": -0.7452797677782694,
  "avg_mainline_speed": 8.271364747244666,
  "max_mainline_speed": 22.93005699487945,
  "min_mainline_speed": 5.275623612854436,
  "avg_bottleneck_speed": 11.582839213780517,
  "max_bottleneck_speed": 30.56,
  "min_bottleneck_speed": 6.753566595190838,
  "avg_ramp_queue": 0.4875,
  "max_ramp_queue": 4.0,
  "min_ramp_queue": 0.0,
  "avg_throughput": 370.81085247418406,
  "max_throughput": 442.35244644235286,
  "min_throughput": 135.0846680824269,
  "avg_occupancy": 0.15145487627664198,
  "max_occupancy": 0.19351135015765297,
  "min_occupancy": 0.03804861136231889,
  "avg_metering_rate": 2183.4747134149075,
  "max_metering_rate": 3239.9999141693115,
  "min_metering_rate": 360.00000536441803,
  "total_reward": -68.96009569862258,
  "episode_steps": 240
}