{
  "avg_reward": 0.8681071109162072,
  "max_reward": 2.279993328475128,
  "min_reward": 0.5316078466715718,
  "avg_mainline_speed": 9.586382195827552,
  "max_mainline_speed": 22.559799854253836,
  "min_mainline_speed": 6.239464385123981,
  "avg_merge_speed": 10.244310883215324,
  "max_merge_speed": 27.05772118077867,
  "min_merge_speed": 5.657979599310655,
  "avg_bottleneck_speed": 11.312887421105774,
  "max_bottleneck_speed": 30.56,
  "min_bottleneck_speed": 6.660549198073059,
  "avg_ramp_queue": 1.025,
  "max_ramp_queue": 6.0,
  "min_ramp_queue": 0.0,
  "avg_throughput": 368.87693888667326,
  "max_throughput": 447.92266487191364,
  "min_throughput": 127.674505000607,
  "avg_occupancy": 0.12260018367755615,
  "max_occupancy": 0.16545522156609516,
  "min_occupancy": 0.03600446967820614,
  "avg_metering_rate": 697.0044766242305,
  "max_metering_rate": 1200.0,
  "min_metering_rate": 200.0,
  "total_reward": 208.3457066198897,
  "episode_steps": 240
}