{
  "avg_reward": 0.9205302642667038,
  "max_reward": 2.279130724775845,
  "min_reward": 0.5609811247300218,
  "avg_mainline_speed": 10.254153329496104,
  "max_mainline_speed": 22.533921743275346,
  "min_mainline_speed": 7.301502838830629,
  "avg_merge_speed": 10.802810100756675,
  "max_merge_speed": 30.56,
  "min_merge_speed": 6.3518123724979665,
  "avg_bottleneck_speed": 11.903669732336676,
  "max_bottleneck_speed": 30.56,
  "min_bottleneck_speed": 7.0074714292257605,
  "avg_ramp_queue": 0.9875,
  "max_ramp_queue": 6.0,
  "min_ramp_queue": 0.0,
  "avg_throughput": 368.65564570592016,
  "max_throughput": 457.5570324795281,
  "min_throughput": 51.85412183860838,
  "avg_occupancy": 0.11254298757614475,
  "max_occupancy": 0.14513480131768355,
  "min_occupancy": 0.027833832022823742,
  "avg_metering_rate": 651.8617976456881,
  "max_metering_rate": 1200.0,
  "min_metering_rate": 200.0,
  "total_reward": 220.9272634240089,
  "episode_steps": 240
}