{
  "avg_reward": 0.968518471227913,
  "max_reward": 2.294014745876976,
  "min_reward": 0.6691480108760978,
  "avg_mainline_speed": 11.178759508887072,
  "max_mainline_speed": 22.98044237630927,
  "min_mainline_speed": 7.4653973267975156,
  "avg_bottleneck_speed": 12.445863085300212,
  "max_bottleneck_speed": 30.56,
  "min_bottleneck_speed": 8.354654036865679,
  "avg_ramp_queue": 2.2,
  "max_ramp_queue": 11.0,
  "min_ramp_queue": 0.0,
  "avg_throughput": 356.79445163737273,
  "max_throughput": 423.51357775622137,
  "min_throughput": 54.74928990249464,
  "avg_occupancy": 0.10262759559757471,
  "max_occupancy": 0.1494431227355014,
  "min_occupancy": 0.024354603019970774,
  "avg_metering_rate": 919.216372333467,
  "max_metering_rate": 3239.9999141693115,
  "min_metering_rate": 360.00000536441803,
  "total_reward": 232.44443309469912,
  "episode_steps": 240
}