{
  "avg_reward": 0.8772325068690559,
  "max_reward": 2.2812892736978774,
  "min_reward": 0.489276723094325,
  "avg_mainline_speed": 9.437712207592803,
  "max_mainline_speed": 22.598678210936324,
  "min_mainline_speed": 5.838151013148699,
  "avg_merge_speed": 10.017267383003347,
  "max_merge_speed": 30.56,
  "min_merge_speed": 5.004578094017951,
  "avg_bottleneck_speed": 11.613953110097023,
  "max_bottleneck_speed": 30.56,
  "min_bottleneck_speed": 6.177847969418631,
  "avg_ramp_queue": 1.0833333333333333,
  "max_ramp_queue": 6.0,
  "min_ramp_queue": 0.0,
  "avg_throughput": 367.32099851118625,
  "max_throughput": 437.6930566689705,
  "min_throughput": 46.73224242966282,
  "avg_occupancy": 0.12789551543152752,
  "max_occupancy": 0.1746022551895048,
  "min_occupancy": 0.026045079888519045,
  "avg_metering_rate": 584.2983769873778,
  "max_metering_rate": 1200.0,
  "min_metering_rate": 200.0,
  "total_reward": 210.5358016485734,
  "episode_steps": 240
}