{
  "avg_reward": -8.493916666666667,
  "max_reward": -1.35,
  "min_reward": -10.063333333333334,
  "avg_mainline_speed": 10.72909644158065,
  "max_mainline_speed": 24.24273856986412,
  "min_mainline_speed": 6.997320159935538,
  "avg_merge_speed": 11.800958084227021,
  "max_merge_speed": 30.56,
  "min_merge_speed": 5.52807317844801,
  "avg_bottleneck_speed": 12.253283567261,
  "max_bottleneck_speed": 30.56,
  "min_bottleneck_speed": 8.335871921060424,
  "avg_ramp_queue": 1.525,
  "max_ramp_queue": 8.0,
  "min_ramp_queue": 0.0,
  "avg_throughput": 362.66846403773354,
  "max_throughput": 446.77131784706444,
  "min_throughput": 104.47394138633122,
  "avg_occupancy": 0.10752897295340871,
  "max_occupancy": 0.14801008857580075,
  "min_occupancy": 0.03131306102567671,
  "avg_metering_rate": 428.12852909167606,
  "max_metering_rate": 1200.0,
  "min_metering_rate": 200.0,
  "total_reward": -2038.54,
  "episode_steps": 240
}