{
  "avg_reward": 0.8621578019135583,
  "max_reward": 2.293713382674393,
  "min_reward": 0.5534134753000809,
  "avg_mainline_speed": 9.538867666429844,
  "max_mainline_speed": 22.97140148023178,
  "min_mainline_speed": 6.635466166099145,
  "avg_merge_speed": 10.147231133466066,
  "max_merge_speed": 27.23167663079376,
  "min_merge_speed": 5.891621040722733,
  "avg_bottleneck_speed": 11.27002203842905,
  "max_bottleneck_speed": 30.56,
  "min_bottleneck_speed": 7.505300988644905,
  "avg_ramp_queue": 1.1583333333333334,
  "max_ramp_queue": 5.0,
  "min_ramp_queue": 0.0,
  "avg_throughput": 370.6250613673828,
  "max_throughput": 443.60958196555725,
  "min_throughput": 127.33442691990797,
  "avg_occupancy": 0.1234122829809153,
  "max_occupancy": 0.16074030041820014,
  "min_occupancy": 0.034299838904780576,
  "avg_metering_rate": 613.2275888385872,
  "max_metering_rate": 1200.0,
  "min_metering_rate": 200.0,
  "total_reward": 206.917872459254,
  "episode_steps": 240
}