{
  "avg_reward": -0.3060327418409698,
  "max_reward": -0.04940204378270524,
  "min_reward": -0.8708660241287787,
  "avg_mainline_speed": 8.32182450397347,
  "max_mainline_speed": 23.359107425442975,
  "min_mainline_speed": 4.76471047250618,
  "avg_bottleneck_speed": 11.74490584568495,
  "max_bottleneck_speed": 30.56,
  "min_bottleneck_speed": 6.054243864031695,
  "avg_ramp_queue": 0.43333333333333335,
  "max_ramp_queue": 3.0,
  "min_ramp_queue": 0.0,
  "avg_throughput": 364.7277389254052,
  "max_throughput": 442.052884243907,
  "min_throughput": 80.61590048696033,
  "avg_occupancy": 0.15009700747500457,
  "max_occupancy": 0.2062592693519826,
  "min_occupancy": 0.03131306102567671,
  "avg_metering_rate": 2215.1943622156978,
  "max_metering_rate": 3239.9999141693115,
  "min_metering_rate": 360.00000536441803,
  "total_reward": -73.44785804183275,
  "episode_steps": 240
}