{
  "avg_reward": -8.736819444444444,
  "max_reward": -1.65,
  "min_reward": -10.963333333333333,
  "avg_mainline_speed": 10.320263753296311,
  "max_mainline_speed": 22.59200029747734,
  "min_mainline_speed": 7.173256212404541,
  "avg_merge_speed": 11.214097023629048,
  "max_merge_speed": 27.183308186223382,
  "min_merge_speed": 5.738082318888477,
  "avg_bottleneck_speed": 11.781207100829041,
  "max_bottleneck_speed": 30.56,
  "min_bottleneck_speed": 7.076402629818858,
  "avg_ramp_queue": 1.3041666666666667,
  "max_ramp_queue": 6.0,
  "min_ramp_queue": 0.0,
  "avg_throughput": 368.79702501708624,
  "max_throughput": 457.88646166347877,
  "min_throughput": 117.4775425421012,
  "avg_occupancy": 0.11334910610014608,
  "max_occupancy": 0.15611261821677763,
  "min_occupancy": 0.03380835105623355,
  "avg_metering_rate": 450.1516959319512,
  "max_metering_rate": 1200.0,
  "min_metering_rate": 200.0,
  "total_reward": -2096.8366666666666,
  "episode_steps": 240
}