{
  "avg_reward": 0.9670066534035012,
  "max_reward": 2.296992353998455,
  "min_reward": 0.6200016228758058,
  "avg_mainline_speed": 11.331172949383312,
  "max_mainline_speed": 23.06977061995364,
  "min_mainline_speed": 7.916335711860565,
  "avg_bottleneck_speed": 12.498017768481144,
  "max_bottleneck_speed": 30.56,
  "min_bottleneck_speed": 7.807798219477186,
  "avg_ramp_queue": 2.966666666666667,
  "max_ramp_queue": 12.0,
  "min_ramp_queue": 0.0,
  "avg_throughput": 354.43428443827673,
  "max_throughput": 417.2265884333931,
  "min_throughput": 64.71449487888738,
  "avg_occupancy": 0.10023878297311205,
  "max_occupancy": 0.12850107982500994,
  "min_occupancy": 0.027833832022823742,
  "avg_metering_rate": 889.7979899123311,
  "max_metering_rate": 3239.9999141693115,
  "min_metering_rate": 360.00000536441803,
  "total_reward": 232.0815968168403,
  "episode_steps": 240
}