{
  "avg_reward": 0.8992993403276731,
  "max_reward": 2.3052921886077367,
  "min_reward": 0.519706552843486,
  "avg_mainline_speed": 10.132576794889344,
  "max_mainline_speed": 23.3187656582321,
  "min_mainline_speed": 6.563730945952919,
  "avg_merge_speed": 10.756825020292842,
  "max_merge_speed": 30.56,
  "min_merge_speed": 5.729794631803895,
  "avg_bottleneck_speed": 11.65038005440501,
  "max_bottleneck_speed": 30.56,
  "min_bottleneck_speed": 6.887845973477843,
  "avg_ramp_queue": 1.2583333333333333,
  "max_ramp_queue": 6.0,
  "min_ramp_queue": 0.0,
  "avg_throughput": 365.94942222619454,
  "max_throughput": 436.66990127333156,
  "min_throughput": 70.6903757975704,
  "avg_occupancy": 0.11382221005415949,
  "max_occupancy": 0.15950390257233785,
  "min_occupancy": 0.027833832022823742,
  "avg_metering_rate": 590.8932665362954,
  "max_metering_rate": 1200.0,
  "min_metering_rate": 200.0,
  "total_reward": 215.83184167864155,
  "episode_steps": 240
}