{
  "avg_reward": -0.2835358458180547,
  "max_reward": -0.01793751483126487,
  "min_reward": -0.7316496387355153,
  "avg_mainline_speed": 8.0787253565123,
  "max_mainline_speed": 23.47337986160407,
  "min_mainline_speed": 5.462861669658531,
  "avg_bottleneck_speed": 11.213513000747696,
  "max_bottleneck_speed": 30.56,
  "min_bottleneck_speed": 7.424464005485941,
  "avg_ramp_queue": 0.475,
  "max_ramp_queue": 6.0,
  "min_ramp_queue": 0.0,
  "avg_throughput": 367.6820111701817,
  "max_throughput": 437.33885512649965,
  "min_throughput": 166.34980500636883,
  "avg_occupancy": 0.15354343667228362,
  "max_occupancy": 0.19486032963657096,
  "min_occupancy": 0.04152784036517186,
  "avg_metering_rate": 2095.6496802717447,
  "max_metering_rate": 3239.9999141693115,
  "min_metering_rate": 360.00000536441803,
  "total_reward": -68.04860299633313,
  "episode_steps": 240
}