{
  "avg_reward": 0.8876132400817629,
  "max_reward": 2.28971926809626,
  "min_reward": 0.5187641852103826,
  "avg_mainline_speed": 9.867252308432255,
  "max_mainline_speed": 22.851578042887805,
  "min_mainline_speed": 6.3306559520793435,
  "avg_merge_speed": 10.430476633550851,
  "max_merge_speed": 30.56,
  "min_merge_speed": 3.69765106922827,
  "avg_bottleneck_speed": 11.669929929347088,
  "max_bottleneck_speed": 30.56,
  "min_bottleneck_speed": 6.154846402821424,
  "avg_ramp_queue": 1.4875,
  "max_ramp_queue": 7.0,
  "min_ramp_queue": 0.0,
  "avg_throughput": 366.51567289975793,
  "max_throughput": 446.80127482394124,
  "min_throughput": 59.47787302930737,
  "avg_occupancy": 0.11841132969331712,
  "max_occupancy": 0.15417337062691594,
  "min_occupancy": 0.027833832022823742,
  "avg_metering_rate": 548.616758454591,
  "max_metering_rate": 1200.0,
  "min_metering_rate": 200.0,
  "total_reward": 213.0271776196231,
  "episode_steps": 240
}