{
  "avg_reward": 0.9604076804314358,
  "max_reward": 2.3334508502622864,
  "min_reward": 0.6614732738667891,
  "avg_mainline_speed": 10.70516344818476,
  "max_mainline_speed": 24.1635255078686,
  "min_mainline_speed": 7.232404545133484,
  "avg_merge_speed": 11.684959767718038,
  "max_merge_speed": 30.56,
  "min_merge_speed": 6.264380302917929,
  "avg_bottleneck_speed": 12.403322420949987,
  "max_bottleneck_speed": 30.56,
  "min_bottleneck_speed": 8.240917480302931,
  "avg_ramp_queue": 0.9958333333333333,
  "max_ramp_queue": 4.0,
  "min_ramp_queue": 0.0,
  "avg_throughput": 366.69518558536913,
  "max_throughput": 446.9665517384906,
  "min_throughput": 90.9646121888464,
  "avg_occupancy": 0.10910364010812748,
  "max_occupancy": 0.14984393173388988,
  "min_occupancy": 0.027833832022823742,
  "avg_metering_rate": 710.9519991402825,
  "max_metering_rate": 1200.0,
  "min_metering_rate": 200.0,
  "total_reward": 230.49784330354458,
  "episode_steps": 240
}