{
  "avg_reward": -0.2870492328482864,
  "max_reward": -0.04124063075669948,
  "min_reward": -0.933564733529075,
  "avg_mainline_speed": 8.283409638064445,
  "max_mainline_speed": 23.987427709363818,
  "min_mainline_speed": 5.336992389013029,
  "avg_bottleneck_speed": 11.188665722921012,
  "max_bottleneck_speed": 30.56,
  "min_bottleneck_speed": 6.613509089955819,
  "avg_ramp_queue": 0.6583333333333333,
  "max_ramp_queue": 4.0,
  "min_ramp_queue": 0.0,
  "avg_throughput": 369.0200477031837,
  "max_throughput": 432.4594390541821,
  "min_throughput": 181.2781096083747,
  "avg_occupancy": 0.14645350196157658,
  "max_occupancy": 0.19720020121612514,
  "min_occupancy": 0.04152784036517186,
  "avg_metering_rate": 1912.870243191719,
  "max_metering_rate": 3239.9999141693115,
  "min_metering_rate": 360.00000536441803,
  "total_reward": -68.89181588358873,
  "episode_steps": 240
}