{
  "avg_reward": 0.942651478132431,
  "max_reward": 2.3075736846304205,
  "min_reward": 0.504148784836961,
  "avg_mainline_speed": 11.0068935083591,
  "max_mainline_speed": 23.387210538912612,
  "min_mainline_speed": 7.157187673148603,
  "avg_bottleneck_speed": 11.995100557075887,
  "max_bottleneck_speed": 30.56,
  "min_bottleneck_speed": 6.165737607506031,
  "avg_ramp_queue": 2.0,
  "max_ramp_queue": 15.0,
  "min_ramp_queue": 0.0,
  "avg_throughput": 352.2404557025323,
  "max_throughput": 436.37858705023905,
  "min_throughput": 63.29142131716489,
  "avg_occupancy": 0.10230043339059262,
  "max_occupancy": 0.14649391283300675,
  "min_occupancy": 0.024354603019970774,
  "avg_metering_rate": 1035.143930800259,
  "max_metering_rate": 3239.9999141693115,
  "min_metering_rate": 360.00000536441803,
  "total_reward": 226.23635475178344,
  "episode_steps": 240
}