{
  "avg_reward": 0.922560002850783,
  "max_reward": 2.317201208650027,
  "min_reward": 0.6311124451422323,
  "avg_mainline_speed": 10.227625186322516,
  "max_mainline_speed": 23.676036259500805,
  "min_mainline_speed": 6.926859434573657,
  "avg_merge_speed": 10.673523304698232,
  "max_merge_speed": 30.56,
  "min_merge_speed": 4.550291708191302,
  "avg_bottleneck_speed": 11.991116599467318,
  "max_bottleneck_speed": 30.56,
  "min_bottleneck_speed": 7.752994995775028,
  "avg_ramp_queue": 1.075,
  "max_ramp_queue": 6.0,
  "min_ramp_queue": 0.0,
  "avg_throughput": 366.7461226600568,
  "max_throughput": 444.5358490426979,
  "min_throughput": 89.17297900652176,
  "avg_occupancy": 0.11303785246478926,
  "max_occupancy": 0.15524044222660002,
  "min_occupancy": 0.03131306102567671,
  "avg_metering_rate": 681.1471773932377,
  "max_metering_rate": 1200.0,
  "min_metering_rate": 200.0,
  "total_reward": 221.4144006841879,
  "episode_steps": 240
}