{
  "avg_reward": 0.9228030576055739,
  "max_reward": 2.31206660581816,
  "min_reward": 0.6218711249515532,
  "avg_mainline_speed": 10.384147450832897,
  "max_mainline_speed": 23.521998174544787,
  "min_mainline_speed": 7.477784276777316,
  "avg_merge_speed": 11.067435538647674,
  "max_merge_speed": 30.56,
  "min_merge_speed": 6.33360076235406,
  "avg_bottleneck_speed": 11.938851740445102,
  "max_bottleneck_speed": 30.56,
  "min_bottleneck_speed": 7.786116246575768,
  "avg_ramp_queue": 1.2166666666666666,
  "max_ramp_queue": 5.0,
  "min_ramp_queue": 0.0,
  "avg_throughput": 366.63467913192505,
  "max_throughput": 443.7474050298136,
  "min_throughput": 66.12196166544055,
  "avg_occupancy": 0.11115589400109384,
  "max_occupancy": 0.14570972396708157,
  "min_occupancy": 0.024354603019970774,
  "avg_metering_rate": 560.9152040133873,
  "max_metering_rate": 1200.0,
  "min_metering_rate": 200.0,
  "total_reward": 221.47273382533774,
  "episode_steps": 240
}