{
  "avg_reward": -8.812916666666666,
  "max_reward": -1.8,
  "min_reward": -11.44,
  "avg_mainline_speed": 10.232447430715427,
  "max_mainline_speed": 23.502589085405443,
  "min_mainline_speed": 6.005332455208017,
  "avg_merge_speed": 11.023640488201101,
  "max_merge_speed": 30.56,
  "min_merge_speed": 5.099903270319329,
  "avg_bottleneck_speed": 11.689815925581465,
  "max_bottleneck_speed": 30.56,
  "min_bottleneck_speed": 6.413020136668677,
  "avg_ramp_queue": 1.2291666666666667,
  "max_ramp_queue": 7.0,
  "min_ramp_queue": 0.0,
  "avg_throughput": 366.5038084366472,
  "max_throughput": 441.1604330239262,
  "min_throughput": 75.10213804973066,
  "avg_occupancy": 0.11360981032255822,
  "max_occupancy": 0.16828323976290047,
  "min_occupancy": 0.027833832022823742,
  "avg_metering_rate": 488.9891720389326,
  "max_metering_rate": 960.0,
  "min_metering_rate": 251.47632956504822,
  "avg_tts_step": 880.0625,
  "max_tts_step": 1140.0,
  "min_tts_step": 180.0,
  "total_reward": -2115.1,
  "episode_steps": 240,
  "total_tts": 211215.0
}