{
  "avg_reward": -0.2847380030228555,
  "max_reward": -0.007657574562246916,
  "min_reward": -0.7382201631951268,
  "avg_mainline_speed": 8.338443373419794,
  "max_mainline_speed": 24.868681725322304,
  "min_mainline_speed": 5.706397295776644,
  "avg_bottleneck_speed": 11.588946555798259,
  "max_bottleneck_speed": 30.56,
  "min_bottleneck_speed": 6.925667499330993,
  "avg_ramp_queue": 0.4041666666666667,
  "max_ramp_queue": 7.0,
  "min_ramp_queue": 0.0,
  "avg_throughput": 370.2531831157591,
  "max_throughput": 443.6178049460838,
  "min_throughput": 209.32699992042367,
  "avg_occupancy": 0.15154028754375565,
  "max_occupancy": 0.18590359750510566,
  "min_occupancy": 0.04152784036517186,
  "avg_metering_rate": 2210.367227755487,
  "max_metering_rate": 3239.9999141693115,
  "min_metering_rate": 360.00000536441803,
  "total_reward": -68.33712072548532,
  "episode_steps": 240
}