{
  "avg_reward": 0.9325632793994981,
  "max_reward": 2.283114059085106,
  "min_reward": 0.6034769427511102,
  "avg_mainline_speed": 10.519749055416293,
  "max_mainline_speed": 22.653421772553173,
  "min_mainline_speed": 6.741082283722947,
  "avg_merge_speed": 11.443326024788314,
  "max_merge_speed": 27.60540204239233,
  "min_merge_speed": 5.47647762459598,
  "avg_bottleneck_speed": 12.046432884379104,
  "max_bottleneck_speed": 30.56,
  "min_bottleneck_speed": 7.922500794821857,
  "avg_ramp_queue": 1.225,
  "max_ramp_queue": 4.0,
  "min_ramp_queue": 0.0,
  "avg_throughput": 366.34201408370876,
  "max_throughput": 441.84680644743435,
  "min_throughput": 115.75917151979708,
  "avg_occupancy": 0.11074498934180742,
  "max_occupancy": 0.16237299713876888,
  "min_occupancy": 0.03456938235946593,
  "avg_metering_rate": 541.4022735087201,
  "max_metering_rate": 1200.0,
  "min_metering_rate": 200.0,
  "total_reward": 223.81518705587956,
  "episode_steps": 240
}