{
  "avg_reward": 1.0382656137599011,
  "max_reward": 2.340102981745554,
  "min_reward": 0.6170362032500517,
  "avg_mainline_speed": 12.18245680101877,
  "max_mainline_speed": 24.363089452366626,
  "min_mainline_speed": 8.449944218153947,
  "avg_bottleneck_speed": 13.332674407852178,
  "max_bottleneck_speed": 30.56,
  "min_bottleneck_speed": 7.67014257832499,
  "avg_ramp_queue": 2.870833333333333,
  "max_ramp_queue": 12.0,
  "min_ramp_queue": 0.0,
  "avg_throughput": 348.525821579962,
  "max_throughput": 418.38942701351175,
  "min_throughput": 95.75414685679908,
  "avg_occupancy": 0.09254066806080488,
  "max_occupancy": 0.1263902879248304,
  "min_occupancy": 0.027833832022823742,
  "avg_metering_rate": 785.4061790183187,
  "max_metering_rate": 3239.9999141693115,
  "min_metering_rate": 360.00000536441803,
  "total_reward": 249.18374730237628,
  "episode_steps": 240
}