{
  "avg_reward": -0.2818157731206782,
  "max_reward": -0.02721480297426248,
  "min_reward": -1.0465024974464452,
  "avg_mainline_speed": 8.16573197451919,
  "max_mainline_speed": 23.393139586672437,
  "min_mainline_speed": 5.1353772477594095,
  "avg_bottleneck_speed": 11.037365601755456,
  "max_bottleneck_speed": 30.56,
  "min_bottleneck_speed": 6.336230235439987,
  "avg_ramp_queue": 0.42916666666666664,
  "max_ramp_queue": 4.0,
  "min_ramp_queue": 0.0,
  "avg_throughput": 366.7416233346534,
  "max_throughput": 437.29375466281937,
  "min_throughput": 148.70106439641026,
  "avg_occupancy": 0.15179466359681013,
  "max_occupancy": 0.18545707468264414,
  "min_occupancy": 0.03804861136231889,
  "avg_metering_rate": 2080.98344553262,
  "max_metering_rate": 3239.9999141693115,
  "min_metering_rate": 360.00000536441803,
  "total_reward": -67.63578554896276,
  "episode_steps": 240
}