{
  "avg_reward": 0.9130134201531331,
  "max_reward": 2.2845874166700404,
  "min_reward": 0.6006913877979763,
  "avg_mainline_speed": 10.223301571729571,
  "max_mainline_speed": 22.697622500101208,
  "min_mainline_speed": 6.7385530008530266,
  "avg_merge_speed": 10.97554090218574,
  "max_merge_speed": 30.56,
  "min_merge_speed": 6.0196094379617415,
  "avg_bottleneck_speed": 11.808622910798507,
  "max_bottleneck_speed": 30.56,
  "min_bottleneck_speed": 7.191838538957486,
  "avg_ramp_queue": 1.0916666666666666,
  "max_ramp_queue": 5.0,
  "min_ramp_queue": 0.0,
  "avg_throughput": 367.1313556769876,
  "max_throughput": 437.51882170845926,
  "min_throughput": 55.78294000242908,
  "avg_occupancy": 0.11397024350692855,
  "max_occupancy": 0.1494344005977403,
  "min_occupancy": 0.027833832022823742,
  "avg_metering_rate": 615.6621507989863,
  "max_metering_rate": 1200.0,
  "min_metering_rate": 200.0,
  "total_reward": 219.12322083675195,
  "episode_steps": 240
}