{
  "avg_reward": -0.2936793922703303,
  "max_reward": -0.0220485440512197,
  "min_reward": -0.9391678984037204,
  "avg_mainline_speed": 8.376890427945012,
  "max_mainline_speed": 23.284289456009144,
  "min_mainline_speed": 5.593641275937185,
  "avg_bottleneck_speed": 11.650768275371927,
  "max_bottleneck_speed": 30.56,
  "min_bottleneck_speed": 6.8343566546076495,
  "avg_ramp_queue": 0.35833333333333334,
  "max_ramp_queue": 6.0,
  "min_ramp_queue": 0.0,
  "avg_throughput": 367.1952546877282,
  "max_throughput": 467.1643730324404,
  "min_throughput": 87.32868368027432,
  "avg_occupancy": 0.14974780662746626,
  "max_occupancy": 0.18981169680911802,
  "min_occupancy": 0.034792290028529675,
  "avg_metering_rate": 2147.438796311617,
  "max_metering_rate": 3239.9999141693115,
  "min_metering_rate": 360.00000536441803,
  "total_reward": -70.48305414487928,
  "episode_steps": 240
}