{
  "avg_reward": 0.9103074159303345,
  "max_reward": 2.2970684678825446,
  "min_reward": 0.5608360878039044,
  "avg_mainline_speed": 9.977503301785282,
  "max_mainline_speed": 23.072054036476345,
  "min_mainline_speed": 6.604609950297405,
  "avg_merge_speed": 10.453092928012564,
  "max_merge_speed": 30.56,
  "min_merge_speed": 5.221615087295654,
  "avg_bottleneck_speed": 11.904479450749834,
  "max_bottleneck_speed": 30.56,
  "min_bottleneck_speed": 6.670130234707385,
  "avg_ramp_queue": 1.05,
  "max_ramp_queue": 5.0,
  "min_ramp_queue": 0.0,
  "avg_throughput": 366.74667435247125,
  "max_throughput": 441.884856889218,
  "min_throughput": 64.76929687543225,
  "avg_occupancy": 0.11796350452206127,
  "max_occupancy": 0.1579203153348021,
  "min_occupancy": 0.027833832022823742,
  "avg_metering_rate": 714.5569778357943,
  "max_metering_rate": 1200.0,
  "min_metering_rate": 200.0,
  "total_reward": 218.47377982328027,
  "episode_steps": 240
}