{
  "avg_reward": 0.8409051070972892,
  "max_reward": 2.278948051997045,
  "min_reward": 0.5307169423998951,
  "avg_mainline_speed": 8.938437607993796,
  "max_mainline_speed": 22.528441559911354,
  "min_mainline_speed": 5.751649938419394,
  "avg_merge_speed": 9.142394316993743,
  "max_merge_speed": 27.31129493483032,
  "min_merge_speed": 4.898302392342261,
  "avg_bottleneck_speed": 11.181365958838807,
  "max_bottleneck_speed": 30.56,
  "min_bottleneck_speed": 7.126833504334353,
  "avg_ramp_queue": 0.9666666666666667,
  "max_ramp_queue": 5.0,
  "min_ramp_queue": 0.0,
  "avg_throughput": 365.61555025777307,
  "max_throughput": 436.2994996313259,
  "min_throughput": 105.51587607371509,
  "avg_occupancy": 0.1339219760651945,
  "max_occupancy": 0.18154341956137443,
  "min_occupancy": 0.029042917791497813,
  "avg_metering_rate": 717.3950911189119,
  "max_metering_rate": 1200.0,
  "min_metering_rate": 200.0,
  "total_reward": 201.8172257033494,
  "episode_steps": 240
}