{
  "avg_reward": 0.9463842485535179,
  "max_reward": 2.28359152321448,
  "min_reward": 0.5135244829608251,
  "avg_mainline_speed": 11.069027188709784,
  "max_mainline_speed": 22.66774569643441,
  "min_mainline_speed": 6.663309420554172,
  "avg_bottleneck_speed": 12.110333511930502,
  "max_bottleneck_speed": 30.56,
  "min_bottleneck_speed": 6.113382204123232,
  "avg_ramp_queue": 2.341666666666667,
  "max_ramp_queue": 8.0,
  "min_ramp_queue": 0.0,
  "avg_throughput": 351.82736416265845,
  "max_throughput": 414.92120112858015,
  "min_throughput": 48.182659625122625,
  "avg_occupancy": 0.10257209985752448,
  "max_occupancy": 0.16191848080278726,
  "min_occupancy": 0.024354603019970774,
  "avg_metering_rate": 907.0813529938459,
  "max_metering_rate": 3239.9999141693115,
  "min_metering_rate": 360.00000536441803,
  "total_reward": 227.1322196528443,
  "episode_steps": 240
}