{
  "avg_reward": -0.29823268485673815,
  "max_reward": -0.041705297793497846,
  "min_reward": -0.8623179192543873,
  "avg_mainline_speed": 8.266696477530482,
  "max_mainline_speed": 23.507647529094523,
  "min_mainline_speed": 5.082080174309158,
  "avg_bottleneck_speed": 11.418570620818196,
  "max_bottleneck_speed": 30.56,
  "min_bottleneck_speed": 6.379309099315325,
  "avg_ramp_queue": 0.5666666666666667,
  "max_ramp_queue": 6.0,
  "min_ramp_queue": 0.0,
  "avg_throughput": 364.5621477581756,
  "max_throughput": 437.80904648105,
  "min_throughput": 94.02942587283574,
  "avg_occupancy": 0.15117067580711668,
  "max_occupancy": 0.19218498470780618,
  "min_occupancy": 0.034792290028529675,
  "avg_metering_rate": 2062.634814195335,
  "max_metering_rate": 3239.9999141693115,
  "min_metering_rate": 360.00000536441803,
  "total_reward": -71.57584436561716,
  "episode_steps": 240
}