{
  "avg_reward": 0.9024546293095264,
  "max_reward": 2.2939667001917767,
  "min_reward": 0.5490481901920304,
  "avg_mainline_speed": 10.021110480137027,
  "max_mainline_speed": 22.979001005753304,
  "min_mainline_speed": 6.653377503121131,
  "avg_merge_speed": 10.539167161771784,
  "max_merge_speed": 30.56,
  "min_merge_speed": 6.2679654433215495,
  "avg_bottleneck_speed": 11.704463377210288,
  "max_bottleneck_speed": 30.56,
  "min_bottleneck_speed": 6.4459942025870935,
  "avg_ramp_queue": 1.0083333333333333,
  "max_ramp_queue": 6.0,
  "min_ramp_queue": 0.0,
  "avg_throughput": 368.0685963538096,
  "max_throughput": 443.0816766788138,
  "min_throughput": 54.71902112081936,
  "avg_occupancy": 0.11581484509842221,
  "max_occupancy": 0.1544208534872468,
  "min_occupancy": 0.024354603019970774,
  "avg_metering_rate": 676.4453681185842,
  "max_metering_rate": 1200.0,
  "min_metering_rate": 200.0,
  "total_reward": 216.58911103428633,
  "episode_steps": 240
}