{
  "avg_reward": 0.9253913355904648,
  "max_reward": 2.3062208427393665,
  "min_reward": 0.5947353640092218,
  "avg_mainline_speed": 10.449114262571008,
  "max_mainline_speed": 23.346625282180995,
  "min_mainline_speed": 7.0784584022958965,
  "avg_merge_speed": 11.295136774042449,
  "max_merge_speed": 30.56,
  "min_merge_speed": 6.38736062419519,
  "avg_bottleneck_speed": 11.912583870095293,
  "max_bottleneck_speed": 30.56,
  "min_bottleneck_speed": 7.26895584150949,
  "avg_ramp_queue": 1.1125,
  "max_ramp_queue": 5.0,
  "min_ramp_queue": 0.0,
  "avg_throughput": 366.7032581037342,
  "max_throughput": 433.2195077395511,
  "min_throughput": 71.35900677234386,
  "avg_occupancy": 0.11106466047366309,
  "max_occupancy": 0.15771626759354954,
  "min_occupancy": 0.027833832022823742,
  "avg_metering_rate": 668.8071686774492,
  "max_metering_rate": 1200.0,
  "min_metering_rate": 200.0,
  "total_reward": 222.09392054171155,
  "episode_steps": 240
}