{
  "avg_reward": -0.2931767745774596,
  "max_reward": -0.06261152551998073,
  "min_reward": -0.8085363660123559,
  "avg_mainline_speed": 8.457606580960343,
  "max_mainline_speed": 25.07239588774684,
  "min_mainline_speed": 5.271629159518178,
  "avg_bottleneck_speed": 11.893789279065151,
  "max_bottleneck_speed": 30.56,
  "min_bottleneck_speed": 7.10721697879967,
  "avg_ramp_queue": 0.39166666666666666,
  "max_ramp_queue": 4.0,
  "min_ramp_queue": 0.0,
  "avg_throughput": 371.168014252348,
  "max_throughput": 431.69534016614114,
  "min_throughput": 214.25970906145247,
  "avg_occupancy": 0.14925116848031492,
  "max_occupancy": 0.18790187163086505,
  "min_occupancy": 0.04152784036517186,
  "avg_metering_rate": 2230.648877285421,
  "max_metering_rate": 3239.9999141693115,
  "min_metering_rate": 360.00000536441803,
  "total_reward": -70.3624258985903,
  "episode_steps": 240
}