{
  "avg_reward": 0.8723022622764174,
  "max_reward": 2.274893123575162,
  "min_reward": 0.5838373785892068,
  "avg_mainline_speed": 9.689837812683997,
  "max_mainline_speed": 22.40679370725486,
  "min_mainline_speed": 6.53035451654237,
  "avg_merge_speed": 10.300300769137687,
  "max_merge_speed": 30.56,
  "min_merge_speed": 5.547476273194298,
  "avg_bottleneck_speed": 11.337542259294574,
  "max_bottleneck_speed": 30.56,
  "min_bottleneck_speed": 7.11398216320866,
  "avg_ramp_queue": 1.0541666666666667,
  "max_ramp_queue": 9.0,
  "min_ramp_queue": 0.0,
  "avg_throughput": 368.03786313059413,
  "max_throughput": 450.11408317941545,
  "min_throughput": 36.60228673058742,
  "avg_occupancy": 0.12069964369191101,
  "max_occupancy": 0.1657171448055104,
  "min_occupancy": 0.020875374017117806,
  "avg_metering_rate": 706.0380966713032,
  "max_metering_rate": 1200.0,
  "min_metering_rate": 200.0,
  "total_reward": 209.35254294634018,
  "episode_steps": 240
}