{
  "avg_reward": -0.2873351041316999,
  "max_reward": -0.03204447259959308,
  "min_reward": -1.0679331268696557,
  "avg_mainline_speed": 8.122824925319579,
  "max_mainline_speed": 24.11441057282992,
  "min_mainline_speed": 5.586365939053549,
  "avg_bottleneck_speed": 11.204987618414297,
  "max_bottleneck_speed": 30.56,
  "min_bottleneck_speed": 6.837976450632278,
  "avg_ramp_queue": 0.4083333333333333,
  "max_ramp_queue": 4.0,
  "min_ramp_queue": 0.0,
  "avg_throughput": 365.9199710333116,
  "max_throughput": 429.59502371282315,
  "min_throughput": 123.45554890338742,
  "avg_occupancy": 0.15284774383243663,
  "max_occupancy": 0.19257119410756815,
  "min_occupancy": 0.03827151903138264,
  "avg_metering_rate": 2122.737322859466,
  "max_metering_rate": 3239.9999141693115,
  "min_metering_rate": 360.00000536441803,
  "total_reward": -68.96042499160797,
  "episode_steps": 240
}