{
  "avg_reward": -9.051083333333334,
  "max_reward": -1.5,
  "min_reward": -12.459999999999999,
  "avg_mainline_speed": 9.79880605363947,
  "max_mainline_speed": 22.878199423396254,
  "min_mainline_speed": 5.37897840869044,
  "avg_merge_speed": 10.463667401207529,
  "max_merge_speed": 30.56,
  "min_merge_speed": 4.096160311131385,
  "avg_bottleneck_speed": 11.361741287500228,
  "max_bottleneck_speed": 30.56,
  "min_bottleneck_speed": 5.584383055153067,
  "avg_ramp_queue": 1.1708333333333334,
  "max_ramp_queue": 4.0,
  "min_ramp_queue": 0.0,
  "avg_throughput": 362.21599030847807,
  "max_throughput": 436.62339865391004,
  "min_throughput": 52.60218789132132,
  "avg_occupancy": 0.11905728773479071,
  "max_occupancy": 0.18373903782406442,
  "min_occupancy": 0.024354603019970774,
  "avg_metering_rate": 494.4657886984448,
  "max_metering_rate": 960.0,
  "min_metering_rate": 246.43337428569794,
  "avg_tts_step": 903.9375,
  "max_tts_step": 1245.0,
  "min_tts_step": 150.0,
  "total_reward": -2172.26,
  "episode_steps": 240,
  "total_tts": 216945.0
}