{
  "avg_reward": -9.426263888888888,
  "max_reward": -1.8,
  "min_reward": -12.156666666666666,
  "avg_mainline_speed": 9.182501091363147,
  "max_mainline_speed": 24.176253189259587,
  "min_mainline_speed": 5.45269138296457,
  "avg_merge_speed": 9.561422623305718,
  "max_merge_speed": 30.56,
  "min_merge_speed": 4.429332256381709,
  "avg_bottleneck_speed": 11.346254477614464,
  "max_bottleneck_speed": 30.56,
  "min_bottleneck_speed": 6.229287086583575,
  "avg_ramp_queue": 1.2208333333333334,
  "max_ramp_queue": 7.0,
  "min_ramp_queue": 0.0,
  "avg_throughput": 361.96446278352505,
  "max_throughput": 434.43513971254345,
  "min_throughput": 102.67883611000894,
  "avg_occupancy": 0.1289482431633538,
  "max_occupancy": 0.18554558686563963,
  "min_occupancy": 0.03131306102567671,
  "avg_metering_rate": 354.8458794131875,
  "max_metering_rate": 1200.0,
  "min_metering_rate": 200.0,
  "total_reward": -2262.3033333333333,
  "episode_steps": 240
}