{
  "avg_reward": 0.8976226587278883,
  "max_reward": 2.2881047547610835,
  "min_reward": 0.5043762128821521,
  "avg_mainline_speed": 9.908184888227538,
  "max_mainline_speed": 22.803142642832512,
  "min_mainline_speed": 5.678193736044406,
  "avg_merge_speed": 10.694489137191765,
  "max_merge_speed": 30.56,
  "min_merge_speed": 5.423786580532633,
  "avg_bottleneck_speed": 11.730329915739405,
  "max_bottleneck_speed": 30.56,
  "min_bottleneck_speed": 6.103428709050073,
  "avg_ramp_queue": 1.15,
  "max_ramp_queue": 5.0,
  "min_ramp_queue": 0.0,
  "avg_throughput": 367.5180391554387,
  "max_throughput": 439.6473932322807,
  "min_throughput": 58.31542342798026,
  "avg_occupancy": 0.11981011427817997,
  "max_occupancy": 0.19055277297696716,
  "min_occupancy": 0.027833832022823742,
  "avg_metering_rate": 673.0692262450854,
  "max_metering_rate": 1200.0,
  "min_metering_rate": 200.0,
  "total_reward": 215.42943809469318,
  "episode_steps": 240
}