{
  "avg_reward": 0.9688659872250894,
  "max_reward": 2.3114638936988596,
  "min_reward": 0.605202907440997,
  "avg_mainline_speed": 11.442195522424852,
  "max_mainline_speed": 23.503916810965794,
  "min_mainline_speed": 8.036426212932952,
  "avg_bottleneck_speed": 12.396189396218551,
  "max_bottleneck_speed": 30.56,
  "min_bottleneck_speed": 6.986440673531307,
  "avg_ramp_queue": 2.6958333333333333,
  "max_ramp_queue": 13.0,
  "min_ramp_queue": 0.0,
  "avg_throughput": 349.87434731692264,
  "max_throughput": 429.06003568019844,
  "min_throughput": 75.13400346317914,
  "avg_occupancy": 0.09859390725492982,
  "max_occupancy": 0.1332519159611749,
  "min_occupancy": 0.027833832022823742,
  "avg_metering_rate": 908.2221476733685,
  "max_metering_rate": 3239.9999141693115,
  "min_metering_rate": 360.00000536441803,
  "total_reward": 232.52783693402145,
  "episode_steps": 240
}