{
  "avg_reward": 0.9833336964347791,
  "max_reward": 2.2970244823887396,
  "min_reward": 0.6462001314550309,
  "avg_mainline_speed": 10.869750714110774,
  "max_mainline_speed": 23.07073447166219,
  "min_mainline_speed": 7.538010444276876,
  "avg_merge_speed": 11.82097793714483,
  "max_merge_speed": 30.56,
  "min_merge_speed": 6.835493706728393,
  "avg_bottleneck_speed": 12.802117897066179,
  "max_bottleneck_speed": 30.56,
  "min_bottleneck_speed": 7.926713094548904,
  "avg_ramp_queue": 1.1458333333333333,
  "max_ramp_queue": 5.0,
  "min_ramp_queue": 0.0,
  "avg_throughput": 370.9048956939561,
  "max_throughput": 450.40305270460675,
  "min_throughput": 64.73762731989251,
  "avg_occupancy": 0.10981504844512496,
  "max_occupancy": 0.15431093834355028,
  "min_occupancy": 0.027833832022823742,
  "avg_metering_rate": 722.8730933119854,
  "max_metering_rate": 1200.0,
  "min_metering_rate": 200.0,
  "total_reward": 236.000087144347,
  "episode_steps": 240
}