{
  "avg_reward": 0.9295370103821701,
  "max_reward": 2.315450981791995,
  "min_reward": 0.537708870813611,
  "avg_mainline_speed": 10.337082032031242,
  "max_mainline_speed": 23.623529453759854,
  "min_mainline_speed": 6.1845672411436885,
  "avg_merge_speed": 10.939227203340185,
  "max_merge_speed": 30.56,
  "min_merge_speed": 4.343308815989861,
  "avg_bottleneck_speed": 12.053518852955905,
  "max_bottleneck_speed": 30.56,
  "min_bottleneck_speed": 6.964465922176427,
  "avg_ramp_queue": 1.0625,
  "max_ramp_queue": 5.0,
  "min_ramp_queue": 0.0,
  "avg_throughput": 368.5687341094336,
  "max_throughput": 451.8676343040195,
  "min_throughput": 87.755295251516,
  "avg_occupancy": 0.11280298454773743,
  "max_occupancy": 0.15441187886671356,
  "min_occupancy": 0.03131306102567671,
  "avg_metering_rate": 673.7598457063237,
  "max_metering_rate": 1200.0,
  "min_metering_rate": 200.0,
  "total_reward": 223.08888249172082,
  "episode_steps": 240
}