{
  "avg_reward": 1.0076295868146892,
  "max_reward": 2.3040927542751444,
  "min_reward": 0.6353876509096423,
  "avg_mainline_speed": 11.777705921548545,
  "max_mainline_speed": 23.282782628254328,
  "min_mainline_speed": 8.108394025828655,
  "avg_bottleneck_speed": 12.93678778859475,
  "max_bottleneck_speed": 30.56,
  "min_bottleneck_speed": 7.782704371823821,
  "avg_ramp_queue": 2.65,
  "max_ramp_queue": 8.0,
  "min_ramp_queue": 0.0,
  "avg_throughput": 351.32294085930886,
  "max_throughput": 418.0436901375547,
  "min_throughput": 52.370087308577965,
  "avg_occupancy": 0.09638769065753412,
  "max_occupancy": 0.13741938951275576,
  "min_occupancy": 0.020875374017117806,
  "avg_metering_rate": 745.2359429374337,
  "max_metering_rate": 3239.9999141693115,
  "min_metering_rate": 360.00000536441803,
  "total_reward": 241.83110083552538,
  "episode_steps": 240
}