{
  "avg_reward": 0.94660712477164,
  "max_reward": 2.3171924885958055,
  "min_reward": 0.6393165852455569,
  "avg_mainline_speed": 10.991585685760352,
  "max_mainline_speed": 23.67577465787416,
  "min_mainline_speed": 7.5677609582449605,
  "avg_bottleneck_speed": 12.148418704925897,
  "max_bottleneck_speed": 30.56,
  "min_bottleneck_speed": 7.244519763344331,
  "avg_ramp_queue": 2.2666666666666666,
  "max_ramp_queue": 10.0,
  "min_ramp_queue": 0.0,
  "avg_throughput": 356.55359888182426,
  "max_throughput": 430.3628592941442,
  "min_throughput": 79.25859178897988,
  "avg_occupancy": 0.10381562910520288,
  "max_occupancy": 0.13902118135899935,
  "min_occupancy": 0.027833832022823742,
  "avg_metering_rate": 963.8532594591379,
  "max_metering_rate": 3239.9999141693115,
  "min_metering_rate": 360.00000536441803,
  "total_reward": 227.1857099451936,
  "episode_steps": 240
}