{
  "avg_reward": 0.9428877510844201,
  "max_reward": 2.3019304679669212,
  "min_reward": 0.5715839568058515,
  "avg_mainline_speed": 10.435222298640191,
  "max_mainline_speed": 23.217914039007635,
  "min_mainline_speed": 6.857835828702327,
  "avg_merge_speed": 11.011164375002709,
  "max_merge_speed": 30.56,
  "min_merge_speed": 5.818120867661912,
  "avg_bottleneck_speed": 12.282884600372718,
  "max_bottleneck_speed": 30.56,
  "min_bottleneck_speed": 7.526455250315479,
  "avg_ramp_queue": 1.1458333333333333,
  "max_ramp_queue": 5.0,
  "min_ramp_queue": 0.0,
  "avg_throughput": 366.0649326956658,
  "max_throughput": 455.876054362033,
  "min_throughput": 68.26993693618319,
  "avg_occupancy": 0.11165321016693915,
  "max_occupancy": 0.150916609206766,
  "min_occupancy": 0.027833832022823742,
  "avg_metering_rate": 541.1171245078245,
  "max_metering_rate": 1200.0,
  "min_metering_rate": 200.0,
  "total_reward": 226.29306026026083,
  "episode_steps": 240
}