{
  "avg_reward": 0.9320358506934634,
  "max_reward": 2.3515776233312513,
  "min_reward": 0.5623173175684173,
  "avg_mainline_speed": 10.553240906825014,
  "max_mainline_speed": 24.707328699937545,
  "min_mainline_speed": 7.0195713911038355,
  "avg_merge_speed": 11.28933847554339,
  "max_merge_speed": 30.56,
  "min_merge_speed": 6.000435670656628,
  "avg_bottleneck_speed": 12.049667520430372,
  "max_bottleneck_speed": 30.56,
  "min_bottleneck_speed": 7.158354325753996,
  "avg_ramp_queue": 1.3333333333333333,
  "max_ramp_queue": 6.0,
  "min_ramp_queue": 0.0,
  "avg_throughput": 366.7444631532238,
  "max_throughput": 439.0377250153449,
  "min_throughput": 104.01588879850104,
  "avg_occupancy": 0.10930879392608554,
  "max_occupancy": 0.15369827963551866,
  "min_occupancy": 0.027833832022823742,
  "avg_metering_rate": 614.8872090814015,
  "max_metering_rate": 1200.0,
  "min_metering_rate": 200.0,
  "total_reward": 223.68860416643122,
  "episode_steps": 240
}