{
  "avg_reward": 0.9272479694369608,
  "max_reward": 2.307351498420192,
  "min_reward": 0.6178720516193783,
  "avg_mainline_speed": 10.420644602352983,
  "max_mainline_speed": 23.380544952605764,
  "min_mainline_speed": 7.586817426956311,
  "avg_merge_speed": 11.104456748595787,
  "max_merge_speed": 30.56,
  "min_merge_speed": 6.3750908497139545,
  "avg_bottleneck_speed": 12.002029653837228,
  "max_bottleneck_speed": 30.56,
  "min_bottleneck_speed": 7.499875205544716,
  "avg_ramp_queue": 1.2125,
  "max_ramp_queue": 5.0,
  "min_ramp_queue": 0.0,
  "avg_throughput": 365.25806712627684,
  "max_throughput": 441.420011229429,
  "min_throughput": 72.1730788625384,
  "avg_occupancy": 0.11053224196672048,
  "max_occupancy": 0.14777382308142115,
  "min_occupancy": 0.027833832022823742,
  "avg_metering_rate": 623.9388538524508,
  "max_metering_rate": 1200.0,
  "min_metering_rate": 200.0,
  "total_reward": 222.53951266487059,
  "episode_steps": 240
}