{
  "avg_reward": -0.28776196799077947,
  "max_reward": -0.00794150625044348,
  "min_reward": -0.7914709734119079,
  "avg_mainline_speed": 8.255210952154947,
  "max_mainline_speed": 24.848198518599457,
  "min_mainline_speed": 5.090537898537382,
  "avg_bottleneck_speed": 11.564362001940133,
  "max_bottleneck_speed": 30.56,
  "min_bottleneck_speed": 6.992040309519379,
  "avg_ramp_queue": 0.4166666666666667,
  "max_ramp_queue": 4.0,
  "min_ramp_queue": 0.0,
  "avg_throughput": 369.77462151330195,
  "max_throughput": 458.5451006179321,
  "min_throughput": 161.09514666958046,
  "avg_occupancy": 0.15118280002496481,
  "max_occupancy": 0.2012030710182389,
  "min_occupancy": 0.04175074803423561,
  "avg_metering_rate": 2204.766310080886,
  "max_metering_rate": 3239.9999141693115,
  "min_metering_rate": 360.00000536441803,
  "total_reward": -69.06287231778707,
  "episode_steps": 240
}