{
  "avg_reward": -0.2811360567888204,
  "max_reward": -0.06357724024138645,
  "min_reward": -0.7204908990405027,
  "avg_mainline_speed": 8.455193540768104,
  "max_mainline_speed": 24.959570129728515,
  "min_mainline_speed": 5.788361671592033,
  "avg_bottleneck_speed": 11.52239490764411,
  "max_bottleneck_speed": 30.56,
  "min_bottleneck_speed": 8.004269614731095,
  "avg_ramp_queue": 0.37916666666666665,
  "max_ramp_queue": 3.0,
  "min_ramp_queue": 0.0,
  "avg_throughput": 370.67672584306104,
  "max_throughput": 443.0999335266472,
  "min_throughput": 212.16056087213894,
  "avg_occupancy": 0.14855695447839426,
  "max_occupancy": 0.1898049525125959,
  "min_occupancy": 0.04152784036517186,
  "avg_metering_rate": 2224.8655508458614,
  "max_metering_rate": 3239.9999141693115,
  "min_metering_rate": 360.00000536441803,
  "total_reward": -67.4726536293169,
  "episode_steps": 240
}}