{
  "avg_reward": -0.28243456284159607,
  "max_reward": -0.03287359082940009,
  "min_reward": -1.0332731218654083,
  "avg_mainline_speed": 8.321342809989448,
  "max_mainline_speed": 24.41869389220363,
  "min_mainline_speed": 5.398059047430837,
  "avg_bottleneck_speed": 11.275265076114636,
  "max_bottleneck_speed": 30.56,
  "min_bottleneck_speed": 6.7161600041899545,
  "avg_ramp_queue": 0.6208333333333333,
  "max_ramp_queue": 6.0,
  "min_ramp_queue": 0.0,
  "avg_throughput": 369.2452151909881,
  "max_throughput": 446.5000198453348,
  "min_throughput": 177.6191480920759,
  "avg_occupancy": 0.1491491941619221,
  "max_occupancy": 0.19195958574174388,
  "min_occupancy": 0.04152784036517186,
  "avg_metering_rate": 1975.487732514739,
  "max_metering_rate": 3239.9999141693115,
  "min_metering_rate": 360.00000536441803,
  "total_reward": -67.78429508198306,
  "episode_steps": 240
}