{
  "avg_reward": -0.29030044008564476,
  "max_reward": -0.030960146927607235,
  "min_reward": -0.8493288846212456,
  "avg_mainline_speed": 8.148204140640235,
  "max_mainline_speed": 23.030800040505458,
  "min_mainline_speed": 5.19087373244032,
  "avg_bottleneck_speed": 11.346384076303613,
  "max_bottleneck_speed": 30.56,
  "min_bottleneck_speed": 6.892885414599679,
  "avg_ramp_queue": 0.5416666666666666,
  "max_ramp_queue": 5.0,
  "min_ramp_queue": 0.0,
  "avg_throughput": 365.7327217737721,
  "max_throughput": 435.50373382390364,
  "min_throughput": 136.96469528715429,
  "avg_occupancy": 0.15205906317311607,
  "max_occupancy": 0.19031798572553885,
  "min_occupancy": 0.0380486113623189,
  "avg_metering_rate": 2136.7544388771057,
  "max_metering_rate": 3239.9999141693115,
  "min_metering_rate": 360.00000536441803,
  "total_reward": -69.67210562055475,
  "episode_steps": 240
}