{
  "avg_reward": -9.009430555555555,
  "max_reward": -1.2,
  "min_reward": -11.413333333333334,
  "avg_mainline_speed": 9.772893605812753,
  "max_mainline_speed": 22.96942260114915,
  "min_mainline_speed": 6.813835931808339,
  "avg_merge_speed": 10.416631012857897,
  "max_merge_speed": 30.56,
  "min_merge_speed": 5.7475858116235194,
  "avg_bottleneck_speed": 11.593549070355468,
  "max_bottleneck_speed": 30.56,
  "min_bottleneck_speed": 7.744794257382292,
  "avg_ramp_queue": 1.1333333333333333,
  "max_ramp_queue": 5.0,
  "min_ramp_queue": 0.0,
  "avg_throughput": 366.7876404464842,
  "max_throughput": 432.59444162847046,
  "min_throughput": 46.72960682068475,
  "avg_occupancy": 0.11952771099491417,
  "max_occupancy": 0.16628145266996935,
  "min_occupancy": 0.020875374017117806,
  "avg_metering_rate": 425.9724486619234,
  "max_metering_rate": 1200.0,
  "min_metering_rate": 200.0,
  "total_reward": -2162.2633333333333,
  "episode_steps": 240
}
}