{
  "avg_reward": 0.972517475392287,
  "max_reward": 2.318801986000666,
  "min_reward": 0.5596425910815495,
  "avg_mainline_speed": 11.379575451664316,
  "max_mainline_speed": 23.72405958001998,
  "min_mainline_speed": 7.387529825332208,
  "avg_bottleneck_speed": 12.421965873402861,
  "max_bottleneck_speed": 30.56,
  "min_bottleneck_speed": 7.227831938076185,
  "avg_ramp_queue": 2.325,
  "max_ramp_queue": 10.0,
  "min_ramp_queue": 0.0,
  "avg_throughput": 352.8964912797803,
  "max_throughput": 427.34080597467084,
  "min_throughput": 80.41742992047952,
  "avg_occupancy": 0.09954840934490834,
  "max_occupancy": 0.13427945104678482,
  "min_occupancy": 0.027833832022823742,
  "avg_metering_rate": 852.3665228113532,
  "max_metering_rate": 3239.9999141693115,
  "min_metering_rate": 360.00000536441803,
  "total_reward": 233.40419409414886,
  "episode_steps": 240
}