{
  "avg_reward": -0.2757785554250784,
  "max_reward": -0.05958931544531392,
  "min_reward": -0.7923592373764579,
  "avg_mainline_speed": 8.496116282064914,
  "max_mainline_speed": 23.286755529073663,
  "min_mainline_speed": 6.077110701825138,
  "avg_bottleneck_speed": 11.38507574684129,
  "max_bottleneck_speed": 30.56,
  "min_bottleneck_speed": 7.229843327357192,
  "avg_ramp_queue": 0.4708333333333333,
  "max_ramp_queue": 5.0,
  "min_ramp_queue": 0.0,
  "avg_throughput": 371.96172966963974,
  "max_throughput": 454.0236884726255,
  "min_throughput": 156.0154141073781,
  "avg_occupancy": 0.14627067530188714,
  "max_occupancy": 0.17799321205080668,
  "min_occupancy": 0.04152784036517186,
  "avg_metering_rate": 2101.1212661862373,
  "max_metering_rate": 3239.9999141693115,
  "min_metering_rate": 360.00000536441803,
  "total_reward": -66.18685330201882,
  "episode_steps": 240
}