{
  "avg_reward": 0.9212585076015912,
  "max_reward": 2.3034146169141256,
  "min_reward": 0.5706486873765615,
  "avg_mainline_speed": 10.305746722180418,
  "max_mainline_speed": 23.262438507423767,
  "min_mainline_speed": 6.823107213528672,
  "avg_merge_speed": 10.93628618084244,
  "max_merge_speed": 30.56,
  "min_merge_speed": 5.523985579073893,
  "avg_bottleneck_speed": 11.889394559467105,
  "max_bottleneck_speed": 30.56,
  "min_bottleneck_speed": 7.197568938512116,
  "avg_ramp_queue": 1.0041666666666667,
  "max_ramp_queue": 5.0,
  "min_ramp_queue": 0.0,
  "avg_throughput": 370.3688512899145,
  "max_throughput": 446.84932573219953,
  "min_throughput": 78.00583970044173,
  "avg_occupancy": 0.11346278540873644,
  "max_occupancy": 0.15032035558393922,
  "min_occupancy": 0.03131306102567671,
  "avg_metering_rate": 735.2893496553103,
  "max_metering_rate": 1200.0,
  "min_metering_rate": 200.0,
  "total_reward": 221.1020418243819,
  "episode_steps": 240
}