{
  "avg_reward": -0.2908860351317276,
  "max_reward": -0.036208148612576097,
  "min_reward": -1.074063631731975,
  "avg_mainline_speed": 8.117590670275884,
  "max_mainline_speed": 23.619943975355426,
  "min_mainline_speed": 5.814792629270522,
  "avg_bottleneck_speed": 11.37171816001338,
  "max_bottleneck_speed": 30.56,
  "min_bottleneck_speed": 7.467378288891895,
  "avg_ramp_queue": 0.4125,
  "max_ramp_queue": 4.0,
  "min_ramp_queue": 0.0,
  "avg_throughput": 367.25883630534935,
  "max_throughput": 446.10791381300294,
  "min_throughput": 97.39831926066282,
  "avg_occupancy": 0.15333230609370155,
  "max_occupancy": 0.18927997686285183,
  "min_occupancy": 0.034792290028529675,
  "avg_metering_rate": 2116.9164581224322,
  "max_metering_rate": 3239.9999141693115,
  "min_metering_rate": 360.00000536441803,
  "total_reward": -69.81264843161463,
  "episode_steps": 240
}