{
  "avg_reward": -8.620569444444444,
  "max_reward": -1.65,
  "min_reward": -10.52,
  "avg_mainline_speed": 10.635133699123067,
  "max_mainline_speed": 23.285471347058927,
  "min_mainline_speed": 6.951936702172503,
  "avg_merge_speed": 11.539861228619166,
  "max_merge_speed": 30.56,
  "min_merge_speed": 5.712941408680275,
  "avg_bottleneck_speed": 12.328703557239226,
  "max_bottleneck_speed": 30.56,
  "min_bottleneck_speed": 7.945067075906984,
  "avg_ramp_queue": 1.4916666666666667,
  "max_ramp_queue": 7.0,
  "min_ramp_queue": 0.0,
  "avg_throughput": 364.3476468752959,
  "max_throughput": 439.2582108965088,
  "min_throughput": 61.15489828823743,
  "avg_occupancy": 0.11016158560840852,
  "max_occupancy": 0.14945886836755826,
  "min_occupancy": 0.025745709274031386,
  "avg_metering_rate": 372.9418584456046,
  "max_metering_rate": 1200.0,
  "min_metering_rate": 200.0,
  "total_reward": -2068.9366666666665,
  "episode_steps": 240
}eps": 240
}