{
  "avg_reward": 0.9616610263229665,
  "max_reward": 2.3152022826104113,
  "min_reward": 0.5656725725008818,
  "avg_mainline_speed": 11.195771950770617,
  "max_mainline_speed": 23.61606847831234,
  "min_mainline_speed": 8.019212702429753,
  "avg_bottleneck_speed": 12.289372559278918,
  "max_bottleneck_speed": 30.56,
  "min_bottleneck_speed": 6.923888979949952,
  "avg_ramp_queue": 2.1666666666666665,
  "max_ramp_queue": 8.0,
  "min_ramp_queue": 0.0,
  "avg_throughput": 359.8812029254212,
  "max_throughput": 452.2288049433853,
  "min_throughput": 87.55384891443316,
  "avg_occupancy": 0.10287851488474974,
  "max_occupancy": 0.14233588070449016,
  "min_occupancy": 0.03131306102567671,
  "avg_metering_rate": 947.2730292007327,
  "max_metering_rate": 3239.9999141693115,
  "min_metering_rate": 360.00000536441803,
  "total_reward": 230.79864631751195,
  "episode_steps": 240
}