{
  "avg_reward": 0.9495306807204013,
  "max_reward": 2.263242298901094,
  "min_reward": 0.6257917158248775,
  "avg_mainline_speed": 10.668784503112146,
  "max_mainline_speed": 22.057268967032826,
  "min_mainline_speed": 7.921649589092152,
  "avg_merge_speed": 11.452133554240511,
  "max_merge_speed": 27.706151063788372,
  "min_merge_speed": 6.860238730743068,
  "avg_bottleneck_speed": 12.27809061233326,
  "max_bottleneck_speed": 30.56,
  "min_bottleneck_speed": 7.371336500562097,
  "avg_ramp_queue": 1.2,
  "max_ramp_queue": 5.0,
  "min_ramp_queue": 0.0,
  "avg_throughput": 365.03539387793865,
  "max_throughput": 432.7605732320184,
  "min_throughput": 84.93826844747076,
  "avg_occupancy": 0.10789085988159179,
  "max_occupancy": 0.14354502358162613,
  "min_occupancy": 0.027610924353759992,
  "avg_metering_rate": 638.2369144509236,
  "max_metering_rate": 1200.0,
  "min_metering_rate": 200.0,
  "total_reward": 227.8873633728963,
  "episode_steps": 240
}