{
  "avg_reward": -9.280375,
  "max_reward": -1.8,
  "min_reward": -11.856666666666666,
  "avg_mainline_speed": 9.410102639008313,
  "max_mainline_speed": 22.969373755822613,
  "min_mainline_speed": 5.769640590440612,
  "avg_merge_speed": 9.950814806527317,
  "max_merge_speed": 30.56,
  "min_merge_speed": 4.781671356493352,
  "avg_bottleneck_speed": 11.085699430729301,
  "max_bottleneck_speed": 30.56,
  "min_bottleneck_speed": 7.282121242961297,
  "avg_ramp_queue": 1.275,
  "max_ramp_queue": 6.0,
  "min_ramp_queue": 0.0,
  "avg_throughput": 366.9837885343073,
  "max_throughput": 432.6753315507141,
  "min_throughput": 54.51684887227482,
  "avg_occupancy": 0.12470033678396991,
  "max_occupancy": 0.17214445000819698,
  "min_occupancy": 0.024354603019970774,
  "avg_metering_rate": 356.643774236242,
  "max_metering_rate": 1200.0,
  "min_metering_rate": 200.0,
  "total_reward": -2227.29,
  "episode_steps": 240
}