{
  "avg_reward": -9.190597222222221,
  "max_reward": -1.8,
  "min_reward": -10.82,
  "avg_mainline_speed": 9.436796482074245,
  "max_mainline_speed": 22.908057628574046,
  "min_mainline_speed": 5.794589802094674,
  "avg_merge_speed": 9.857509690454291,
  "max_merge_speed": 30.56,
  "min_merge_speed": 3.966343247223193,
  "avg_bottleneck_speed": 11.29721190260016,
  "max_bottleneck_speed": 30.56,
  "min_bottleneck_speed": 7.826282046290544,
  "avg_ramp_queue": 1.1208333333333333,
  "max_ramp_queue": 5.0,
  "min_ramp_queue": 0.0,
  "avg_throughput": 368.8281898943896,
  "max_throughput": 443.21385284413407,
  "min_throughput": 68.43755597149934,
  "avg_occupancy": 0.12389618173689836,
  "max_occupancy": 0.15460582882895627,
  "min_occupancy": 0.03131306102567671,
  "avg_metering_rate": 358.42860862612724,
  "max_metering_rate": 1200.0,
  "min_metering_rate": 200.0,
  "total_reward": -2205.7433333333333,
  "episode_steps": 240
}