{
  "avg_reward": -8.624611111111111,
  "max_reward": -1.65,
  "min_reward": -11.413333333333334,
  "avg_mainline_speed": 10.611576776358667,
  "max_mainline_speed": 23.288591169837815,
  "min_mainline_speed": 6.848871869116864,
  "avg_merge_speed": 11.50019151054854,
  "max_merge_speed": 30.56,
  "min_merge_speed": 5.17169394323468,
  "avg_bottleneck_speed": 12.424807417201094,
  "max_bottleneck_speed": 30.56,
  "min_bottleneck_speed": 6.823998922920937,
  "avg_ramp_queue": 1.4416666666666667,
  "max_ramp_queue": 8.0,
  "min_ramp_queue": 0.0,
  "avg_throughput": 363.5430114704142,
  "max_throughput": 435.78818688215523,
  "min_throughput": 69.96618807610763,
  "avg_occupancy": 0.1105230998434956,
  "max_occupancy": 0.1629734379737854,
  "min_occupancy": 0.027833832022823742,
  "avg_metering_rate": 456.2044855207205,
  "max_metering_rate": 1200.0,
  "min_metering_rate": 200.0,
  "total_reward": -2069.9066666666668,
  "episode_steps": 240
}