{
  "avg_reward": -0.2794485032998717,
  "max_reward": -0.05189113554449731,
  "min_reward": -1.0518466854863988,
  "avg_mainline_speed": 8.399560677088248,
  "max_mainline_speed": 25.376476813633932,
  "min_mainline_speed": 5.824472290298988,
  "avg_bottleneck_speed": 11.281248554968215,
  "max_bottleneck_speed": 30.56,
  "min_bottleneck_speed": 6.36955246409714,
  "avg_ramp_queue": 0.4791666666666667,
  "max_ramp_queue": 5.0,
  "min_ramp_queue": 0.0,
  "avg_throughput": 368.77055034589995,
  "max_throughput": 438.8551932420694,
  "min_throughput": 180.11316529082154,
  "avg_occupancy": 0.1453754805900548,
  "max_occupancy": 0.18223725323888904,
  "min_occupancy": 0.04175074803423561,
  "avg_metering_rate": 2113.4712785482407,
  "max_metering_rate": 3239.9999141693115,
  "min_metering_rate": 360.00000536441803,
  "total_reward": -67.06764079196921,
  "episode_steps": 240
}