{
  "avg_reward": 0.9528736390943948,
  "max_reward": 2.330518891073311,
  "min_reward": 0.6132329467309775,
  "avg_mainline_speed": 10.484838796550063,
  "max_mainline_speed": 24.07556673219933,
  "min_mainline_speed": 6.86602802228402,
  "avg_merge_speed": 11.194828201898023,
  "max_merge_speed": 30.56,
  "min_merge_speed": 5.640770931911906,
  "avg_bottleneck_speed": 12.470358028632297,
  "max_bottleneck_speed": 30.56,
  "min_bottleneck_speed": 7.261698514091821,
  "avg_ramp_queue": 1.2083333333333333,
  "max_ramp_queue": 7.0,
  "min_ramp_queue": 0.0,
  "avg_throughput": 367.6859418710899,
  "max_throughput": 437.9680427818447,
  "min_throughput": 77.74690137618595,
  "avg_occupancy": 0.11272073606476779,
  "max_occupancy": 0.16594465206630815,
  "min_occupancy": 0.024354603019970774,
  "avg_metering_rate": 570.6808566271017,
  "max_metering_rate": 1200.0,
  "min_metering_rate": 200.0,
  "total_reward": 228.68967338265475,
  "episode_steps": 240
}