{
  "avg_reward": -8.377708333333334,
  "max_reward": -1.8,
  "min_reward": -10.083333333333334,
  "avg_mainline_speed": 10.91113147295144,
  "max_mainline_speed": 23.48270123972379,
  "min_mainline_speed": 7.881273783053811,
  "avg_merge_speed": 11.841223871277167,
  "max_merge_speed": 30.56,
  "min_merge_speed": 6.394104774547483,
  "avg_bottleneck_speed": 12.400518167531793,
  "max_bottleneck_speed": 30.56,
  "min_bottleneck_speed": 7.586296074771788,
  "avg_ramp_queue": 1.4375,
  "max_ramp_queue": 6.0,
  "min_ramp_queue": 0.0,
  "avg_throughput": 364.33298208097744,
  "max_throughput": 440.60322036710807,
  "min_throughput": 93.28103719171378,
  "avg_occupancy": 0.10491443860668152,
  "max_occupancy": 0.14418545564798946,
  "min_occupancy": 0.034792290028529675,
  "avg_metering_rate": 381.4347984890143,
  "max_metering_rate": 1200.0,
  "min_metering_rate": 200.0,
  "total_reward": -2010.65,
  "episode_steps": 240
}