{
  "avg_reward": 0.946768394772097,
  "max_reward": 2.315332708080821,
  "min_reward": 0.6186936387043971,
  "avg_mainline_speed": 11.093049058821462,
  "max_mainline_speed": 23.619981242424625,
  "min_mainline_speed": 7.179992872583155,
  "avg_bottleneck_speed": 12.105001856227632,
  "max_bottleneck_speed": 30.56,
  "min_bottleneck_speed": 7.477808758913563,
  "avg_ramp_queue": 2.3541666666666665,
  "max_ramp_queue": 8.0,
  "min_ramp_queue": 0.0,
  "avg_throughput": 353.4016791802774,
  "max_throughput": 431.31566123229766,
  "min_throughput": 87.6594935454649,
  "avg_occupancy": 0.10350930851464328,
  "max_occupancy": 0.14610162538671437,
  "min_occupancy": 0.03131306102567671,
  "avg_metering_rate": 801.9253661110997,
  "max_metering_rate": 3239.9999141693115,
  "min_metering_rate": 360.00000536441803,
  "total_reward": 227.22441474530328,
  "episode_steps": 240
}