{
  "avg_reward": 0.9608186589374103,
  "max_reward": 2.323979158222195,
  "min_reward": 0.6442508868994861,
  "avg_mainline_speed": 10.684529873711037,
  "max_mainline_speed": 23.87937474666585,
  "min_mainline_speed": 6.82787329633637,
  "avg_merge_speed": 11.43229169746112,
  "max_merge_speed": 30.56,
  "min_merge_speed": 5.73144200343626,
  "avg_bottleneck_speed": 12.47529770738529,
  "max_bottleneck_speed": 30.56,
  "min_bottleneck_speed": 7.8930143601349245,
  "avg_ramp_queue": 1.1458333333333333,
  "max_ramp_queue": 8.0,
  "min_ramp_queue": 0.0,
  "avg_throughput": 368.83973477961496,
  "max_throughput": 441.8345370299154,
  "min_throughput": 84.1449939199804,
  "avg_occupancy": 0.10966226311803652,
  "max_occupancy": 0.160982984156498,
  "min_occupancy": 0.027833832022823742,
  "avg_metering_rate": 719.9527777731419,
  "max_metering_rate": 1200.0,
  "min_metering_rate": 200.0,
  "total_reward": 230.59647814497845,
  "episode_steps": 240
}