{
  "avg_reward": 0.9886361536912799,
  "max_reward": 2.2618542086377875,
  "min_reward": 0.5705176367325578,
  "avg_mainline_speed": 11.341736210700255,
  "max_mainline_speed": 22.015626259133622,
  "min_mainline_speed": 6.951819659736106,
  "avg_bottleneck_speed": 12.615565600025427,
  "max_bottleneck_speed": 30.56,
  "min_bottleneck_speed": 7.075085113764332,
  "avg_ramp_queue": 1.6833333333333333,
  "max_ramp_queue": 8.0,
  "min_ramp_queue": 0.0,
  "avg_throughput": 355.8211054963513,
  "max_throughput": 452.1489740067415,
  "min_throughput": 102.16841717673006,
  "avg_occupancy": 0.10169314052511981,
  "max_occupancy": 0.14741623737047457,
  "min_occupancy": 0.03250371436668739,
  "avg_metering_rate": 1022.4452739581466,
  "max_metering_rate": 3239.9999141693115,
  "min_metering_rate": 360.00000536441803,
  "total_reward": 237.27267688590717,
  "episode_steps": 240
}