{
  "avg_reward": -0.2893097349634383,
  "max_reward": 0.022743058348101815,
  "min_reward": -0.9148765901090201,
  "avg_mainline_speed": 8.30345430762035,
  "max_mainline_speed": 24.12199184749549,
  "min_mainline_speed": 4.927919370743059,
  "avg_bottleneck_speed": 11.244689672633106,
  "max_bottleneck_speed": 30.56,
  "min_bottleneck_speed": 5.9030030745332995,
  "avg_ramp_queue": 0.5833333333333334,
  "max_ramp_queue": 7.0,
  "min_ramp_queue": 0.0,
  "avg_throughput": 368.29135667485133,
  "max_throughput": 445.1782496860711,
  "min_throughput": 123.7057309673512,
  "avg_occupancy": 0.1500308871396288,
  "max_occupancy": 0.20359148955349796,
  "min_occupancy": 0.03827151903138264,
  "avg_metering_rate": 2059.268228597939,
  "max_metering_rate": 3239.9999141693115,
  "min_metering_rate": 360.00000536441803,
  "total_reward": -69.4343363912252,
  "episode_steps": 240
}