{
  "avg_reward": 0.94072058062074,
  "max_reward": 2.3005831058094017,
  "min_reward": 0.570274842445489,
  "avg_mainline_speed": 10.509261128381718,
  "max_mainline_speed": 23.17749317428205,
  "min_mainline_speed": 7.285839712203884,
  "avg_merge_speed": 11.252846378846963,
  "max_merge_speed": 30.56,
  "min_merge_speed": 6.47666579792777,
  "avg_bottleneck_speed": 12.191570860160322,
  "max_bottleneck_speed": 30.56,
  "min_bottleneck_speed": 6.875592943352289,
  "avg_ramp_queue": 1.15,
  "max_ramp_queue": 6.0,
  "min_ramp_queue": 0.0,
  "avg_throughput": 368.2974465660957,
  "max_throughput": 442.0548283903224,
  "min_throughput": 67.29983618276918,
  "avg_occupancy": 0.11045650650768106,
  "max_occupancy": 0.1534012466049571,
  "min_occupancy": 0.027833832022823742,
  "avg_metering_rate": 624.843840735654,
  "max_metering_rate": 1200.0,
  "min_metering_rate": 200.0,
  "total_reward": 225.77293934897762,
  "episode_steps": 240
}