{
  "avg_reward": -0.29255472929749093,
  "max_reward": -0.0020698448956754656,
  "min_reward": -1.1268189009827236,
  "avg_mainline_speed": 8.291358601278157,
  "max_mainline_speed": 23.186512055829876,
  "min_mainline_speed": 5.091446541069923,
  "avg_bottleneck_speed": 11.409365916952432,
  "max_bottleneck_speed": 30.56,
  "min_bottleneck_speed": 6.075627320310022,
  "avg_ramp_queue": 0.44166666666666665,
  "max_ramp_queue": 4.0,
  "min_ramp_queue": 0.0,
  "avg_throughput": 366.0264414947606,
  "max_throughput": 443.17207477589125,
  "min_throughput": 155.4524009450901,
  "avg_occupancy": 0.15036500555257687,
  "max_occupancy": 0.2038902260832954,
  "min_occupancy": 0.04152784036517186,
  "avg_metering_rate": 2055.2449548617005,
  "max_metering_rate": 3239.9999141693115,
  "min_metering_rate": 360.00000536441803,
  "total_reward": -70.21313503139783,
  "episode_steps": 240
}