{
  "avg_reward": 0.9420385105338888,
  "max_reward": 2.3097612425431606,
  "min_reward": 0.5696377137909645,
  "avg_mainline_speed": 10.734100245502198,
  "max_mainline_speed": 23.452837276294815,
  "min_mainline_speed": 7.47868635595491,
  "avg_merge_speed": 11.5739563716027,
  "max_merge_speed": 30.56,
  "min_merge_speed": 6.2475666166537485,
  "avg_bottleneck_speed": 12.10414782478742,
  "max_bottleneck_speed": 30.56,
  "min_bottleneck_speed": 7.153063057246822,
  "avg_ramp_queue": 1.2583333333333333,
  "max_ramp_queue": 6.0,
  "min_ramp_queue": 0.0,
  "avg_throughput": 365.96968157411305,
  "max_throughput": 435.6987617261599,
  "min_throughput": 73.9080946310756,
  "avg_occupancy": 0.1070499518627352,
  "max_occupancy": 0.13994372985242387,
  "min_occupancy": 0.027833832022823742,
  "avg_metering_rate": 542.265030524383,
  "max_metering_rate": 1200.0,
  "min_metering_rate": 200.0,
  "total_reward": 226.0892425281333,
  "episode_steps": 240
}