{
  "avg_reward": 0.9330924933117025,
  "max_reward": 2.3161946050687012,
  "min_reward": 0.5399625192632446,
  "avg_mainline_speed": 10.355293244705914,
  "max_mainline_speed": 23.645838152061035,
  "min_mainline_speed": 6.048244228547223,
  "avg_merge_speed": 11.182419294290522,
  "max_merge_speed": 30.56,
  "min_merge_speed": 5.487289529099564,
  "avg_bottleneck_speed": 12.108321036430107,
  "max_bottleneck_speed": 30.56,
  "min_bottleneck_speed": 7.1004208995667435,
  "avg_ramp_queue": 1.05,
  "max_ramp_queue": 4.0,
  "min_ramp_queue": 0.0,
  "avg_throughput": 368.6429145676392,
  "max_throughput": 434.3814167093368,
  "min_throughput": 78.54011564946484,
  "avg_occupancy": 0.1141282141802978,
  "max_occupancy": 0.16258733271283432,
  "min_occupancy": 0.027833832022823742,
  "avg_metering_rate": 665.6865826497475,
  "max_metering_rate": 1200.0,
  "min_metering_rate": 200.0,
  "total_reward": 223.9421983948086,
  "episode_steps": 240
}