{
  "avg_reward": 0.9034932914953507,
  "max_reward": 2.3109605912444513,
  "min_reward": 0.5429653046628748,
  "avg_mainline_speed": 10.034360012601542,
  "max_mainline_speed": 23.488817737333537,
  "min_mainline_speed": 6.496002559193762,
  "avg_merge_speed": 10.757182044578574,
  "max_merge_speed": 30.56,
  "min_merge_speed": 6.1518941757210595,
  "avg_bottleneck_speed": 11.78862582150599,
  "max_bottleneck_speed": 30.56,
  "min_bottleneck_speed": 6.657861000129307,
  "avg_ramp_queue": 1.225,
  "max_ramp_queue": 5.0,
  "min_ramp_queue": 0.0,
  "avg_throughput": 365.02970219650473,
  "max_throughput": 431.3276069179825,
  "min_throughput": 74.77162569600489,
  "avg_occupancy": 0.11645066703860738,
  "max_occupancy": 0.17655882504849832,
  "min_occupancy": 0.027833832022823742,
  "avg_metering_rate": 626.0390748580297,
  "max_metering_rate": 1200.0,
  "min_metering_rate": 200.0,
  "total_reward": 216.83838995888416,
  "episode_steps": 240
}