{
  "avg_reward": 0.872865953226903,
  "max_reward": 2.2893137443044,
  "min_reward": 0.522678764192868,
  "avg_mainline_speed": 9.881314203960335,
  "max_mainline_speed": 22.839412329131992,
  "min_mainline_speed": 6.689304233747422,
  "avg_merge_speed": 10.423260095411619,
  "max_merge_speed": 30.56,
  "min_merge_speed": 5.690980759653993,
  "avg_bottleneck_speed": 11.300331817453392,
  "max_bottleneck_speed": 30.56,
  "min_bottleneck_speed": 6.632426056831761,
  "avg_ramp_queue": 1.2916666666666667,
  "max_ramp_queue": 5.0,
  "min_ramp_queue": 0.0,
  "avg_throughput": 362.85050501489314,
  "max_throughput": 431.29895389024153,
  "min_throughput": 51.78765891177184,
  "avg_occupancy": 0.11464696871232996,
  "max_occupancy": 0.16223480136701585,
  "min_occupancy": 0.024354603019970774,
  "avg_metering_rate": 583.9785917041203,
  "max_metering_rate": 1200.0,
  "min_metering_rate": 200.0,
  "total_reward": 209.48782877445672,
  "episode_steps": 240
}