{
  "avg_reward": 0.9541453162213961,
  "max_reward": 2.311034773687496,
  "min_reward": 0.5163451550255803,
  "avg_mainline_speed": 11.15599879745282,
  "max_mainline_speed": 23.49104321062488,
  "min_mainline_speed": 7.233597134903214,
  "avg_bottleneck_speed": 12.238573792792709,
  "max_bottleneck_speed": 30.56,
  "min_bottleneck_speed": 6.224505010576131,
  "avg_ramp_queue": 2.470833333333333,
  "max_ramp_queue": 10.0,
  "min_ramp_queue": 0.0,
  "avg_throughput": 353.45285333997504,
  "max_throughput": 441.50951777865225,
  "min_throughput": 84.17816668687182,
  "avg_occupancy": 0.10216123254328778,
  "max_occupancy": 0.14318770100095388,
  "min_occupancy": 0.03131306102567671,
  "avg_metering_rate": 924.6334700658917,
  "max_metering_rate": 3239.9999141693115,
  "min_metering_rate": 360.00000536441803,
  "total_reward": 228.99487589313506,
  "episode_steps": 240
}