{
  "avg_reward": -9.835027777777778,
  "max_reward": -1.5,
  "min_reward": -13.056666666666667,
  "avg_mainline_speed": 8.74279817281136,
  "max_mainline_speed": 22.962676309416068,
  "min_mainline_speed": 4.874807315862852,
  "avg_merge_speed": 9.363171158383091,
  "max_merge_speed": 30.56,
  "min_merge_speed": 3.053071369701062,
  "avg_bottleneck_speed": 11.280085824288353,
  "max_bottleneck_speed": 30.56,
  "min_bottleneck_speed": 5.489176258271532,
  "avg_ramp_queue": 1.1291666666666667,
  "max_ramp_queue": 6.0,
  "min_ramp_queue": 0.0,
  "avg_throughput": 366.4405396989213,
  "max_throughput": 435.0893293254331,
  "min_throughput": 62.144231425985595,
  "avg_occupancy": 0.1391950712504488,
  "max_occupancy": 0.18590038020076494,
  "min_occupancy": 0.027833832022823742,
  "avg_metering_rate": 323.23057763278484,
  "max_metering_rate": 1200.0,
  "min_metering_rate": 200.0,
  "total_reward": -2360.4066666666668,
  "episode_steps": 240
}