{
  "avg_reward": 0.8824285961777024,
  "max_reward": 2.293972217054021,
  "min_reward": 0.5689088435342842,
  "avg_mainline_speed": 9.663198035164928,
  "max_mainline_speed": 22.97916651162063,
  "min_mainline_speed": 6.283532710449875,
  "avg_merge_speed": 10.04082352887673,
  "max_merge_speed": 30.56,
  "min_merge_speed": 4.730214503394436,
  "avg_bottleneck_speed": 11.581439900110762,
  "max_bottleneck_speed": 30.56,
  "min_bottleneck_speed": 7.1891550637191,
  "avg_ramp_queue": 1.125,
  "max_ramp_queue": 6.0,
  "min_ramp_queue": 0.0,
  "avg_throughput": 369.29435972259284,
  "max_throughput": 438.66356539102935,
  "min_throughput": 54.72249674403324,
  "avg_occupancy": 0.12153581085152727,
  "max_occupancy": 0.17169379796389048,
  "min_occupancy": 0.024354603019970774,
  "avg_metering_rate": 620.1034737130007,
  "max_metering_rate": 1200.0,
  "min_metering_rate": 200.0,
  "total_reward": 211.7828630826486,
  "episode_steps": 240
}