{
  "avg_reward": 0.950961019118111,
  "max_reward": 2.2814035540266167,
  "min_reward": 0.5381748337120552,
  "avg_mainline_speed": 11.112092777520973,
  "max_mainline_speed": 22.602106620798505,
  "min_mainline_speed": 7.335644646749746,
  "avg_bottleneck_speed": 12.079158530681571,
  "max_bottleneck_speed": 30.56,
  "min_bottleneck_speed": 7.017071695600342,
  "avg_ramp_queue": 1.95,
  "max_ramp_queue": 13.0,
  "min_ramp_queue": 0.0,
  "avg_throughput": 355.3803394004957,
  "max_throughput": 433.46315068997336,
  "min_throughput": 53.49055889916406,
  "avg_occupancy": 0.1021418729917493,
  "max_occupancy": 0.14109754445123868,
  "min_occupancy": 0.027833832022823742,
  "avg_metering_rate": 946.9671547785401,
  "max_metering_rate": 3239.9999141693115,
  "min_metering_rate": 360.00000536441803,
  "total_reward": 228.23064458834665,
  "episode_steps": 240
}