{
  "avg_reward": 0.9481544222866294,
  "max_reward": 2.3357435092092707,
  "min_reward": 0.6466462473947723,
  "avg_mainline_speed": 11.081832894414106,
  "max_mainline_speed": 24.232305276278122,
  "min_mainline_speed": 7.808911646844375,
  "avg_bottleneck_speed": 12.224199849456516,
  "max_bottleneck_speed": 30.56,
  "min_bottleneck_speed": 7.99678184796129,
  "avg_ramp_queue": 2.7041666666666666,
  "max_ramp_queue": 11.0,
  "min_ramp_queue": 0.0,
  "avg_throughput": 355.2109190819941,
  "max_throughput": 450.72269225119953,
  "min_throughput": 127.34607411717796,
  "avg_occupancy": 0.10233615779832465,
  "max_occupancy": 0.14506377810607782,
  "min_occupancy": 0.03827151903138264,
  "avg_metering_rate": 848.7110204994678,
  "max_metering_rate": 3239.9999141693115,
  "min_metering_rate": 360.00000536441803,
  "total_reward": 227.55706134879105,
  "episode_steps": 240
}