{
  "avg_reward": 0.9144562364737576,
  "max_reward": 2.3154566674191397,
  "min_reward": 0.5910160367875691,
  "avg_mainline_speed": 10.235722155308647,
  "max_mainline_speed": 23.623700022574184,
  "min_mainline_speed": 6.885885965970371,
  "avg_merge_speed": 11.013922664955137,
  "max_merge_speed": 30.56,
  "min_merge_speed": 4.948541672981006,
  "avg_bottleneck_speed": 11.843087737047167,
  "max_bottleneck_speed": 30.56,
  "min_bottleneck_speed": 6.981912670465758,
  "avg_ramp_queue": 1.1333333333333333,
  "max_ramp_queue": 5.0,
  "min_ramp_queue": 0.0,
  "avg_throughput": 363.85973146686433,
  "max_throughput": 457.4138157851618,
  "min_throughput": 78.0088005417804,
  "avg_occupancy": 0.11317140577747177,
  "max_occupancy": 0.15455431421937074,
  "min_occupancy": 0.027833832022823742,
  "avg_metering_rate": 644.2272492373983,
  "max_metering_rate": 1200.0,
  "min_metering_rate": 200.0,
  "total_reward": 219.46949675370183,
  "episode_steps": 240
}