{
  "avg_reward": 0.9640258415609776,
  "max_reward": 2.27638588214679,
  "min_reward": 0.6039288171038625,
  "avg_mainline_speed": 11.468286454170812,
  "max_mainline_speed": 22.451576464403704,
  "min_mainline_speed": 7.648918148396273,
  "avg_bottleneck_speed": 12.372992528439012,
  "max_bottleneck_speed": 30.56,
  "min_bottleneck_speed": 7.107384291385529,
  "avg_ramp_queue": 3.075,
  "max_ramp_queue": 11.0,
  "min_ramp_queue": 0.0,
  "avg_throughput": 352.38829900957523,
  "max_throughput": 441.0188153554564,
  "min_throughput": 91.32998549846037,
  "avg_occupancy": 0.09938732437689396,
  "max_occupancy": 0.15029907560667366,
  "min_occupancy": 0.027610924353759992,
  "avg_metering_rate": 745.458499006927,
  "max_metering_rate": 3239.9999141693115,
  "min_metering_rate": 360.00000536441803,
  "total_reward": 231.36620197463463,
  "episode_steps": 240
}