{
  "avg_reward": 0.973009551181786,
  "max_reward": 2.330568358964298,
  "min_reward": 0.6179221642545918,
  "avg_mainline_speed": 11.545787654332944,
  "max_mainline_speed": 24.077050768928927,
  "min_mainline_speed": 7.515914743219814,
  "avg_bottleneck_speed": 12.425999254080425,
  "max_bottleneck_speed": 30.56,
  "min_bottleneck_speed": 7.281097153643094,
  "avg_ramp_queue": 2.7625,
  "max_ramp_queue": 10.0,
  "min_ramp_queue": 0.0,
  "avg_throughput": 350.05269716217117,
  "max_throughput": 416.84221832527055,
  "min_throughput": 88.88921845429428,
  "avg_occupancy": 0.0978616511610006,
  "max_occupancy": 0.14059245740665147,
  "min_occupancy": 0.027833832022823742,
  "avg_metering_rate": 708.2843705266714,
  "max_metering_rate": 3239.9999141693115,
  "min_metering_rate": 360.00000536441803,
  "total_reward": 233.52229228362864,
  "episode_steps": 240
}