{
  "avg_reward": 0.9461490684658936,
  "max_reward": 2.2976275105473407,
  "min_reward": 0.5884887104823666,
  "avg_mainline_speed": 10.820685072955506,
  "max_mainline_speed": 23.088825316420216,
  "min_mainline_speed": 6.608400328443808,
  "avg_bottleneck_speed": 12.111191320680867,
  "max_bottleneck_speed": 30.56,
  "min_bottleneck_speed": 6.676690736998956,
  "avg_ramp_queue": 1.675,
  "max_ramp_queue": 7.0,
  "min_ramp_queue": 0.0,
  "avg_throughput": 358.67042509758795,
  "max_throughput": 440.4753248817385,
  "min_throughput": 65.17180759408518,
  "avg_occupancy": 0.1072695619033966,
  "max_occupancy": 0.1691573582380119,
  "min_occupancy": 0.027833832022823742,
  "avg_metering_rate": 1071.4037092030048,
  "max_metering_rate": 3239.9999141693115,
  "min_metering_rate": 360.00000536441803,
  "total_reward": 227.07577643181446,
  "episode_steps": 240
}