{
  "avg_reward": 0.974017434117587,
  "max_reward": 2.3146016500374245,
  "min_reward": 0.6148237522813678,
  "avg_mainline_speed": 11.265296446967621,
  "max_mainline_speed": 23.598049501122727,
  "min_mainline_speed": 7.183938977890377,
  "avg_bottleneck_speed": 12.464151051039993,
  "max_bottleneck_speed": 30.56,
  "min_bottleneck_speed": 7.286099538386053,
  "avg_ramp_queue": 2.058333333333333,
  "max_ramp_queue": 9.0,
  "min_ramp_queue": 0.0,
  "avg_throughput": 354.8298147493655,
  "max_throughput": 424.3606920357736,
  "min_throughput": 87.06733653031361,
  "avg_occupancy": 0.10160167128811268,
  "max_occupancy": 0.13821179353595095,
  "min_occupancy": 0.03131306102567671,
  "avg_metering_rate": 966.5091738849878,
  "max_metering_rate": 3239.9999141693115,
  "min_metering_rate": 360.00000536441803,
  "total_reward": 233.7641841882209,
  "episode_steps": 240
}