{
  "avg_reward": -8.906666666666666,
  "max_reward": -1.8,
  "min_reward": -11.856666666666666,
  "avg_mainline_speed": 10.023716061848033,
  "max_mainline_speed": 23.08590108685655,
  "min_mainline_speed": 6.365886619851925,
  "avg_merge_speed": 10.633973081364388,
  "max_merge_speed": 27.43601395178276,
  "min_merge_speed": 5.454193692066918,
  "avg_bottleneck_speed": 11.739161090331224,
  "max_bottleneck_speed": 30.56,
  "min_bottleneck_speed": 6.282710874566695,
  "avg_ramp_queue": 1.375,
  "max_ramp_queue": 7.0,
  "min_ramp_queue": 0.0,
  "avg_throughput": 368.85412020209066,
  "max_throughput": 428.5363045217127,
  "min_throughput": 117.52952842207777,
  "avg_occupancy": 0.11658896310860992,
  "max_occupancy": 0.17555623166710524,
  "min_occupancy": 0.03109015335661296,
  "avg_metering_rate": 385.53285126884776,
  "max_metering_rate": 1200.0,
  "min_metering_rate": 200.0,
  "total_reward": -2137.6,
  "episode_steps": 240
}