{
  "avg_reward": 0.9866372020492515,
  "max_reward": 2.26923932666307,
  "min_reward": 0.6038309878428799,
  "avg_mainline_speed": 11.081096463742536,
  "max_mainline_speed": 22.2371797998921,
  "min_mainline_speed": 7.5711193150847125,
  "avg_merge_speed": 12.170577870808504,
  "max_merge_speed": 27.505184061128336,
  "min_merge_speed": 5.628421965799633,
  "avg_bottleneck_speed": 12.653679731823338,
  "max_bottleneck_speed": 30.56,
  "min_bottleneck_speed": 7.483704116008813,
  "avg_ramp_queue": 0.925,
  "max_ramp_queue": 7.0,
  "min_ramp_queue": 0.0,
  "avg_throughput": 368.06274324576924,
  "max_throughput": 449.52569323132263,
  "min_throughput": 88.0296714309641,
  "avg_occupancy": 0.10541838142313208,
  "max_occupancy": 0.14427874861604886,
  "min_occupancy": 0.027610924353759992,
  "avg_metering_rate": 699.001429695636,
  "max_metering_rate": 1200.0,
  "min_metering_rate": 200.0,
  "total_reward": 236.79292849182036,
  "episode_steps": 240
}