{
  "avg_reward": -0.3081994140347897,
  "max_reward": -0.03488844914180698,
  "min_reward": -1.0872489210744076,
  "avg_mainline_speed": 8.096731553297959,
  "max_mainline_speed": 22.67002075406972,
  "min_mainline_speed": 5.408717199197213,
  "avg_bottleneck_speed": 11.512310301602845,
  "max_bottleneck_speed": 30.56,
  "min_bottleneck_speed": 6.509832867752559,
  "avg_ramp_queue": 0.43333333333333335,
  "max_ramp_queue": 4.0,
  "min_ramp_queue": 0.0,
  "avg_throughput": 360.6728818903072,
  "max_throughput": 426.1741951237105,
  "min_throughput": 118.82623439005482,
  "avg_occupancy": 0.153987822898147,
  "max_occupancy": 0.19632772631916898,
  "min_occupancy": 0.034569382359465925,
  "avg_metering_rate": 2166.1164352297783,
  "max_metering_rate": 3239.9999141693115,
  "min_metering_rate": 360.00000536441803,
  "total_reward": -73.96785936834952,
  "episode_steps": 240
}