{
  "avg_reward": -8.83313888888889,
  "max_reward": -1.8,
  "min_reward": -11.113333333333333,
  "avg_mainline_speed": 10.141675938552659,
  "max_mainline_speed": 23.40340941485135,
  "min_mainline_speed": 6.22261905772458,
  "avg_merge_speed": 10.887152238847909,
  "max_merge_speed": 30.56,
  "min_merge_speed": 4.445678305870823,
  "avg_bottleneck_speed": 11.951601428202165,
  "max_bottleneck_speed": 30.56,
  "min_bottleneck_speed": 7.116505620820983,
  "avg_ramp_queue": 1.2208333333333334,
  "max_ramp_queue": 5.0,
  "min_ramp_queue": 0.0,
  "avg_throughput": 368.9571730179645,
  "max_throughput": 443.9821204612811,
  "min_throughput": 90.90228244554046,
  "avg_occupancy": 0.11659924880723228,
  "max_occupancy": 0.16126908720516728,
  "min_occupancy": 0.034792290028529675,
  "avg_metering_rate": 375.13061687350273,
  "max_metering_rate": 1200.0,
  "min_metering_rate": 200.0,
  "total_reward": -2119.9533333333334,
  "episode_steps": 240
}
}