{
  "avg_reward": 0.9623689083511572,
  "max_reward": 2.2921120898342418,
  "min_reward": 0.6056660025801189,
  "avg_mainline_speed": 11.329336750708164,
  "max_mainline_speed": 22.92336269502725,
  "min_mainline_speed": 7.873042482894136,
  "avg_bottleneck_speed": 12.322486999884367,
  "max_bottleneck_speed": 30.56,
  "min_bottleneck_speed": 6.980717602706645,
  "avg_ramp_queue": 2.6166666666666667,
  "max_ramp_queue": 12.0,
  "min_ramp_queue": 0.0,
  "avg_throughput": 348.74048865997133,
  "max_throughput": 430.62972121086324,
  "min_throughput": 45.90052851049057,
  "avg_occupancy": 0.09989445289756146,
  "max_occupancy": 0.14008429626717853,
  "min_occupancy": 0.020875374017117806,
  "avg_metering_rate": 684.188636764884,
  "max_metering_rate": 3239.9999141693115,
  "min_metering_rate": 360.00000536441803,
  "total_reward": 230.96853800427772,
  "episode_steps": 240
}