{
  "avg_reward": 1.043312557029319,
  "max_reward": 2.286429420459654,
  "min_reward": 0.6266532158984948,
  "avg_mainline_speed": 12.052997302274226,
  "max_mainline_speed": 22.75288261378962,
  "min_mainline_speed": 8.123271334519265,
  "avg_bottleneck_speed": 13.336919605736892,
  "max_bottleneck_speed": 30.56,
  "min_bottleneck_speed": 7.837550094957052,
  "avg_ramp_queue": 2.1083333333333334,
  "max_ramp_queue": 8.0,
  "min_ramp_queue": 0.0,
  "avg_throughput": 353.7447568473695,
  "max_throughput": 439.86179110313844,
  "min_throughput": 57.109182730950806,
  "avg_occupancy": 0.09455998290230845,
  "max_occupancy": 0.13133165454475673,
  "min_occupancy": 0.027833832022823742,
  "avg_metering_rate": 1006.4618778973818,
  "max_metering_rate": 3239.9999141693115,
  "min_metering_rate": 360.00000536441803,
  "total_reward": 250.39501368703654,
  "episode_steps": 240
}