{
  "avg_reward": -0.29715072010953125,
  "max_reward": -0.06575897017370412,
  "min_reward": -0.7365981503326953,
  "avg_mainline_speed": 8.414201896725045,
  "max_mainline_speed": 24.700317713225942,
  "min_mainline_speed": 5.972373080503677,
  "avg_bottleneck_speed": 11.69301146913229,
  "max_bottleneck_speed": 30.56,
  "min_bottleneck_speed": 7.721181750594634,
  "avg_ramp_queue": 0.35,
  "max_ramp_queue": 5.0,
  "min_ramp_queue": 0.0,
  "avg_throughput": 367.5050329193674,
  "max_throughput": 457.8717809779557,
  "min_throughput": 203.65830639315914,
  "avg_occupancy": 0.14983659854078185,
  "max_occupancy": 0.18559952677467628,
  "min_occupancy": 0.04152784036517186,
  "avg_metering_rate": 2226.260349266231,
  "max_metering_rate": 3239.9999141693115,
  "min_metering_rate": 360.00000536441803,
  "total_reward": -71.3161728262875,
  "episode_steps": 240
}