{
  "avg_reward": 0.9237234945986882,
  "max_reward": 2.27328968000163,
  "min_reward": -0.5412433915571833,
  "avg_mainline_speed": 10.201058338175955,
  "max_mainline_speed": 22.35869040004889,
  "min_mainline_speed": 4.793699730319409,
  "avg_merge_speed": 10.942478185356546,
  "max_merge_speed": 27.282953516581717,
  "min_merge_speed": 4.031276466832315,
  "avg_bottleneck_speed": 12.04320877763424,
  "max_bottleneck_speed": 30.56,
  "min_bottleneck_speed": 5.9793323486433945,
  "avg_ramp_queue": 0.8583333333333333,
  "max_ramp_queue": 4.0,
  "min_ramp_queue": 0.0,
  "avg_throughput": 363.3284306168287,
  "max_throughput": 443.0746156314926,
  "min_throughput": 110.38101266866634,
  "avg_occupancy": 0.116560444836198,
  "max_occupancy": 0.19773867086673413,
  "min_occupancy": 0.03456938235946593,
  "avg_metering_rate": 723.7569935619831,
  "max_metering_rate": 1200.0,
  "min_metering_rate": 200.0,
  "total_reward": 221.69363870368517,
  "episode_steps": 240
}