{
  "avg_reward": 0.9409308720449936,
  "max_reward": 2.2725560148929755,
  "min_reward": 0.5336838622030333,
  "avg_mainline_speed": 10.194140708154263,
  "max_mainline_speed": 22.336680446789273,
  "min_mainline_speed": 5.5347008828933255,
  "avg_merge_speed": 10.853760069149626,
  "max_merge_speed": 30.56,
  "min_merge_speed": 4.8343240972640125,
  "avg_bottleneck_speed": 12.300301413241474,
  "max_bottleneck_speed": 30.56,
  "min_bottleneck_speed": 7.31720998879845,
  "avg_ramp_queue": 0.8333333333333334,
  "max_ramp_queue": 4.0,
  "min_ramp_queue": 0.0,
  "avg_throughput": 367.0543506927161,
  "max_throughput": 439.25189286288764,
  "min_throughput": 41.23028938257477,
  "avg_occupancy": 0.1177364613557445,
  "max_occupancy": 0.1900805341872435,
  "min_occupancy": 0.024354603019970774,
  "avg_metering_rate": 762.4262570093075,
  "max_metering_rate": 1200.0,
  "min_metering_rate": 200.0,
  "total_reward": 225.82340929079845,
  "episode_steps": 240
}