{
  "avg_reward": -0.2890286573194854,
  "max_reward": -0.04989136547983991,
  "min_reward": -0.8790346436128873,
  "avg_mainline_speed": 8.179172479291717,
  "max_mainline_speed": 25.68741195840919,
  "min_mainline_speed": 5.405378770539642,
  "avg_bottleneck_speed": 11.3875053951173,
  "max_bottleneck_speed": 30.56,
  "min_bottleneck_speed": 7.832466297108621,
  "avg_ramp_queue": 0.3958333333333333,
  "max_ramp_queue": 4.0,
  "min_ramp_queue": 0.0,
  "avg_throughput": 365.44779750130436,
  "max_throughput": 435.94058041382425,
  "min_throughput": 191.3068305027309,
  "avg_occupancy": 0.15165758522632677,
  "max_occupancy": 0.1835431958913991,
  "min_occupancy": 0.04175074803423561,
  "avg_metering_rate": 2241.4145225286484,
  "max_metering_rate": 3239.9999141693115,
  "min_metering_rate": 360.00000536441803,
  "total_reward": -69.3668777566765,
  "episode_steps": 240
}