{
  "avg_reward": -0.28803710476076755,
  "max_reward": -0.056107490504135105,
  "min_reward": -0.7441609700436029,
  "avg_mainline_speed": 8.23812912490642,
  "max_mainline_speed": 23.47053027397511,
  "min_mainline_speed": 5.869724407252273,
  "avg_bottleneck_speed": 11.488508970421757,
  "max_bottleneck_speed": 30.56,
  "min_bottleneck_speed": 7.876878099031265,
  "avg_ramp_queue": 0.4583333333333333,
  "max_ramp_queue": 4.0,
  "min_ramp_queue": 0.0,
  "avg_throughput": 369.38946571101525,
  "max_throughput": 444.6887255400658,
  "min_throughput": 162.16429404707324,
  "avg_occupancy": 0.14988501520270123,
  "max_occupancy": 0.1865535032522767,
  "min_occupancy": 0.04152784036517186,
  "avg_metering_rate": 2040.7939302921295,
  "max_metering_rate": 3239.9999141693115,
  "min_metering_rate": 360.00000536441803,
  "total_reward": -69.12890514258422,
  "episode_steps": 240
}