{
  "avg_reward": 0.896387152924963,
  "max_reward": 2.343996487805947,
  "min_reward": 0.5379056946600229,
  "avg_mainline_speed": 9.780253416578015,
  "max_mainline_speed": 24.479894634178404,
  "min_mainline_speed": 5.991018175821613,
  "avg_merge_speed": 10.1404843136492,
  "max_merge_speed": 30.56,
  "min_merge_speed": 4.883579793191578,
  "avg_bottleneck_speed": 11.78951855855836,
  "max_bottleneck_speed": 30.56,
  "min_bottleneck_speed": 6.135998074398132,
  "avg_ramp_queue": 1.1458333333333333,
  "max_ramp_queue": 5.0,
  "min_ramp_queue": 0.0,
  "avg_throughput": 368.12070869999746,
  "max_throughput": 443.32538086979855,
  "min_throughput": 110.87715512281694,
  "avg_occupancy": 0.12074094597182758,
  "max_occupancy": 0.17878266563922418,
  "min_occupancy": 0.03131306102567671,
  "avg_metering_rate": 681.9095235938827,
  "max_metering_rate": 1200.0,
  "min_metering_rate": 200.0,
  "total_reward": 215.13291670199112,
  "episode_steps": 240
}