{
  "avg_reward": 0.9555914360626626,
  "max_reward": 2.3041534540198017,
  "min_reward": 0.5667407176041852,
  "avg_mainline_speed": 10.717224672834664,
  "max_mainline_speed": 23.284603620594044,
  "min_mainline_speed": 7.247312128299839,
  "avg_merge_speed": 11.599258115342097,
  "max_merge_speed": 30.56,
  "min_merge_speed": 5.479562791302557,
  "avg_bottleneck_speed": 12.380901161585701,
  "max_bottleneck_speed": 30.56,
  "min_bottleneck_speed": 6.9710872573501925,
  "avg_ramp_queue": 1.2416666666666667,
  "max_ramp_queue": 4.0,
  "min_ramp_queue": 0.0,
  "avg_throughput": 364.8731256917009,
  "max_throughput": 433.9858318080247,
  "min_throughput": 78.60429775603922,
  "avg_occupancy": 0.10821203242428208,
  "max_occupancy": 0.14897831693529665,
  "min_occupancy": 0.03131306102567671,
  "avg_metering_rate": 657.3365025222301,
  "max_metering_rate": 1200.0,
  "min_metering_rate": 200.0,
  "total_reward": 229.34194465503901,
  "episode_steps": 240
}