{
  "avg_reward": 0.881870938259452,
  "max_reward": 2.3338109417538124,
  "min_reward": 0.5439997345261207,
  "avg_mainline_speed": 9.977085741022654,
  "max_mainline_speed": 24.174328252614377,
  "min_mainline_speed": 7.29300121916831,
  "avg_merge_speed": 10.532951647584536,
  "max_merge_speed": 30.56,
  "min_merge_speed": 6.416557348510174,
  "avg_bottleneck_speed": 11.43463938228505,
  "max_bottleneck_speed": 30.56,
  "min_bottleneck_speed": 6.926491848784223,
  "avg_ramp_queue": 1.3458333333333334,
  "max_ramp_queue": 6.0,
  "min_ramp_queue": 0.0,
  "avg_throughput": 365.1269091540523,
  "max_throughput": 437.128537272209,
  "min_throughput": 91.22387806274504,
  "avg_occupancy": 0.11426914158815274,
  "max_occupancy": 0.15269749923607218,
  "min_occupancy": 0.027833832022823742,
  "avg_metering_rate": 539.0299956935147,
  "max_metering_rate": 1200.0,
  "min_metering_rate": 200.0,
  "total_reward": 211.64902518226847,
  "episode_steps": 240
}