{
  "avg_reward": -0.29569571252731347,
  "max_reward": -0.05298533450608878,
  "min_reward": -0.7680895184173056,
  "avg_mainline_speed": 8.234723939113854,
  "max_mainline_speed": 24.10561300682876,
  "min_mainline_speed": 6.113927454518639,
  "avg_bottleneck_speed": 11.70607569005077,
  "max_bottleneck_speed": 30.56,
  "min_bottleneck_speed": 7.771650580782823,
  "avg_ramp_queue": 0.5,
  "max_ramp_queue": 4.0,
  "min_ramp_queue": 0.0,
  "avg_throughput": 367.72901685225037,
  "max_throughput": 463.35523803918716,
  "min_throughput": 184.82900487969422,
  "avg_occupancy": 0.1512631370847225,
  "max_occupancy": 0.1845169729635144,
  "min_occupancy": 0.04152784036517186,
  "avg_metering_rate": 2174.9071415886283,
  "max_metering_rate": 3239.9999141693115,
  "min_metering_rate": 360.00000536441803,
  "total_reward": -70.96697100655523,
  "episode_steps": 240
}