{
  "avg_reward": 0.898459883029954,
  "max_reward": 2.2928434254848185,
  "min_reward": 0.489282916085577,
  "avg_mainline_speed": 9.776919280118852,
  "max_mainline_speed": 22.94530276454456,
  "min_mainline_speed": 5.576528311420712,
  "avg_merge_speed": 10.471785136273096,
  "max_merge_speed": 30.56,
  "min_merge_speed": 5.843650582405535,
  "avg_bottleneck_speed": 11.795695918297627,
  "max_bottleneck_speed": 30.56,
  "min_bottleneck_speed": 6.7747179853921615,
  "avg_ramp_queue": 1.0333333333333334,
  "max_ramp_queue": 7.0,
  "min_ramp_queue": 0.0,
  "avg_throughput": 366.39040845868,
  "max_throughput": 438.6234663855801,
  "min_throughput": 61.727266349069495,
  "avg_occupancy": 0.12336040171174173,
  "max_occupancy": 0.17487658629570815,
  "min_occupancy": 0.027833832022823742,
  "avg_metering_rate": 733.5888414643705,
  "max_metering_rate": 1200.0,
  "min_metering_rate": 200.0,
  "total_reward": 215.63037192718897,
  "episode_steps": 240
}