{
  "avg_reward": 0.8847005867810483,
  "max_reward": 2.3189515777683285,
  "min_reward": 0.6253721275822657,
  "avg_mainline_speed": 9.927739953324014,
  "max_mainline_speed": 23.728547333049846,
  "min_mainline_speed": 6.480552283868465,
  "avg_merge_speed": 10.61600708314406,
  "max_merge_speed": 30.56,
  "min_merge_speed": 5.241472925939126,
  "avg_bottleneck_speed": 11.440796211182738,
  "max_bottleneck_speed": 30.56,
  "min_bottleneck_speed": 7.471153820069555,
  "avg_ramp_queue": 1.0958333333333334,
  "max_ramp_queue": 5.0,
  "min_ramp_queue": 0.0,
  "avg_throughput": 368.2849888509151,
  "max_throughput": 444.09073118969235,
  "min_throughput": 100.65641999149545,
  "avg_occupancy": 0.1163987712160868,
  "max_occupancy": 0.1656781292351589,
  "min_occupancy": 0.034792290028529675,
  "avg_metering_rate": 702.8524013857046,
  "max_metering_rate": 1200.0,
  "min_metering_rate": 200.0,
  "total_reward": 212.3281408274516,
  "episode_steps": 240
}