{
  "avg_reward": -0.3035832281496507,
  "max_reward": -0.05561147544739251,
  "min_reward": -0.9388668784600599,
  "avg_mainline_speed": 8.695024142461213,
  "max_mainline_speed": 23.70877375144215,
  "min_mainline_speed": 5.435443563449955,
  "avg_bottleneck_speed": 12.288569736884075,
  "max_bottleneck_speed": 30.56,
  "min_bottleneck_speed": 6.51197305248976,
  "avg_ramp_queue": 0.4,
  "max_ramp_queue": 5.0,
  "min_ramp_queue": 0.0,
  "avg_throughput": 372.129227157863,
  "max_throughput": 438.8009599952681,
  "min_throughput": 120.07585505191736,
  "avg_occupancy": 0.14496617564440997,
  "max_occupancy": 0.18216054336549492,
  "min_occupancy": 0.04175074803423561,
  "avg_metering_rate": 2161.777343340218,
  "max_metering_rate": 3239.9999141693115,
  "min_metering_rate": 360.00000536441803,
  "total_reward": -72.85997475591617,
  "episode_steps": 240
}