{
  "avg_reward": 1.0074626635982726,
  "max_reward": 2.3183460050391105,
  "min_reward": 0.5989011570874201,
  "avg_mainline_speed": 11.848442397728995,
  "max_mainline_speed": 23.710380151173315,
  "min_mainline_speed": 8.31027708472719,
  "avg_bottleneck_speed": 12.951291673479458,
  "max_bottleneck_speed": 30.56,
  "min_bottleneck_speed": 7.265422924485343,
  "avg_ramp_queue": 2.9208333333333334,
  "max_ramp_queue": 10.0,
  "min_ramp_queue": 0.0,
  "avg_throughput": 350.73440008551813,
  "max_throughput": 421.5080042160506,
  "min_throughput": 90.10026408167954,
  "avg_occupancy": 0.09568940139295173,
  "max_occupancy": 0.12953083809627686,
  "min_occupancy": 0.03131306102567671,
  "avg_metering_rate": 770.2251449972391,
  "max_metering_rate": 3239.9999141693115,
  "min_metering_rate": 360.00000536441803,
  "total_reward": 241.79103926358545,
  "episode_steps": 240
}