{
  "avg_reward": 0.9687506949967575,
  "max_reward": 2.297468757541657,
  "min_reward": 0.5348758708454637,
  "avg_mainline_speed": 11.215060943409984,
  "max_mainline_speed": 23.0840627262497,
  "min_mainline_speed": 6.418170395428064,
  "avg_bottleneck_speed": 12.469306604328493,
  "max_bottleneck_speed": 30.56,
  "min_bottleneck_speed": 6.658737153290566,
  "avg_ramp_queue": 2.379166666666667,
  "max_ramp_queue": 10.0,
  "min_ramp_queue": 0.0,
  "avg_throughput": 353.20408458204804,
  "max_throughput": 445.94234851992246,
  "min_throughput": 65.05750542999289,
  "avg_occupancy": 0.1013858215467711,
  "max_occupancy": 0.1496858864730082,
  "min_occupancy": 0.027833832022823742,
  "avg_metering_rate": 943.6513925716281,
  "max_metering_rate": 3239.9999141693115,
  "min_metering_rate": 360.00000536441803,
  "total_reward": 232.5001667992218,
  "episode_steps": 240
}