{
  "avg_reward": 0.8893469668584815,
  "max_reward": 2.2848339646536164,
  "min_reward": 0.5384298609830419,
  "avg_mainline_speed": 9.932574305760912,
  "max_mainline_speed": 22.705018939608497,
  "min_mainline_speed": 6.378285496359287,
  "avg_merge_speed": 10.467403281445728,
  "max_merge_speed": 27.292513672729644,
  "min_merge_speed": 5.015716999711633,
  "avg_bottleneck_speed": 11.562445355551242,
  "max_bottleneck_speed": 30.56,
  "min_bottleneck_speed": 6.516406888754647,
  "avg_ramp_queue": 1.1916666666666667,
  "max_ramp_queue": 6.0,
  "min_ramp_queue": 0.0,
  "avg_throughput": 366.6546651056953,
  "max_throughput": 451.31183474728647,
  "min_throughput": 119.65540198759224,
  "avg_occupancy": 0.11687117188541027,
  "max_occupancy": 0.1781329076294974,
  "min_occupancy": 0.03456938235946593,
  "avg_metering_rate": 671.7943821102381,
  "max_metering_rate": 1200.0,
  "min_metering_rate": 200.0,
  "total_reward": 213.44327204603556,
  "episode_steps": 240
}