{
  "avg_reward": -0.27877618786746616,
  "max_reward": -0.015069699600981312,
  "min_reward": -0.8291656119078789,
  "avg_mainline_speed": 8.32397240501565,
  "max_mainline_speed": 23.12205170414819,
  "min_mainline_speed": 5.454995733361421,
  "avg_bottleneck_speed": 11.291029216632982,
  "max_bottleneck_speed": 30.56,
  "min_bottleneck_speed": 7.052523522383749,
  "avg_ramp_queue": 0.5416666666666666,
  "max_ramp_queue": 4.0,
  "min_ramp_queue": 0.0,
  "avg_throughput": 369.1993397465989,
  "max_throughput": 444.0185070533574,
  "min_throughput": 74.21539601200124,
  "avg_occupancy": 0.15031334008573166,
  "max_occupancy": 0.18734617427742084,
  "min_occupancy": 0.03131306102567671,
  "avg_metering_rate": 2023.8596011698246,
  "max_metering_rate": 3239.9999141693115,
  "min_metering_rate": 360.00000536441803,
  "total_reward": -66.90628508819188,
  "episode_steps": 240
}