{
  "avg_reward": 0.893771681173321,
  "max_reward": 2.3341381348177506,
  "min_reward": 0.49504769604476134,
  "avg_mainline_speed": 10.408971180096813,
  "max_mainline_speed": 24.184144044532516,
  "min_mainline_speed": 6.607452457488155,
  "avg_bottleneck_speed": 11.500119503401875,
  "max_bottleneck_speed": 30.56,
  "min_bottleneck_speed": 6.642810146599012,
  "avg_ramp_queue": 2.35,
  "max_ramp_queue": 8.0,
  "min_ramp_queue": 0.0,
  "avg_throughput": 357.39233671111316,
  "max_throughput": 444.5462566739848,
  "min_throughput": 102.89188920237793,
  "avg_occupancy": 0.11037822009666023,
  "max_occupancy": 0.16831827100245,
  "min_occupancy": 0.03131306102567671,
  "avg_metering_rate": 875.6995184719563,
  "max_metering_rate": 3239.9999141693115,
  "min_metering_rate": 360.00000536441803,
  "total_reward": 214.50520348159702,
  "episode_steps": 240
}