{
  "avg_reward": 0.9682877876240581,
  "max_reward": 2.3328443367798624,
  "min_reward": 0.5477343865521068,
  "avg_mainline_speed": 10.917616111717427,
  "max_mainline_speed": 24.145330103395874,
  "min_mainline_speed": 7.165728360551832,
  "avg_merge_speed": 11.720109355358982,
  "max_merge_speed": 30.56,
  "min_merge_speed": 5.7425308314797565,
  "avg_bottleneck_speed": 12.524845011336213,
  "max_bottleneck_speed": 30.56,
  "min_bottleneck_speed": 6.459081790703562,
  "avg_ramp_queue": 1.3125,
  "max_ramp_queue": 5.0,
  "min_ramp_queue": 0.0,
  "avg_throughput": 363.12307510899166,
  "max_throughput": 448.823051039799,
  "min_throughput": 113.15990310187621,
  "avg_occupancy": 0.10510262195791409,
  "max_occupancy": 0.15135580856281475,
  "min_occupancy": 0.034792290028529675,
  "avg_metering_rate": 556.973639363423,
  "max_metering_rate": 1200.0,
  "min_metering_rate": 200.0,
  "total_reward": 232.38906902977394,
  "episode_steps": 240
}