{
  "avg_reward": -9.133986111111112,
  "max_reward": -1.65,
  "min_reward": -12.606666666666666,
  "avg_mainline_speed": 9.724067524862589,
  "max_mainline_speed": 23.769413365252632,
  "min_mainline_speed": 5.418045173975503,
  "avg_merge_speed": 10.652131894684548,
  "max_merge_speed": 30.56,
  "min_merge_speed": 5.512545405682615,
  "avg_bottleneck_speed": 11.712030226473981,
  "max_bottleneck_speed": 30.56,
  "min_bottleneck_speed": 5.9780706260161365,
  "avg_ramp_queue": 1.2541666666666667,
  "max_ramp_queue": 5.0,
  "min_ramp_queue": 0.0,
  "avg_throughput": 366.21447348230436,
  "max_throughput": 446.8341316597929,
  "min_throughput": 91.69416086182105,
  "avg_occupancy": 0.12305543391320115,
  "max_occupancy": 0.18960978911289306,
  "min_occupancy": 0.03131306102567671,
  "avg_metering_rate": 405.75926589469117,
  "max_metering_rate": 1200.0,
  "min_metering_rate": 200.0,
  "total_reward": -2192.1566666666668,
  "episode_steps": 240
}