{
  "avg_reward": 0.9243825684325313,
  "max_reward": 2.3228541623088934,
  "min_reward": 0.6157930720126605,
  "avg_mainline_speed": 10.480675053962868,
  "max_mainline_speed": 23.8456248692668,
  "min_mainline_speed": 6.752033149906282,
  "avg_merge_speed": 11.365373075194253,
  "max_merge_speed": 30.56,
  "min_merge_speed": 5.6894373136964695,
  "avg_bottleneck_speed": 11.849145777119828,
  "max_bottleneck_speed": 30.56,
  "min_bottleneck_speed": 7.784340743694643,
  "avg_ramp_queue": 1.0458333333333334,
  "max_ramp_queue": 4.0,
  "min_ramp_queue": 0.0,
  "avg_throughput": 368.8213525146881,
  "max_throughput": 438.09735706503534,
  "min_throughput": 83.33499686240317,
  "avg_occupancy": 0.1103063265561325,
  "max_occupancy": 0.15103014441521034,
  "min_occupancy": 0.027833832022823742,
  "avg_metering_rate": 720.8565483490626,
  "max_metering_rate": 1200.0,
  "min_metering_rate": 200.0,
  "total_reward": 221.85181642380752,
  "episode_steps": 240
}