{
  "avg_reward": 0.9613358521312889,
  "max_reward": 2.3080718431043095,
  "min_reward": 0.505794649483129,
  "avg_mainline_speed": 10.865266515966686,
  "max_mainline_speed": 23.402155293129283,
  "min_mainline_speed": 6.0313200453535005,
  "avg_merge_speed": 11.905064524830099,
  "max_merge_speed": 30.56,
  "min_merge_speed": 5.271803209622003,
  "avg_bottleneck_speed": 12.42209492087021,
  "max_bottleneck_speed": 30.56,
  "min_bottleneck_speed": 6.397267249506653,
  "avg_ramp_queue": 1.3166666666666667,
  "max_ramp_queue": 6.0,
  "min_ramp_queue": 0.0,
  "avg_throughput": 362.9902408858142,
  "max_throughput": 434.2120347211863,
  "min_throughput": 72.69172703510277,
  "avg_occupancy": 0.10746792733545056,
  "max_occupancy": 0.1683828178776734,
  "min_occupancy": 0.027833832022823742,
  "avg_metering_rate": 585.0195697198311,
  "max_metering_rate": 1200.0,
  "min_metering_rate": 200.0,
  "total_reward": 230.72060451150935,
  "episode_steps": 240
}