{
  "avg_reward": -0.27908266944631227,
  "max_reward": -0.08546595813562496,
  "min_reward": -0.8167191664068856,
  "avg_mainline_speed": 8.119817238946066,
  "max_mainline_speed": 23.76842481191629,
  "min_mainline_speed": 5.685279706180856,
  "avg_bottleneck_speed": 11.22034828248807,
  "max_bottleneck_speed": 30.56,
  "min_bottleneck_speed": 7.532762984376952,
  "avg_ramp_queue": 0.4041666666666667,
  "max_ramp_queue": 5.0,
  "min_ramp_queue": 0.0,
  "avg_throughput": 369.05695310637213,
  "max_throughput": 435.53907021641555,
  "min_throughput": 101.85274435748869,
  "avg_occupancy": 0.15242056064252693,
  "max_occupancy": 0.1944119886680027,
  "min_occupancy": 0.034792290028529675,
  "avg_metering_rate": 2150.5322218313813,
  "max_metering_rate": 3239.9999141693115,
  "min_metering_rate": 360.00000536441803,
  "total_reward": -66.97984066711494,
  "episode_steps": 240
}