{
  "avg_reward": -0.288477511712408,
  "max_reward": -0.056061082099112244,
  "min_reward": -1.0223854914016286,
  "avg_mainline_speed": 8.266487627354357,
  "max_mainline_speed": 23.598228249598474,
  "min_mainline_speed": 6.09102781041355,
  "avg_bottleneck_speed": 11.512415917333973,
  "max_bottleneck_speed": 30.56,
  "min_bottleneck_speed": 7.4380861330269,
  "avg_ramp_queue": 0.48333333333333334,
  "max_ramp_queue": 6.0,
  "min_ramp_queue": 0.0,
  "avg_throughput": 369.08025525441434,
  "max_throughput": 445.76861023212103,
  "min_throughput": 106.42153223674957,
  "avg_occupancy": 0.15114185769056995,
  "max_occupancy": 0.18189739010275954,
  "min_occupancy": 0.03827151903138264,
  "avg_metering_rate": 2113.675592802465,
  "max_metering_rate": 3239.9999141693115,
  "min_metering_rate": 360.00000536441803,
  "total_reward": -69.23460281097792,
  "episode_steps": 240
}