{
  "avg_reward": 0.940014846626245,
  "max_reward": 2.3296273386361284,
  "min_reward": 0.5561202491134808,
  "avg_mainline_speed": 10.41037060659052,
  "max_mainline_speed": 24.048820159083842,
  "min_mainline_speed": 7.394046046099812,
  "avg_merge_speed": 11.003129200484823,
  "max_merge_speed": 30.56,
  "min_merge_speed": 6.084677069988431,
  "avg_bottleneck_speed": 12.162827639242332,
  "max_bottleneck_speed": 30.56,
  "min_bottleneck_speed": 6.743013962648694,
  "avg_ramp_queue": 0.9083333333333333,
  "max_ramp_queue": 5.0,
  "min_ramp_queue": 0.0,
  "avg_throughput": 369.04623671535154,
  "max_throughput": 450.0510794282645,
  "min_throughput": 110.26460477251521,
  "avg_occupancy": 0.11153293565863254,
  "max_occupancy": 0.14912219146000946,
  "min_occupancy": 0.034792290028529675,
  "avg_metering_rate": 784.3436488881707,
  "max_metering_rate": 1200.0,
  "min_metering_rate": 200.0,
  "total_reward": 225.60356319029881,
  "episode_steps": 240
}