{
  "avg_reward": -0.2782011272659092,
  "max_reward": -0.055049444267169345,
  "min_reward": -0.8561333225350738,
  "avg_mainline_speed": 8.235713036556035,
  "max_mainline_speed": 24.051956741739616,
  "min_mainline_speed": 5.767159778796042,
  "avg_bottleneck_speed": 11.185379718255913,
  "max_bottleneck_speed": 30.56,
  "min_bottleneck_speed": 7.15450761684127,
  "avg_ramp_queue": 0.44166666666666665,
  "max_ramp_queue": 4.0,
  "min_ramp_queue": 0.0,
  "avg_throughput": 368.98423649320563,
  "max_throughput": 445.4613207939939,
  "min_throughput": 121.3945724774073,
  "avg_occupancy": 0.15056205499651665,
  "max_occupancy": 0.18203062447457985,
  "min_occupancy": 0.03827151903138264,
  "avg_metering_rate": 2088.4767626971006,
  "max_metering_rate": 3239.9999141693115,
  "min_metering_rate": 360.00000536441803,
  "total_reward": -66.7682705438182,
  "episode_steps": 240
}