{
  "avg_reward": 0.9525792253740504,
  "max_reward": 2.2336121592516642,
  "min_reward": 0.6300254345757266,
  "avg_mainline_speed": 10.454324768421289,
  "max_mainline_speed": 21.16836477754992,
  "min_mainline_speed": 7.026439500831294,
  "avg_merge_speed": 11.18852102341442,
  "max_merge_speed": 27.40438591828725,
  "min_merge_speed": 6.112719257232682,
  "avg_bottleneck_speed": 12.387590217422371,
  "max_bottleneck_speed": 30.56,
  "min_bottleneck_speed": 7.730693535389368,
  "avg_ramp_queue": 0.9166666666666666,
  "max_ramp_queue": 8.0,
  "min_ramp_queue": 0.0,
  "avg_throughput": 368.5027955170471,
  "max_throughput": 447.8890215229618,
  "min_throughput": 66.18934481882482,
  "avg_occupancy": 0.11277276550060383,
  "max_occupancy": 0.16544767059137225,
  "min_occupancy": 0.027610924353759992,
  "avg_metering_rate": 758.7872367352247,
  "max_metering_rate": 1200.0,
  "min_metering_rate": 200.0,
  "total_reward": 228.6190140897721,
  "episode_steps": 240
}