{
  "avg_reward": -0.29318244082833067,
  "max_reward": -0.06944789907781157,
  "min_reward": -0.8572770449987127,
  "avg_mainline_speed": 8.375715132301556,
  "max_mainline_speed": 24.16773904004073,
  "min_mainline_speed": 5.368368615689967,
  "avg_bottleneck_speed": 11.571636384149986,
  "max_bottleneck_speed": 30.56,
  "min_bottleneck_speed": 7.038139653990018,
  "avg_ramp_queue": 0.4041666666666667,
  "max_ramp_queue": 5.0,
  "min_ramp_queue": 0.0,
  "avg_throughput": 367.3385115980199,
  "max_throughput": 450.95553224740274,
  "min_throughput": 113.83217120122185,
  "avg_occupancy": 0.14935735481988852,
  "max_occupancy": 0.18677641092134045,
  "min_occupancy": 0.034792290028529675,
  "avg_metering_rate": 2199.796667061746,
  "max_metering_rate": 3239.9999141693115,
  "min_metering_rate": 360.00000536441803,
  "total_reward": -70.36378579879936,
  "episode_steps": 240
}