{
  "avg_reward": 0.9970840390251244,
  "max_reward": 2.300980748924359,
  "min_reward": 0.5070029440151806,
  "avg_mainline_speed": 11.608417929197417,
  "max_mainline_speed": 23.18942246773077,
  "min_mainline_speed": 6.838863543065678,
  "avg_bottleneck_speed": 12.768735494370878,
  "max_bottleneck_speed": 30.56,
  "min_bottleneck_speed": 6.738203824010897,
  "avg_ramp_queue": 2.3583333333333334,
  "max_ramp_queue": 9.0,
  "min_ramp_queue": 0.0,
  "avg_throughput": 353.88370209616176,
  "max_throughput": 439.3542302327741,
  "min_throughput": 67.58613922553846,
  "avg_occupancy": 0.09904716775140981,
  "max_occupancy": 0.15157206954046518,
  "min_occupancy": 0.027833832022823742,
  "avg_metering_rate": 865.2799050137401,
  "max_metering_rate": 3239.9999141693115,
  "min_metering_rate": 360.00000536441803,
  "total_reward": 239.30016936602988,
  "episode_steps": 240
}