{
  "avg_reward": 0.8962771784944493,
  "max_reward": 2.295502340396091,
  "min_reward": 0.5098912468426275,
  "avg_mainline_speed": 10.015887461568688,
  "max_mainline_speed": 23.025070211882724,
  "min_mainline_speed": 5.919709970887854,
  "avg_merge_speed": 10.654924856338829,
  "max_merge_speed": 30.56,
  "min_merge_speed": 4.928394001878366,
  "avg_bottleneck_speed": 11.592729706620977,
  "max_bottleneck_speed": 30.56,
  "min_bottleneck_speed": 6.174709887840185,
  "avg_ramp_queue": 1.0333333333333334,
  "max_ramp_queue": 5.0,
  "min_ramp_queue": 0.0,
  "avg_throughput": 365.53611474171663,
  "max_throughput": 436.1708633168877,
  "min_throughput": 55.68647444953727,
  "avg_occupancy": 0.1162142799462653,
  "max_occupancy": 0.1678791670464229,
  "min_occupancy": 0.024354603019970774,
  "avg_metering_rate": 694.9212249368429,
  "max_metering_rate": 1200.0,
  "min_metering_rate": 200.0,
  "total_reward": 215.10652283866784,
  "episode_steps": 240
}