{
  "avg_reward": 0.9151097365227668,
  "max_reward": 2.291601920952468,
  "min_reward": 0.5775160150226127,
  "avg_mainline_speed": 10.518091687388484,
  "max_mainline_speed": 22.908057628574046,
  "min_mainline_speed": 7.275672335218064,
  "avg_merge_speed": 11.569313807003482,
  "max_merge_speed": 30.56,
  "min_merge_speed": 6.262288128452108,
  "avg_bottleneck_speed": 11.773466938863013,
  "max_bottleneck_speed": 30.56,
  "min_bottleneck_speed": 7.013429823980061,
  "avg_ramp_queue": 1.45,
  "max_ramp_queue": 7.0,
  "min_ramp_queue": 0.0,
  "avg_throughput": 361.1019782923065,
  "max_throughput": 444.36498704263477,
  "min_throughput": 68.43755597149934,
  "avg_occupancy": 0.10910688675606614,
  "max_occupancy": 0.1515512226124038,
  "min_occupancy": 0.03131306102567671,
  "avg_metering_rate": 547.9955257071803,
  "max_metering_rate": 1200.0,
  "min_metering_rate": 200.0,
  "total_reward": 219.62633676546403,
  "episode_steps": 240
}