{
  "avg_reward": 0.9208292844421571,
  "max_reward": 2.342932155567322,
  "min_reward": 0.5784770107514264,
  "avg_mainline_speed": 10.410322490332124,
  "max_mainline_speed": 24.44796466701966,
  "min_mainline_speed": 6.92221668479737,
  "avg_merge_speed": 10.999398184309678,
  "max_merge_speed": 30.56,
  "min_merge_speed": 5.902192318835966,
  "avg_bottleneck_speed": 11.831926250843951,
  "max_bottleneck_speed": 30.56,
  "min_bottleneck_speed": 6.871436134788589,
  "avg_ramp_queue": 1.0666666666666667,
  "max_ramp_queue": 5.0,
  "min_ramp_queue": 0.0,
  "avg_throughput": 367.6181985389546,
  "max_throughput": 437.5633511570461,
  "min_throughput": 110.01504600953086,
  "avg_occupancy": 0.1103077074659138,
  "max_occupancy": 0.14634561330335907,
  "min_occupancy": 0.03131306102567671,
  "avg_metering_rate": 675.934736803174,
  "max_metering_rate": 1200.0,
  "min_metering_rate": 200.0,
  "total_reward": 220.9990282661177,
  "episode_steps": 240
}