{
  "avg_reward": 0.954513517911297,
  "max_reward": 2.297752567377998,
  "min_reward": 0.554913215120408,
  "avg_mainline_speed": 11.20563034730522,
  "max_mainline_speed": 23.092577021339935,
  "min_mainline_speed": 7.983836857016965,
  "avg_bottleneck_speed": 12.206850126689126,
  "max_bottleneck_speed": 30.56,
  "min_bottleneck_speed": 6.473556661777532,
  "avg_ramp_queue": 2.4458333333333333,
  "max_ramp_queue": 10.0,
  "min_ramp_queue": 0.0,
  "avg_throughput": 349.55409213457824,
  "max_throughput": 426.376194857982,
  "min_throughput": 39.639414789072376,
  "avg_occupancy": 0.10044131684519017,
  "max_occupancy": 0.13832581034346733,
  "min_occupancy": 0.024354603019970774,
  "avg_metering_rate": 778.1820482388139,
  "max_metering_rate": 3239.9999141693115,
  "min_metering_rate": 360.00000536441803,
  "total_reward": 229.0832442987113,
  "episode_steps": 240
}