{
  "avg_reward": -8.793611111111112,
  "max_reward": -1.8,
  "min_reward": -11.556666666666667,
  "avg_mainline_speed": 10.302164575035336,
  "max_mainline_speed": 23.799073246136533,
  "min_mainline_speed": 5.9563246189976455,
  "avg_merge_speed": 10.964531045283596,
  "max_merge_speed": 30.56,
  "min_merge_speed": 5.549611483578323,
  "avg_bottleneck_speed": 12.23060053445607,
  "max_bottleneck_speed": 30.56,
  "min_bottleneck_speed": 6.256203605265318,
  "avg_ramp_queue": 1.2916666666666667,
  "max_ramp_queue": 7.0,
  "min_ramp_queue": 0.0,
  "avg_throughput": 365.7276901231988,
  "max_throughput": 447.2500063747084,
  "min_throughput": 102.77219738409605,
  "avg_occupancy": 0.11455040868610705,
  "max_occupancy": 0.17280284473072374,
  "min_occupancy": 0.034792290028529675,
  "avg_metering_rate": 381.1997267107169,
  "max_metering_rate": 1200.0,
  "min_metering_rate": 200.0,
  "total_reward": -2110.4666666666667,
  "episode_steps": 240
}