{
  "avg_reward": -0.2838338148195545,
  "max_reward": -0.013158223272375591,
  "min_reward": -1.1791039039049165,
  "avg_mainline_speed": 8.234285390481956,
  "max_mainline_speed": 25.063691555647747,
  "min_mainline_speed": 4.662324817523883,
  "avg_bottleneck_speed": 11.35692662326386,
  "max_bottleneck_speed": 30.56,
  "min_bottleneck_speed": 5.662119385241178,
  "avg_ramp_queue": 0.49166666666666664,
  "max_ramp_queue": 5.0,
  "min_ramp_queue": 0.0,
  "avg_throughput": 369.36544766773284,
  "max_throughput": 449.9237460693124,
  "min_throughput": 168.8528960033189,
  "avg_occupancy": 0.1513919840339995,
  "max_occupancy": 0.2114726238564728,
  "min_occupancy": 0.04175074803423561,
  "avg_metering_rate": 2088.502827845514,
  "max_metering_rate": 3239.9999141693115,
  "min_metering_rate": 360.00000536441803,
  "total_reward": -68.12011555669308,
  "episode_steps": 240
}