{
  "avg_reward": 1.0234025942199925,
  "max_reward": 2.3046990386864414,
  "min_reward": 0.617817633257606,
  "avg_mainline_speed": 11.865949317095877,
  "max_mainline_speed": 23.660971160593235,
  "min_mainline_speed": 8.124255812948936,
  "avg_bottleneck_speed": 13.11441900633593,
  "max_bottleneck_speed": 30.56,
  "min_bottleneck_speed": 7.288274040332756,
  "avg_ramp_queue": 2.3208333333333333,
  "max_ramp_queue": 8.0,
  "min_ramp_queue": 0.0,
  "avg_throughput": 351.43654495133535,
  "max_throughput": 437.2618208294911,
  "min_throughput": 78.90330785423768,
  "avg_occupancy": 0.09585947361016031,
  "max_occupancy": 0.13121788530627168,
  "min_occupancy": 0.027833832022823742,
  "avg_metering_rate": 869.1587008908391,
  "max_metering_rate": 3239.9999141693115,
  "min_metering_rate": 360.00000536441803,
  "total_reward": 245.61662261279818,
  "episode_steps": 240
}