{
  "avg_reward": -0.30609092032061197,
  "max_reward": -0.025013885966326976,
  "min_reward": -1.0395508615818179,
  "avg_mainline_speed": 8.289352096778511,
  "max_mainline_speed": 23.049394069951177,
  "min_mainline_speed": 5.450303919910421,
  "avg_bottleneck_speed": 11.504819554610059,
  "max_bottleneck_speed": 30.56,
  "min_bottleneck_speed": 6.8753633660046525,
  "avg_ramp_queue": 0.5625,
  "max_ramp_queue": 5.0,
  "min_ramp_queue": 0.0,
  "avg_throughput": 365.0335128795827,
  "max_throughput": 451.0565627872553,
  "min_throughput": 151.5776635001978,
  "avg_occupancy": 0.15162024307343874,
  "max_occupancy": 0.18481452209110527,
  "min_occupancy": 0.04152784036517186,
  "avg_metering_rate": 2124.076945334673,
  "max_metering_rate": 3239.9999141693115,
  "min_metering_rate": 360.00000536441803,
  "total_reward": -73.46182087694687,
  "episode_steps": 240
}