{
  "avg_reward": -8.766833333333333,
  "max_reward": -1.65,
  "min_reward": -11.106666666666666,
  "avg_mainline_speed": 10.218252384471214,
  "max_mainline_speed": 24.206199177501237,
  "min_mainline_speed": 6.98416931975571,
  "avg_merge_speed": 10.777854544431896,
  "max_merge_speed": 30.56,
  "min_merge_speed": 5.489104690160173,
  "avg_bottleneck_speed": 11.936584726153992,
  "max_bottleneck_speed": 30.56,
  "min_bottleneck_speed": 6.050271872384792,
  "avg_ramp_queue": 1.2125,
  "max_ramp_queue": 4.0,
  "min_ramp_queue": 0.0,
  "avg_throughput": 365.5537837770935,
  "max_throughput": 438.6768775664972,
  "min_throughput": 91.98878026002971,
  "avg_occupancy": 0.11358421988430538,
  "max_occupancy": 0.15841482258647185,
  "min_occupancy": 0.027833832022823742,
  "avg_metering_rate": 412.6545411845048,
  "max_metering_rate": 1200.0,
  "min_metering_rate": 200.0,
  "total_reward": -2104.04,
  "episode_steps": 240
}