{
  "avg_reward": -0.2974331315271411,
  "max_reward": -0.042634260490019504,
  "min_reward": -0.8790039946489102,
  "avg_mainline_speed": 8.161519909051249,
  "max_mainline_speed": 24.447560597920916,
  "min_mainline_speed": 5.854148497093603,
  "avg_bottleneck_speed": 11.348009519016314,
  "max_bottleneck_speed": 30.56,
  "min_bottleneck_speed": 7.748912426931857,
  "avg_ramp_queue": 0.45416666666666666,
  "max_ramp_queue": 5.0,
  "min_ramp_queue": 0.0,
  "avg_throughput": 363.4257033819631,
  "max_throughput": 439.2240662563638,
  "min_throughput": 194.28556143845782,
  "avg_occupancy": 0.15082044912517523,
  "max_occupancy": 0.1921791594376858,
  "min_occupancy": 0.04152784036517186,
  "avg_metering_rate": 2139.658223837614,
  "max_metering_rate": 3239.9999141693115,
  "min_metering_rate": 360.00000536441803,
  "total_reward": -71.38395156651387,
  "episode_steps": 240
}