{
  "avg_reward": -9.358027777777778,
  "max_reward": -1.8,
  "min_reward": -12.456666666666665,
  "avg_mainline_speed": 9.489668227576063,
  "max_mainline_speed": 23.58878859881638,
  "min_mainline_speed": 5.208206953833972,
  "avg_merge_speed": 10.07096543192363,
  "max_merge_speed": 30.56,
  "min_merge_speed": 5.189958533183581,
  "avg_bottleneck_speed": 11.702187031006066,
  "max_bottleneck_speed": 30.56,
  "min_bottleneck_speed": 6.449574167501854,
  "avg_ramp_queue": 1.3916666666666666,
  "max_ramp_queue": 7.0,
  "min_ramp_queue": 0.0,
  "avg_throughput": 367.23443857350173,
  "max_throughput": 453.3915034302214,
  "min_throughput": 86.81729216804223,
  "avg_occupancy": 0.12733034657216818,
  "max_occupancy": 0.18865424528984498,
  "min_occupancy": 0.03131306102567671,
  "avg_metering_rate": 427.18770156304043,
  "max_metering_rate": 1200.0,
  "min_metering_rate": 200.0,
  "total_reward": -2245.9266666666667,
  "episode_steps": 240
}e_steps": 240
}