{
  "avg_reward": -8.854625,
  "max_reward": -1.65,
  "min_reward": -11.12,
  "avg_mainline_speed": 10.154819811600138,
  "max_mainline_speed": 22.66091575717522,
  "min_mainline_speed": 7.1623956133249065,
  "avg_merge_speed": 10.82537711268279,
  "max_merge_speed": 30.56,
  "min_merge_speed": 5.357466347396593,
  "avg_bottleneck_speed": 11.755686629879385,
  "max_bottleneck_speed": 30.56,
  "min_bottleneck_speed": 7.468085478860297,
  "avg_ramp_queue": 1.275,
  "max_ramp_queue": 6.0,
  "min_ramp_queue": 0.0,
  "avg_throughput": 366.8151968416992,
  "max_throughput": 436.9071705325488,
  "min_throughput": 48.03923090067969,
  "avg_occupancy": 0.11463363102247533,
  "max_occupancy": 0.15667063795947678,
  "min_occupancy": 0.024354603019970774,
  "avg_metering_rate": 481.60259385903674,
  "max_metering_rate": 960.0,
  "min_metering_rate": 247.36094921827316,
  "avg_tts_step": 884.1875,
  "max_tts_step": 1110.0,
  "min_tts_step": 165.0,
  "total_reward": -2125.11,
  "episode_steps": 240,
  "total_tts": 212205.0
}