{
  "avg_reward": 0.839868485509755,
  "max_reward": 2.318286987345932,
  "min_reward": 0.5360470748296222,
  "avg_mainline_speed": 8.886296853506668,
  "max_mainline_speed": 23.708609620377967,
  "min_mainline_speed": 5.904631402760894,
  "avg_merge_speed": 9.245683741748252,
  "max_merge_speed": 30.56,
  "min_merge_speed": 3.9777048413582667,
  "avg_bottleneck_speed": 11.224560696746213,
  "max_bottleneck_speed": 30.56,
  "min_bottleneck_speed": 7.431752505508824,
  "avg_ramp_queue": 1.0541666666666667,
  "max_ramp_queue": 6.0,
  "min_ramp_queue": 0.0,
  "avg_throughput": 369.29402607231236,
  "max_throughput": 435.50378230883507,
  "min_throughput": 80.04663088907124,
  "avg_occupancy": 0.13561740593003943,
  "max_occupancy": 0.181239709973549,
  "min_occupancy": 0.027833832022823742,
  "avg_metering_rate": 740.5893972143531,
  "max_metering_rate": 1200.0,
  "min_metering_rate": 200.0,
  "total_reward": 201.56843652234122,
  "episode_steps": 240
}