{
  "avg_reward": 0.9892748546303396,
  "max_reward": 2.3209012857977083,
  "min_reward": 0.5542199153196521,
  "avg_mainline_speed": 11.47124235204802,
  "max_mainline_speed": 23.78703857393125,
  "min_mainline_speed": 7.078167321860616,
  "avg_bottleneck_speed": 12.716002191241447,
  "max_bottleneck_speed": 30.56,
  "min_bottleneck_speed": 6.636750519299679,
  "avg_ramp_queue": 2.408333333333333,
  "max_ramp_queue": 10.0,
  "min_ramp_queue": 0.0,
  "avg_throughput": 352.9147661593471,
  "max_throughput": 430.4644609042391,
  "min_throughput": 71.68781005255627,
  "avg_occupancy": 0.09917359222068467,
  "max_occupancy": 0.15502026241678035,
  "min_occupancy": 0.024354603019970774,
  "avg_metering_rate": 861.8772549927235,
  "max_metering_rate": 3239.9999141693115,
  "min_metering_rate": 360.00000536441803,
  "total_reward": 237.4259651112815,
  "episode_steps": 240
}