{
  "avg_reward": 0.9024513059327819,
  "max_reward": 2.301540770538889,
  "min_reward": 0.6082570237297172,
  "avg_mainline_speed": 9.836370182505153,
  "max_mainline_speed": 23.206223116166665,
  "min_mainline_speed": 6.476342194471975,
  "avg_merge_speed": 10.418749890514551,
  "max_merge_speed": 30.56,
  "min_merge_speed": 4.59168634189636,
  "avg_bottleneck_speed": 11.812279330318871,
  "max_bottleneck_speed": 30.56,
  "min_bottleneck_speed": 7.211343386510922,
  "avg_ramp_queue": 0.9625,
  "max_ramp_queue": 5.0,
  "min_ramp_queue": 0.0,
  "avg_throughput": 364.8492541502893,
  "max_throughput": 444.0804809452886,
  "min_throughput": 67.9893547879999,
  "avg_occupancy": 0.12001008608564412,
  "max_occupancy": 0.17779272148720784,
  "min_occupancy": 0.027833832022823742,
  "avg_metering_rate": 748.8217187424501,
  "max_metering_rate": 1200.0,
  "min_metering_rate": 200.0,
  "total_reward": 216.58831342386765,
  "episode_steps": 240
}