{
  "avg_reward": 0.8882201864975197,
  "max_reward": 2.2857713764822534,
  "min_reward": 0.5812025994623219,
  "avg_mainline_speed": 9.788014717514645,
  "max_mainline_speed": 22.733141294467597,
  "min_mainline_speed": 6.285552370932405,
  "avg_merge_speed": 10.440708792163367,
  "max_merge_speed": 30.56,
  "min_merge_speed": 5.149676950535104,
  "avg_bottleneck_speed": 11.562671696051739,
  "max_bottleneck_speed": 30.56,
  "min_bottleneck_speed": 7.178984403823832,
  "avg_ramp_queue": 0.9708333333333333,
  "max_ramp_queue": 4.0,
  "min_ramp_queue": 0.0,
  "avg_throughput": 366.8970879576026,
  "max_throughput": 434.00224097010323,
  "min_throughput": 49.55596718381948,
  "avg_occupancy": 0.12032142666312094,
  "max_occupancy": 0.17534500199123867,
  "min_occupancy": 0.024354603019970774,
  "avg_metering_rate": 696.8172041078409,
  "max_metering_rate": 1200.0,
  "min_metering_rate": 200.0,
  "total_reward": 213.1728447594047,
  "episode_steps": 240
}