{
  "avg_reward": -0.2999763479026569,
  "max_reward": -0.01971330608630905,
  "min_reward": -0.7947117221927196,
  "avg_mainline_speed": 8.435711151245469,
  "max_mainline_speed": 24.523377762282724,
  "min_mainline_speed": 5.750288153791182,
  "avg_bottleneck_speed": 11.667559475830304,
  "max_bottleneck_speed": 30.56,
  "min_bottleneck_speed": 7.3262087543872045,
  "avg_ramp_queue": 0.44583333333333336,
  "max_ramp_queue": 4.0,
  "min_ramp_queue": 0.0,
  "avg_throughput": 368.87968344569924,
  "max_throughput": 445.6549008401139,
  "min_throughput": 136.95146615533002,
  "avg_occupancy": 0.14928010484495274,
  "max_occupancy": 0.19036477835477214,
  "min_occupancy": 0.03827151903138264,
  "avg_metering_rate": 2139.555398784578,
  "max_metering_rate": 3239.9999141693115,
  "min_metering_rate": 360.00000536441803,
  "total_reward": -71.99432349663766,
  "episode_steps": 240
}