{
  "avg_reward": 0.8420057429483582,
  "max_reward": 2.290418023241936,
  "min_reward": 0.5064837632273678,
  "avg_mainline_speed": 8.956186541560793,
  "max_mainline_speed": 22.872540697258078,
  "min_mainline_speed": 6.400918293757648,
  "avg_merge_speed": 9.358684937365734,
  "max_merge_speed": 30.56,
  "min_merge_speed": 5.156050050395831,
  "avg_bottleneck_speed": 11.199879386815525,
  "max_bottleneck_speed": 30.56,
  "min_bottleneck_speed": 6.1502846452404665,
  "avg_ramp_queue": 0.9916666666666667,
  "max_ramp_queue": 4.0,
  "min_ramp_queue": 0.0,
  "avg_throughput": 369.59748241064517,
  "max_throughput": 435.60380227202336,
  "min_throughput": 59.980976734193874,
  "avg_occupancy": 0.13400147906577403,
  "max_occupancy": 0.17185409499518856,
  "min_occupancy": 0.027833832022823742,
  "avg_metering_rate": 738.3561889330546,
  "max_metering_rate": 1200.0,
  "min_metering_rate": 200.0,
  "total_reward": 202.08137830760597,
  "episode_steps": 240
}