{
  "avg_reward": 0.8473709319158684,
  "max_reward": 2.2794957943652543,
  "min_reward": 0.5284345538673314,
  "avg_mainline_speed": 9.025974594665252,
  "max_mainline_speed": 22.54487383095763,
  "min_mainline_speed": 5.644942823184427,
  "avg_merge_speed": 9.27541272800908,
  "max_merge_speed": 27.23864057439069,
  "min_merge_speed": 4.242383150039106,
  "avg_bottleneck_speed": 11.256491130762761,
  "max_bottleneck_speed": 30.56,
  "min_bottleneck_speed": 6.888820884254735,
  "avg_ramp_queue": 0.9791666666666666,
  "max_ramp_queue": 5.0,
  "min_ramp_queue": 0.0,
  "avg_throughput": 366.99304753757406,
  "max_throughput": 443.17199484553646,
  "min_throughput": 96.09050700376615,
  "avg_occupancy": 0.13191649771118513,
  "max_occupancy": 0.19221154926521525,
  "min_occupancy": 0.027590486288458577,
  "avg_metering_rate": 721.1819615215063,
  "max_metering_rate": 1200.0,
  "min_metering_rate": 200.0,
  "total_reward": 203.36902365980842,
  "episode_steps": 240
}