{
  "avg_reward": -0.2810137586287457,
  "max_reward": -0.061517084747366946,
  "min_reward": -0.8134353681713284,
  "avg_mainline_speed": 8.639614674837636,
  "max_mainline_speed": 24.392667045981398,
  "min_mainline_speed": 6.1946179639562216,
  "avg_bottleneck_speed": 11.808529142607396,
  "max_bottleneck_speed": 30.56,
  "min_bottleneck_speed": 7.240569058847668,
  "avg_ramp_queue": 0.5375,
  "max_ramp_queue": 6.0,
  "min_ramp_queue": 0.0,
  "avg_throughput": 374.893877712655,
  "max_throughput": 463.98811002935463,
  "min_throughput": 144.69601365533026,
  "avg_occupancy": 0.14537760594903623,
  "max_occupancy": 0.17864020132081815,
  "min_occupancy": 0.04175074803423561,
  "avg_metering_rate": 2223.8114751130342,
  "max_metering_rate": 3239.9999141693115,
  "min_metering_rate": 360.00000536441803,
  "total_reward": -67.44330207089898,
  "episode_steps": 240
}