{
  "avg_reward": -0.28291882260975343,
  "max_reward": -0.024427918218813294,
  "min_reward": -0.7830012750129735,
  "avg_mainline_speed": 8.44236542207646,
  "max_mainline_speed": 23.011348140034567,
  "min_mainline_speed": 5.894320070294461,
  "avg_bottleneck_speed": 11.374066580824632,
  "max_bottleneck_speed": 30.56,
  "min_bottleneck_speed": 6.181859197048479,
  "avg_ramp_queue": 0.45416666666666666,
  "max_ramp_queue": 5.0,
  "min_ramp_queue": 0.0,
  "avg_throughput": 371.6834936524985,
  "max_throughput": 442.08074768389076,
  "min_throughput": 137.90619570608408,
  "avg_occupancy": 0.14700337130300525,
  "max_occupancy": 0.1822374286018136,
  "min_occupancy": 0.03804861136231889,
  "avg_metering_rate": 2078.8357150554657,
  "max_metering_rate": 3239.9999141693115,
  "min_metering_rate": 360.00000536441803,
  "total_reward": -67.90051742634083,
  "episode_steps": 240
}