{
  "avg_reward": 0.9267367108784482,
  "max_reward": 2.288863321485861,
  "min_reward": 0.5812931862141378,
  "avg_mainline_speed": 10.401169312336272,
  "max_mainline_speed": 22.82589964457583,
  "min_mainline_speed": 7.305970832584449,
  "avg_merge_speed": 11.03941117363144,
  "max_merge_speed": 27.632740803879376,
  "min_merge_speed": 5.313174030667576,
  "avg_bottleneck_speed": 12.027010231567006,
  "max_bottleneck_speed": 30.56,
  "min_bottleneck_speed": 7.20685073908843,
  "avg_ramp_queue": 1.2791666666666666,
  "max_ramp_queue": 5.0,
  "min_ramp_queue": 0.0,
  "avg_throughput": 365.1038051282771,
  "max_throughput": 446.1210862806653,
  "min_throughput": 120.1973639725124,
  "avg_occupancy": 0.11051799250856797,
  "max_occupancy": 0.14946607846011853,
  "min_occupancy": 0.03456938235946593,
  "avg_metering_rate": 627.6066261033217,
  "max_metering_rate": 1200.0,
  "min_metering_rate": 200.0,
  "total_reward": 222.41681061082758,
  "episode_steps": 240
}