{
  "avg_reward": 0.9594676309054744,
  "max_reward": 2.3289085371866594,
  "min_reward": 0.6080352818200149,
  "avg_mainline_speed": 10.820719543331624,
  "max_mainline_speed": 24.027256115599783,
  "min_mainline_speed": 6.703834856598313,
  "avg_merge_speed": 11.856612593482293,
  "max_merge_speed": 30.56,
  "min_merge_speed": 4.299063808996254,
  "avg_bottleneck_speed": 12.356095144777294,
  "max_bottleneck_speed": 30.56,
  "min_bottleneck_speed": 7.489919673122135,
  "avg_ramp_queue": 1.1416666666666666,
  "max_ramp_queue": 6.0,
  "min_ramp_queue": 0.0,
  "avg_throughput": 366.5166744694246,
  "max_throughput": 436.2294151435042,
  "min_throughput": 98.65591512119414,
  "avg_occupancy": 0.10867093072731764,
  "max_occupancy": 0.16311504660817036,
  "min_occupancy": 0.03131306102567671,
  "avg_metering_rate": 668.91804796954,
  "max_metering_rate": 1200.0,
  "min_metering_rate": 200.0,
  "total_reward": 230.27223141731386,
  "episode_steps": 240
}