{
  "avg_reward": 0.9867237133088492,
  "max_reward": 2.282173852159573,
  "min_reward": 0.5791192139892575,
  "avg_mainline_speed": 11.56479624259715,
  "max_mainline_speed": 22.625215564787187,
  "min_mainline_speed": 7.747374304599595,
  "avg_bottleneck_speed": 12.67261010444555,
  "max_bottleneck_speed": 30.56,
  "min_bottleneck_speed": 8.305090893390929,
  "avg_ramp_queue": 2.7,
  "max_ramp_queue": 14.0,
  "min_ramp_queue": 0.0,
  "avg_throughput": 351.8920978222267,
  "max_throughput": 423.35822487751363,
  "min_throughput": 107.05071238624885,
  "avg_occupancy": 0.09789767474840376,
  "max_occupancy": 0.14445257103121822,
  "min_occupancy": 0.03109015335661296,
  "avg_metering_rate": 869.7110367938876,
  "max_metering_rate": 3239.9999141693115,
  "min_metering_rate": 360.00000536441803,
  "total_reward": 236.8136911941238,
  "episode_steps": 240
}