{
  "avg_reward": 0.9944756516327645,
  "max_reward": 2.325456579216097,
  "min_reward": 0.6085838630325324,
  "avg_mainline_speed": 11.528232875464914,
  "max_mainline_speed": 23.923697376482906,
  "min_mainline_speed": 7.238066502166791,
  "avg_bottleneck_speed": 12.774024449012012,
  "max_bottleneck_speed": 30.56,
  "min_bottleneck_speed": 7.173672552275509,
  "avg_ramp_queue": 2.375,
  "max_ramp_queue": 8.0,
  "min_ramp_queue": 0.0,
  "avg_throughput": 351.99955322374916,
  "max_throughput": 420.1633123761934,
  "min_throughput": 85.2087370355897,
  "avg_occupancy": 0.09833735491651445,
  "max_occupancy": 0.1273076235703091,
  "min_occupancy": 0.027833832022823742,
  "avg_metering_rate": 956.020080037415,
  "max_metering_rate": 3239.9999141693115,
  "min_metering_rate": 360.00000536441803,
  "total_reward": 238.67415639186348,
  "episode_steps": 240
}e_steps": 240
}