{
  "avg_reward": 0.9265548521052053,
  "max_reward": 2.2906746434944445,
  "min_reward": 0.5369292753709884,
  "avg_mainline_speed": 10.78976519875859,
  "max_mainline_speed": 22.880239304833335,
  "min_mainline_speed": 7.184539400212825,
  "avg_bottleneck_speed": 11.970920242931715,
  "max_bottleneck_speed": 30.56,
  "min_bottleneck_speed": 6.287482264397974,
  "avg_ramp_queue": 2.6375,
  "max_ramp_queue": 10.0,
  "min_ramp_queue": 0.0,
  "avg_throughput": 352.67420286075316,
  "max_throughput": 436.67871406112283,
  "min_throughput": 113.46830272425056,
  "avg_occupancy": 0.1053422983838608,
  "max_occupancy": 0.14766710300527644,
  "min_occupancy": 0.03109015335661296,
  "avg_metering_rate": 859.180542267859,
  "max_metering_rate": 3239.9999141693115,
  "min_metering_rate": 360.00000536441803,
  "total_reward": 222.37316450524926,
  "episode_steps": 240
}