{
  "avg_reward": 0.907074414896807,
  "max_reward": 2.3037097209337745,
  "min_reward": 0.5496950864055611,
  "avg_mainline_speed": 10.428793450082383,
  "max_mainline_speed": 23.271291628013227,
  "min_mainline_speed": 7.2458878778123355,
  "avg_bottleneck_speed": 11.670959331214554,
  "max_bottleneck_speed": 30.56,
  "min_bottleneck_speed": 6.627573701208808,
  "avg_ramp_queue": 2.0083333333333333,
  "max_ramp_queue": 11.0,
  "min_ramp_queue": 0.0,
  "avg_throughput": 354.7664430013609,
  "max_throughput": 424.994840916021,
  "min_throughput": 69.55099907231741,
  "avg_occupancy": 0.10842524641314363,
  "max_occupancy": 0.14614985540170713,
  "min_occupancy": 0.027833832022823742,
  "avg_metering_rate": 1058.9314467832446,
  "max_metering_rate": 3239.9999141693115,
  "min_metering_rate": 360.00000536441803,
  "total_reward": 217.69785957523368,
  "episode_steps": 240
}