{
  "avg_reward": 0.9221243805116274,
  "max_reward": 2.3070334531249688,
  "min_reward": 0.6231006181826988,
  "avg_mainline_speed": 10.867049847579146,
  "max_mainline_speed": 23.371003593749066,
  "min_mainline_speed": 7.48356369388852,
  "avg_bottleneck_speed": 11.78278771184645,
  "max_bottleneck_speed": 30.56,
  "min_bottleneck_speed": 7.526196019182036,
  "avg_ramp_queue": 2.4375,
  "max_ramp_queue": 8.0,
  "min_ramp_queue": 0.0,
  "avg_throughput": 350.8679972746462,
  "max_throughput": 419.0093595535043,
  "min_throughput": 80.93709703122474,
  "avg_occupancy": 0.1033934354992627,
  "max_occupancy": 0.13751426958449434,
  "min_occupancy": 0.03131306102567671,
  "avg_metering_rate": 812.212859429419,
  "max_metering_rate": 3239.9999141693115,
  "min_metering_rate": 360.00000536441803,
  "total_reward": 221.30985132279056,
  "episode_steps": 240
}