{
  "avg_reward": 0.9170114945138096,
  "max_reward": 2.314720514125436,
  "min_reward": -0.5837790212804986,
  "avg_mainline_speed": 10.449172221997548,
  "max_mainline_speed": 23.601615423763082,
  "min_mainline_speed": 5.423970813200346,
  "avg_merge_speed": 11.397233147121602,
  "max_merge_speed": 30.56,
  "min_merge_speed": 4.505857772446441,
  "avg_bottleneck_speed": 12.09772618672227,
  "max_bottleneck_speed": 30.56,
  "min_bottleneck_speed": 5.782860394290662,
  "avg_ramp_queue": 1.4208333333333334,
  "max_ramp_queue": 5.0,
  "min_ramp_queue": 0.0,
  "avg_throughput": 365.00510484243557,
  "max_throughput": 457.5070285415128,
  "min_throughput": 87.16361644160321,
  "avg_occupancy": 0.11302775509166439,
  "max_occupancy": 0.18451166299669633,
  "min_occupancy": 0.03131306102567671,
  "avg_metering_rate": 591.879905294627,
  "max_metering_rate": 1200.0,
  "min_metering_rate": 200.0,
  "total_reward": 220.0827586833143,
  "episode_steps": 240
}