{
  "avg_reward": 0.9743309015058865,
  "max_reward": 2.25248575371345,
  "min_reward": 0.5942043732518634,
  "avg_mainline_speed": 11.232549412479727,
  "max_mainline_speed": 21.73457261140349,
  "min_mainline_speed": 7.691151412041465,
  "avg_bottleneck_speed": 12.537251755131248,
  "max_bottleneck_speed": 30.56,
  "min_bottleneck_speed": 6.960070440355036,
  "avg_ramp_queue": 2.245833333333333,
  "max_ramp_queue": 8.0,
  "min_ramp_queue": 0.0,
  "avg_throughput": 354.37025480606377,
  "max_throughput": 423.71053698026594,
  "min_throughput": 77.17758564242655,
  "avg_occupancy": 0.10087109922383343,
  "max_occupancy": 0.14031115121240442,
  "min_occupancy": 0.027610924353759992,
  "avg_metering_rate": 944.1204876825213,
  "max_metering_rate": 3239.9999141693115,
  "min_metering_rate": 360.00000536441803,
  "total_reward": 233.83941636141276,
  "episode_steps": 240
}