{
  "avg_reward": 0.8865968592824026,
  "max_reward": 2.3032946497761677,
  "min_reward": 0.49602525732410974,
  "avg_mainline_speed": 10.223550201122587,
  "max_mainline_speed": 23.258839493285034,
  "min_mainline_speed": 6.06621275064959,
  "avg_bottleneck_speed": 11.463237051566326,
  "max_bottleneck_speed": 30.56,
  "min_bottleneck_speed": 6.221757054536492,
  "avg_ramp_queue": 2.279166666666667,
  "max_ramp_queue": 10.0,
  "min_ramp_queue": 0.0,
  "avg_throughput": 359.61324593966987,
  "max_throughput": 445.25054508874746,
  "min_throughput": 69.25214783884086,
  "avg_occupancy": 0.11269244629459889,
  "max_occupancy": 0.17202251986201347,
  "min_occupancy": 0.027833832022823742,
  "avg_metering_rate": 1058.9506682753563,
  "max_metering_rate": 3239.9999141693115,
  "min_metering_rate": 360.00000536441803,
  "total_reward": 212.78324622777663,
  "episode_steps": 240
}