{
  "avg_reward": 0.9257193508612851,
  "max_reward": 2.337057919245665,
  "min_reward": 0.5756741591396536,
  "avg_mainline_speed": 10.37799682096094,
  "max_mainline_speed": 24.271737577369944,
  "min_mainline_speed": 7.030305617530783,
  "avg_merge_speed": 11.217359591857871,
  "max_merge_speed": 30.56,
  "min_merge_speed": 5.701800440719837,
  "avg_bottleneck_speed": 11.990166914362852,
  "max_bottleneck_speed": 30.56,
  "min_bottleneck_speed": 7.270223093562061,
  "avg_ramp_queue": 1.1833333333333333,
  "max_ramp_queue": 6.0,
  "min_ramp_queue": 0.0,
  "avg_throughput": 366.55808936220785,
  "max_throughput": 451.0554166514783,
  "min_throughput": 105.25691458898848,
  "avg_occupancy": 0.11276655522856184,
  "max_occupancy": 0.15411498151707542,
  "min_occupancy": 0.03131306102567671,
  "avg_metering_rate": 695.5723887309432,
  "max_metering_rate": 1200.0,
  "min_metering_rate": 200.0,
  "total_reward": 222.1726442067084,
  "episode_steps": 240
}