{
  "avg_reward": 0.8891307791851134,
  "max_reward": 2.2916117026164087,
  "min_reward": 0.5832676501654985,
  "avg_mainline_speed": 9.708236153952294,
  "max_mainline_speed": 22.90835107849226,
  "min_mainline_speed": 6.593214573015995,
  "avg_merge_speed": 10.033310992160734,
  "max_merge_speed": 30.56,
  "min_merge_speed": 4.334691455274977,
  "avg_bottleneck_speed": 11.696569258845186,
  "max_bottleneck_speed": 30.56,
  "min_bottleneck_speed": 6.898892567113561,
  "avg_ramp_queue": 1.1583333333333334,
  "max_ramp_queue": 6.0,
  "min_ramp_queue": 0.0,
  "avg_throughput": 362.73795240324523,
  "max_throughput": 427.125472165403,
  "min_throughput": 60.8404258838142,
  "avg_occupancy": 0.1196673156920191,
  "max_occupancy": 0.1666462817990277,
  "min_occupancy": 0.027833832022823742,
  "avg_metering_rate": 651.3743432238698,
  "max_metering_rate": 1200.0,
  "min_metering_rate": 200.0,
  "total_reward": 213.39138700442723,
  "episode_steps": 240
}