{
  "avg_reward": 0.9611835685771575,
  "max_reward": 2.3331446954815602,
  "min_reward": 0.5813400186462077,
  "avg_mainline_speed": 11.050341119749453,
  "max_mainline_speed": 24.154340864446798,
  "min_mainline_speed": 7.203268804597466,
  "avg_bottleneck_speed": 12.415777291710182,
  "max_bottleneck_speed": 30.56,
  "min_bottleneck_speed": 7.446071590703519,
  "avg_ramp_queue": 2.3291666666666666,
  "max_ramp_queue": 9.0,
  "min_ramp_queue": 0.0,
  "avg_throughput": 356.5424534339802,
  "max_throughput": 432.97800401957437,
  "min_throughput": 90.74418074672315,
  "avg_occupancy": 0.10526960922491953,
  "max_occupancy": 0.15627277705104883,
  "min_occupancy": 0.027833832022823742,
  "avg_metering_rate": 983.9243345707655,
  "max_metering_rate": 3239.9999141693115,
  "min_metering_rate": 360.00000536441803,
  "total_reward": 230.6840564585178,
  "episode_steps": 240
}