{
  "avg_reward": 0.9285996695363963,
  "max_reward": 2.3182584581320347,
  "min_reward": 0.5634412792876097,
  "avg_mainline_speed": 10.779937902921445,
  "max_mainline_speed": 23.707753743961035,
  "min_mainline_speed": 7.493612319656891,
  "avg_bottleneck_speed": 11.917368122113631,
  "max_bottleneck_speed": 30.56,
  "min_bottleneck_speed": 6.946965343059375,
  "avg_ramp_queue": 2.216666666666667,
  "max_ramp_queue": 7.0,
  "min_ramp_queue": 0.0,
  "avg_throughput": 358.21380390258855,
  "max_throughput": 431.64620056779444,
  "min_throughput": 90.029351086948,
  "avg_occupancy": 0.10542868602308252,
  "max_occupancy": 0.13854505942564774,
  "min_occupancy": 0.03131306102567671,
  "avg_metering_rate": 977.3641794919968,
  "max_metering_rate": 3239.9999141693115,
  "min_metering_rate": 360.00000536441803,
  "total_reward": 222.8639206887351,
  "episode_steps": 240
}