{
  "avg_reward": 0.9419567034049863,
  "max_reward": 2.2778180226186406,
  "min_reward": 0.6417183367817936,
  "avg_mainline_speed": 10.613323774662737,
  "max_mainline_speed": 22.494540678559215,
  "min_mainline_speed": 6.636010273956221,
  "avg_merge_speed": 11.564847791500597,
  "max_merge_speed": 30.56,
  "min_merge_speed": 5.8893078806916,
  "avg_bottleneck_speed": 12.159418218324568,
  "max_bottleneck_speed": 30.56,
  "min_bottleneck_speed": 7.873488679219778,
  "avg_ramp_queue": 1.1875,
  "max_ramp_queue": 5.0,
  "min_ramp_queue": 0.0,
  "avg_throughput": 366.55727442406607,
  "max_throughput": 451.53066205633377,
  "min_throughput": 50.90897628542119,
  "avg_occupancy": 0.10903646346473747,
  "max_occupancy": 0.1671981361510386,
  "min_occupancy": 0.027833832022823742,
  "avg_metering_rate": 587.9737470299006,
  "max_metering_rate": 1200.0,
  "min_metering_rate": 200.0,
  "total_reward": 226.0696088171967,
  "episode_steps": 240
}