{
  "avg_reward": 1.0399886310044115,
  "max_reward": 2.28534081723254,
  "min_reward": 0.619927647092017,
  "avg_mainline_speed": 11.883524830782124,
  "max_mainline_speed": 22.7202245169762,
  "min_mainline_speed": 7.8105652885072105,
  "avg_bottleneck_speed": 13.34142273290015,
  "max_bottleneck_speed": 30.56,
  "min_bottleneck_speed": 7.890602197604375,
  "avg_ramp_queue": 1.9333333333333333,
  "max_ramp_queue": 8.0,
  "min_ramp_queue": 0.0,
  "avg_throughput": 359.3204544157954,
  "max_throughput": 427.36665393954513,
  "min_throughput": 56.32538840742872,
  "avg_occupancy": 0.09728318147154932,
  "max_occupancy": 0.14080431124146667,
  "min_occupancy": 0.027833832022823742,
  "avg_metering_rate": 1160.9334206208587,
  "max_metering_rate": 3239.9999141693115,
  "min_metering_rate": 360.00000536441803,
  "total_reward": 249.59727144105875,
  "episode_steps": 240
}