{
  "avg_reward": 0.9406613797774643,
  "max_reward": 2.2551933128155115,
  "min_reward": 0.6936475209229591,
  "avg_mainline_speed": 10.44146852399072,
  "max_mainline_speed": 21.815799384465347,
  "min_mainline_speed": 7.556302209534451,
  "avg_merge_speed": 11.094465172781508,
  "max_merge_speed": 27.212670628797884,
  "min_merge_speed": 5.660666194380645,
  "avg_bottleneck_speed": 12.191137468444362,
  "max_bottleneck_speed": 30.56,
  "min_bottleneck_speed": 8.886881477140644,
  "avg_ramp_queue": 1.0166666666666666,
  "max_ramp_queue": 5.0,
  "min_ramp_queue": 0.0,
  "avg_throughput": 371.39456999173564,
  "max_throughput": 438.8853156540896,
  "min_throughput": 73.2610357763868,
  "avg_occupancy": 0.11158709698365099,
  "max_occupancy": 0.1470492945670814,
  "min_occupancy": 0.024131695350907024,
  "avg_metering_rate": 747.9081348205606,
  "max_metering_rate": 1200.0,
  "min_metering_rate": 200.0,
  "total_reward": 225.75873114659143,
  "episode_steps": 240
}