{
  "avg_reward": 0.9775030715126547,
  "max_reward": 2.3291912586939767,
  "min_reward": 0.5585664742137387,
  "avg_mainline_speed": 11.476365868425763,
  "max_mainline_speed": 24.0357377608193,
  "min_mainline_speed": 7.605359996589324,
  "avg_bottleneck_speed": 12.533150851302587,
  "max_bottleneck_speed": 30.56,
  "min_bottleneck_speed": 6.842394934807312,
  "avg_ramp_queue": 2.6416666666666666,
  "max_ramp_queue": 12.0,
  "min_ramp_queue": 0.0,
  "avg_throughput": 350.87559728593163,
  "max_throughput": 422.5564291405843,
  "min_throughput": 109.87213282457888,
  "avg_occupancy": 0.09881094134700698,
  "max_occupancy": 0.1355004536334471,
  "min_occupancy": 0.034792290028529675,
  "avg_metering_rate": 895.4692723229527,
  "max_metering_rate": 3239.9999141693115,
  "min_metering_rate": 360.00000536441803,
  "total_reward": 234.60073716303714,
  "episode_steps": 240
}