{
  "avg_reward": 0.9481991700162198,
  "max_reward": 2.334878636259401,
  "min_reward": 0.609255590798246,
  "avg_mainline_speed": 11.131574790254836,
  "max_mainline_speed": 24.20635908778203,
  "min_mainline_speed": 7.599898280078968,
  "avg_bottleneck_speed": 12.144933540154504,
  "max_bottleneck_speed": 30.56,
  "min_bottleneck_speed": 7.8501819018827845,
  "avg_ramp_queue": 2.5083333333333333,
  "max_ramp_queue": 10.0,
  "min_ramp_queue": 0.0,
  "avg_throughput": 353.54317255568856,
  "max_throughput": 431.2166344035304,
  "min_throughput": 91.99261810676873,
  "avg_occupancy": 0.10210856013621776,
  "max_occupancy": 0.13778195141098973,
  "min_occupancy": 0.027833832022823742,
  "avg_metering_rate": 875.1832893490791,
  "max_metering_rate": 3239.9999141693115,
  "min_metering_rate": 360.00000536441803,
  "total_reward": 227.56780080389274,
  "episode_steps": 240
}