{
  "avg_reward": 0.9044336985670159,
  "max_reward": 2.2972713285632196,
  "min_reward": 0.46893650592946223,
  "avg_mainline_speed": 10.042997911620526,
  "max_mainline_speed": 23.078139856896584,
  "min_mainline_speed": 5.273133095073291,
  "avg_merge_speed": 10.59784614902184,
  "max_merge_speed": 30.56,
  "min_merge_speed": 4.290675600737971,
  "avg_bottleneck_speed": 11.726675363593301,
  "max_bottleneck_speed": 30.56,
  "min_bottleneck_speed": 6.057161690266726,
  "avg_ramp_queue": 1.0,
  "max_ramp_queue": 4.0,
  "min_ramp_queue": 0.0,
  "avg_throughput": 361.747753383767,
  "max_throughput": 444.7120830448069,
  "min_throughput": 73.02977613620776,
  "avg_occupancy": 0.11490505640392858,
  "max_occupancy": 0.1905301853052536,
  "min_occupancy": 0.03131306102567671,
  "avg_metering_rate": 597.6239245384932,
  "max_metering_rate": 1200.0,
  "min_metering_rate": 200.0,
  "total_reward": 217.0640876560838,
  "episode_steps": 240
}