{
  "avg_reward": -8.489624999999998,
  "max_reward": -1.5,
  "min_reward": -10.206666666666665,
  "avg_mainline_speed": 10.74107908838337,
  "max_mainline_speed": 24.494296989607605,
  "min_mainline_speed": 8.112620853084694,
  "avg_merge_speed": 11.644075836200082,
  "max_merge_speed": 30.56,
  "min_merge_speed": 5.81987526200825,
  "avg_bottleneck_speed": 12.28130142577149,
  "max_bottleneck_speed": 30.56,
  "min_bottleneck_speed": 8.1458909923461,
  "avg_ramp_queue": 1.35,
  "max_ramp_queue": 7.0,
  "min_ramp_queue": 0.0,
  "avg_throughput": 367.939802286652,
  "max_throughput": 444.4271903055404,
  "min_throughput": 98.90312775058248,
  "avg_occupancy": 0.10765866696444173,
  "max_occupancy": 0.14135551178768366,
  "min_occupancy": 0.027833832022823742,
  "avg_metering_rate": 350.2605228374402,
  "max_metering_rate": 1200.0,
  "min_metering_rate": 200.0,
  "total_reward": -2037.5099999999998,
  "episode_steps": 240
}40
}