{
  "avg_reward": 0.9740682542183019,
  "max_reward": 2.2964271272276378,
  "min_reward": 0.6588187934074706,
  "avg_mainline_speed": 10.948382292901966,
  "max_mainline_speed": 23.052813816829126,
  "min_mainline_speed": 7.241881778716646,
  "avg_merge_speed": 11.842513755731632,
  "max_merge_speed": 30.56,
  "min_merge_speed": 6.221548111034163,
  "avg_bottleneck_speed": 12.647721333542503,
  "max_bottleneck_speed": 30.56,
  "min_bottleneck_speed": 7.490681388487503,
  "avg_ramp_queue": 1.3958333333333333,
  "max_ramp_queue": 7.0,
  "min_ramp_queue": 0.0,
  "avg_throughput": 365.11935024912975,
  "max_throughput": 449.74910566464507,
  "min_throughput": 64.30753160389898,
  "avg_occupancy": 0.10595130604580734,
  "max_occupancy": 0.14480343216723932,
  "min_occupancy": 0.027833832022823742,
  "avg_metering_rate": 609.5777120130757,
  "max_metering_rate": 1200.0,
  "min_metering_rate": 200.0,
  "total_reward": 233.77638101239245,
  "episode_steps": 240
}