{
  "avg_reward": 0.9551991499529592,
  "max_reward": 2.2819986245892983,
  "min_reward": 0.5588399804086832,
  "avg_mainline_speed": 10.70962181370624,
  "max_mainline_speed": 22.61995873767894,
  "min_mainline_speed": 6.839970107688212,
  "avg_merge_speed": 11.59350748215243,
  "max_merge_speed": 30.56,
  "min_merge_speed": 6.035712376282428,
  "avg_bottleneck_speed": 12.38229067881058,
  "max_bottleneck_speed": 30.56,
  "min_bottleneck_speed": 6.616819536381523,
  "avg_ramp_queue": 1.2541666666666667,
  "max_ramp_queue": 6.0,
  "min_ramp_queue": 0.0,
  "avg_throughput": 366.0461870905231,
  "max_throughput": 437.06951846224854,
  "min_throughput": 53.91900970429447,
  "avg_occupancy": 0.10885838484236908,
  "max_occupancy": 0.14749972177670442,
  "min_occupancy": 0.027833832022823742,
  "avg_metering_rate": 556.4393521286547,
  "max_metering_rate": 1200.0,
  "min_metering_rate": 200.0,
  "total_reward": 229.2477959887102,
  "episode_steps": 240
}