{
  "avg_reward": -9.688513888888886,
  "max_reward": -1.65,
  "min_reward": -11.856666666666666,
  "avg_mainline_speed": 8.824961278416064,
  "max_mainline_speed": 23.798306040637485,
  "min_mainline_speed": 6.259009121617733,
  "avg_merge_speed": 9.00749221622582,
  "max_merge_speed": 30.56,
  "min_merge_speed": 3.824628900956595,
  "avg_bottleneck_speed": 11.128696866150412,
  "max_bottleneck_speed": 30.56,
  "min_bottleneck_speed": 7.27768135909823,
  "avg_ramp_queue": 1.1833333333333333,
  "max_ramp_queue": 7.0,
  "min_ramp_queue": 0.0,
  "avg_throughput": 369.36648147091813,
  "max_throughput": 433.9712480591452,
  "min_throughput": 92.47426309721212,
  "avg_occupancy": 0.13516092980383473,
  "max_occupancy": 0.17707411059586087,
  "min_occupancy": 0.03131306102567671,
  "avg_metering_rate": 320.7210536425312,
  "max_metering_rate": 1200.0,
  "min_metering_rate": 200.0,
  "total_reward": -2325.243333333333,
  "episode_steps": 240
}