{
  "avg_reward": 0.9667421857411574,
  "max_reward": 2.329598308986479,
  "min_reward": 0.5781351251127104,
  "avg_mainline_speed": 11.145888760986825,
  "max_mainline_speed": 24.047949269594373,
  "min_mainline_speed": 7.537843159728936,
  "avg_bottleneck_speed": 12.4372512074986,
  "max_bottleneck_speed": 30.56,
  "min_bottleneck_speed": 7.887487704640246,
  "avg_ramp_queue": 2.220833333333333,
  "max_ramp_queue": 10.0,
  "min_ramp_queue": 0.0,
  "avg_throughput": 358.8225242852584,
  "max_throughput": 436.83406448589227,
  "min_throughput": 88.19078247026502,
  "avg_occupancy": 0.10292212409033337,
  "max_occupancy": 0.13975166480958992,
  "min_occupancy": 0.027833832022823742,
  "avg_metering_rate": 1079.8954324051738,
  "max_metering_rate": 3239.9999141693115,
  "min_metering_rate": 360.00000536441803,
  "total_reward": 232.01812457787778,
  "episode_steps": 240
}