{
  "avg_reward": 0.903318810414468,
  "max_reward": 2.320982381619817,
  "min_reward": 0.5610498006223956,
  "avg_mainline_speed": 10.247300786170168,
  "max_mainline_speed": 23.78947144859451,
  "min_mainline_speed": 6.698314777691202,
  "avg_merge_speed": 11.037630556521004,
  "max_merge_speed": 30.56,
  "min_merge_speed": 5.654138832662531,
  "avg_bottleneck_speed": 11.66678679528703,
  "max_bottleneck_speed": 30.56,
  "min_bottleneck_speed": 7.48326438876467,
  "avg_ramp_queue": 1.2958333333333334,
  "max_ramp_queue": 6.0,
  "min_ramp_queue": 0.0,
  "avg_throughput": 367.22053201969817,
  "max_throughput": 447.5840197942357,
  "min_throughput": 92.23572911205179,
  "avg_occupancy": 0.11399765702898668,
  "max_occupancy": 0.15971612958278303,
  "min_occupancy": 0.03131306102567671,
  "avg_metering_rate": 543.3379607430348,
  "max_metering_rate": 1200.0,
  "min_metering_rate": 200.0,
  "total_reward": 216.79651449947232,
  "episode_steps": 240
}