{
  "avg_reward": 0.9267764489469701,
  "max_reward": 2.3115259474189753,
  "min_reward": 0.5995814536449328,
  "avg_mainline_speed": 10.153673656141713,
  "max_mainline_speed": 23.50577842256926,
  "min_mainline_speed": 6.43995460788391,
  "avg_merge_speed": 10.743897444659586,
  "max_merge_speed": 30.56,
  "min_merge_speed": 5.088549447191627,
  "avg_bottleneck_speed": 12.078913208178259,
  "max_bottleneck_speed": 30.56,
  "min_bottleneck_speed": 8.150378998887597,
  "avg_ramp_queue": 0.9375,
  "max_ramp_queue": 4.0,
  "min_ramp_queue": 0.0,
  "avg_throughput": 368.9010979150746,
  "max_throughput": 451.01017309303376,
  "min_throughput": 75.17868214166228,
  "avg_occupancy": 0.11624012967445344,
  "max_occupancy": 0.15822296941225408,
  "min_occupancy": 0.027833832022823742,
  "avg_metering_rate": 717.456161417067,
  "max_metering_rate": 1200.0,
  "min_metering_rate": 200.0,
  "total_reward": 222.4263477472728,
  "episode_steps": 240
}