{
  "avg_reward": -0.29898762262911993,
  "max_reward": -0.049808267704219034,
  "min_reward": -0.885059548504964,
  "avg_mainline_speed": 8.192690564489519,
  "max_mainline_speed": 22.75581515404137,
  "min_mainline_speed": 5.611855607448452,
  "avg_bottleneck_speed": 11.617187744153142,
  "max_bottleneck_speed": 30.56,
  "min_bottleneck_speed": 6.643382561167871,
  "avg_ramp_queue": 0.3875,
  "max_ramp_queue": 5.0,
  "min_ramp_queue": 0.0,
  "avg_throughput": 363.5207496161244,
  "max_throughput": 453.2111791710197,
  "min_throughput": 71.47445462124098,
  "avg_occupancy": 0.1528643574745952,
  "max_occupancy": 0.1930980149337135,
  "min_occupancy": 0.034792290028529675,
  "avg_metering_rate": 2207.3036032542586,
  "max_metering_rate": 3239.9999141693115,
  "min_metering_rate": 360.00000536441803,
  "total_reward": -71.75702943098878,
  "episode_steps": 240
}