{
  "avg_reward": -8.548708333333332,
  "max_reward": -1.8,
  "min_reward": -11.263333333333334,
  "avg_mainline_speed": 10.662246729936118,
  "max_mainline_speed": 23.890745119325263,
  "min_mainline_speed": 7.0854917083793465,
  "avg_merge_speed": 11.656059225236787,
  "max_merge_speed": 30.56,
  "min_merge_speed": 6.741495833417034,
  "avg_bottleneck_speed": 12.117221163790209,
  "max_bottleneck_speed": 30.56,
  "min_bottleneck_speed": 8.14414929506365,
  "avg_ramp_queue": 1.4,
  "max_ramp_queue": 6.0,
  "min_ramp_queue": 0.0,
  "avg_throughput": 365.1779159302989,
  "max_throughput": 427.1806785470242,
  "min_throughput": 84.41788286380638,
  "avg_occupancy": 0.10829714618454721,
  "max_occupancy": 0.16342214562862614,
  "min_occupancy": 0.027833832022823742,
  "avg_metering_rate": 373.5188141465187,
  "max_metering_rate": 1200.0,
  "min_metering_rate": 200.0,
  "total_reward": -2051.6899999999996,
  "episode_steps": 240
}