{
  "avg_reward": 0.9373884872477504,
  "max_reward": 2.2810360126240496,
  "min_reward": 0.5967570501085412,
  "avg_mainline_speed": 10.49709731303835,
  "max_mainline_speed": 22.591080378721486,
  "min_mainline_speed": 7.1419873605819175,
  "avg_merge_speed": 11.34554665259044,
  "max_merge_speed": 30.56,
  "min_merge_speed": 4.514411961407336,
  "avg_bottleneck_speed": 12.13720486959611,
  "max_bottleneck_speed": 30.56,
  "min_bottleneck_speed": 7.507590239552572,
  "avg_ramp_queue": 1.1625,
  "max_ramp_queue": 6.0,
  "min_ramp_queue": 0.0,
  "avg_throughput": 363.94664931644076,
  "max_throughput": 443.32532601255554,
  "min_throughput": 46.572687953151245,
  "avg_occupancy": 0.11105892945027364,
  "max_occupancy": 0.15781512546367304,
  "min_occupancy": 0.024354603019970774,
  "avg_metering_rate": 610.0123643254241,
  "max_metering_rate": 1200.0,
  "min_metering_rate": 200.0,
  "total_reward": 224.9732369394601,
  "episode_steps": 240
}