{
  "avg_reward": 0.9855466697177325,
  "max_reward": 2.2985874229692986,
  "min_reward": 0.60652040270188,
  "avg_mainline_speed": 11.53755336067591,
  "max_mainline_speed": 23.11762268907896,
  "min_mainline_speed": 6.663892078733959,
  "avg_bottleneck_speed": 12.715231153904046,
  "max_bottleneck_speed": 30.56,
  "min_bottleneck_speed": 7.7193994385317195,
  "avg_ramp_queue": 2.9,
  "max_ramp_queue": 11.0,
  "min_ramp_queue": 0.0,
  "avg_throughput": 348.98068471915207,
  "max_throughput": 451.8297629335929,
  "min_throughput": 57.63007647065824,
  "avg_occupancy": 0.09899445048431058,
  "max_occupancy": 0.15569750648550099,
  "min_occupancy": 0.024354603019970774,
  "avg_metering_rate": 808.851687759161,
  "max_metering_rate": 3239.9999141693115,
  "min_metering_rate": 360.00000536441803,
  "total_reward": 236.5312007322558,
  "episode_steps": 240
}