{
  "avg_reward": 1.0111746372263775,
  "max_reward": 2.2831028992338656,
  "min_reward": 0.6872090320715687,
  "avg_mainline_speed": 11.716974352057878,
  "max_mainline_speed": 22.65308697701597,
  "min_mainline_speed": 7.495180278826294,
  "avg_bottleneck_speed": 12.987176509822298,
  "max_bottleneck_speed": 30.56,
  "min_bottleneck_speed": 8.436946131981031,
  "avg_ramp_queue": 2.3958333333333335,
  "max_ramp_queue": 10.0,
  "min_ramp_queue": 0.0,
  "avg_throughput": 353.79214592049334,
  "max_throughput": 450.7747183670767,
  "min_throughput": 47.87482651733535,
  "avg_occupancy": 0.09765176800663185,
  "max_occupancy": 0.14380362012548092,
  "min_occupancy": 0.024354603019970774,
  "avg_metering_rate": 909.3848662823439,
  "max_metering_rate": 3239.9999141693115,
  "min_metering_rate": 360.00000536441803,
  "total_reward": 242.6819129343306,
  "episode_steps": 240
}