{
  "avg_reward": 0.9026956565128713,
  "max_reward": 2.3154473183857354,
  "min_reward": 0.5434886297800213,
  "avg_mainline_speed": 9.899533123746998,
  "max_mainline_speed": 23.623419551572052,
  "min_mainline_speed": 6.208181584809087,
  "avg_merge_speed": 10.652151151441236,
  "max_merge_speed": 30.56,
  "min_merge_speed": 4.650314288862419,
  "avg_bottleneck_speed": 11.840335492203872,
  "max_bottleneck_speed": 30.56,
  "min_bottleneck_speed": 6.9213184129142435,
  "avg_ramp_queue": 1.1583333333333334,
  "max_ramp_queue": 5.0,
  "min_ramp_queue": 0.0,
  "avg_throughput": 365.1905112820008,
  "max_throughput": 442.8427728919836,
  "min_throughput": 87.75232789244534,
  "avg_occupancy": 0.12060273544863348,
  "max_occupancy": 0.16947076958417565,
  "min_occupancy": 0.03131306102567671,
  "avg_metering_rate": 647.8263296186924,
  "max_metering_rate": 1200.0,
  "min_metering_rate": 200.0,
  "total_reward": 216.6469575630891,
  "episode_steps": 240
}