{
  "avg_reward": 0.8953588817476291,
  "max_reward": 2.3521788972046123,
  "min_reward": 0.5635691201692402,
  "avg_mainline_speed": 10.038932193458901,
  "max_mainline_speed": 24.72536691613837,
  "min_mainline_speed": 6.889327852873207,
  "avg_merge_speed": 10.730527329157601,
  "max_merge_speed": 30.56,
  "min_merge_speed": 5.430436056692802,
  "avg_bottleneck_speed": 11.596500617091094,
  "max_bottleneck_speed": 30.56,
  "min_bottleneck_speed": 7.345163834802666,
  "avg_ramp_queue": 1.1458333333333333,
  "max_ramp_queue": 5.0,
  "min_ramp_queue": 0.0,
  "avg_throughput": 365.0953506840118,
  "max_throughput": 444.8730190057577,
  "min_throughput": 130.5610074841511,
  "avg_occupancy": 0.11510654045597786,
  "max_occupancy": 0.14978143461470472,
  "min_occupancy": 0.034792290028529675,
  "avg_metering_rate": 705.1233135163784,
  "max_metering_rate": 1200.0,
  "min_metering_rate": 200.0,
  "total_reward": 214.88613161943098,
  "episode_steps": 240
}