{
  "avg_reward": 0.9647851295112131,
  "max_reward": 2.3040408604411997,
  "min_reward": 0.6148898662373798,
  "avg_mainline_speed": 10.990470818749452,
  "max_mainline_speed": 23.281225813235988,
  "min_mainline_speed": 7.533325292483273,
  "avg_merge_speed": 12.007503109594802,
  "max_merge_speed": 30.56,
  "min_merge_speed": 7.121215209955532,
  "avg_bottleneck_speed": 12.378444266613519,
  "max_bottleneck_speed": 30.56,
  "min_bottleneck_speed": 7.579528709325581,
  "avg_ramp_queue": 1.2291666666666667,
  "max_ramp_queue": 6.0,
  "min_ramp_queue": 0.0,
  "avg_throughput": 364.43167895321665,
  "max_throughput": 443.4331101521851,
  "min_throughput": 69.78941951766367,
  "avg_occupancy": 0.10449057323316303,
  "max_occupancy": 0.14928808508263935,
  "min_occupancy": 0.027833832022823742,
  "avg_metering_rate": 692.654930241406,
  "max_metering_rate": 1200.0,
  "min_metering_rate": 200.0,
  "total_reward": 231.54843108269114,
  "episode_steps": 240
}