{
  "avg_reward": 0.9363794027377264,
  "max_reward": 2.3345815000643815,
  "min_reward": 0.6480215906602468,
  "avg_mainline_speed": 10.364142598743586,
  "max_mainline_speed": 24.19744500193144,
  "min_mainline_speed": 7.058897278768644,
  "avg_merge_speed": 11.076678662845088,
  "max_merge_speed": 30.56,
  "min_merge_speed": 5.5574815599945,
  "avg_bottleneck_speed": 12.138992988925471,
  "max_bottleneck_speed": 30.56,
  "min_bottleneck_speed": 8.07115929287474,
  "avg_ramp_queue": 0.9625,
  "max_ramp_queue": 4.0,
  "min_ramp_queue": 0.0,
  "avg_throughput": 371.23980192122815,
  "max_throughput": 437.37728921747896,
  "min_throughput": 114.72335005794332,
  "avg_occupancy": 0.11391607093312207,
  "max_occupancy": 0.161767624199201,
  "min_occupancy": 0.034792290028529675,
  "avg_metering_rate": 678.1682475159565,
  "max_metering_rate": 1200.0,
  "min_metering_rate": 200.0,
  "total_reward": 224.73105665705432,
  "episode_steps": 240
}