{
  "avg_reward": 0.10754405696712416,
  "std_reward": 0.14563633132866277,
  "max_reward": 0.44536131844498916,
  "min_reward": -0.48795763876397463,
  "avg_mainline_speed": 7.381601013166867,
  "std_mainline_speed": 2.107835790536728,
  "max_mainline_speed": 25.233103666878964,
  "min_mainline_speed": 4.54826405623933,
  "avg_merge_speed": 7.2508022320312975,
  "std_merge_speed": 2.9201675171350456,
  "max_merge_speed": 30.56,
  "min_merge_speed": 2.713070773530085,
  "avg_bottleneck_speed": 10.996210676259215,
  "std_bottleneck_speed": 2.7503024356350445,
  "max_bottleneck_speed": 30.56,
  "min_bottleneck_speed": 6.298877445515796,
  "avg_ramp_queue": 0.20277777777777778,
  "std_ramp_queue": 0.4222861793664939,
  "max_ramp_queue": 2.0,
  "min_ramp_queue": 0.0,
  "avg_throughput": 346.0541341570548,
  "std_throughput": 40.567731340471724,
  "max_throughput": 438.047882876377,
  "min_throughput": 58.31724400254761,
  "avg_occupancy": 0.16704784633829214,
  "std_occupancy": 0.02739269568300892,
  "max_occupancy": 0.21787748664215925,
  "min_occupancy": 0.013916916011411871,
  "avg_metering_rate": 1200.0,
  "std_metering_rate": 0.0,
  "max_metering_rate": 1200.0,
  "min_metering_rate": 1200.0,
  "avg_bottleneck_flow": 16.008333333333333,
  "std_bottleneck_flow": 3.7002158345456313,
  "max_bottleneck_flow": 25.0,
  "min_bottleneck_flow": 0.0,
  "avg_total_delay": 52.33888888888889,
  "std_total_delay": 41.966774409298935,
  "max_total_delay": 252.0,
  "min_total_delay": 0.0,
  "avg_action_diversity": 0.0,
  "std_action_diversity": 0.0,
  "max_action_diversity": 0.0,
  "min_action_diversity": 0.0,
  "total_reward": 77.43172101632939,
  "episode_steps": 720,
  "episode_number": 1,
  "demand_scale": 1.1220818837093605,
  "total_tts": 37684.0
}