{
  "avg_reward": 0.9572893753620485,
  "std_reward": 0.16016084268602596,
  "max_reward": 1.3673384971007336,
  "min_reward": 0.31506453456721173,
  "avg_mainline_speed": 10.683336350166535,
  "std_mainline_speed": 1.9962839349923467,
  "max_mainline_speed": 23.347291107912742,
  "min_mainline_speed": 7.425474121387908,
  "avg_merge_speed": 11.605059146447886,
  "std_merge_speed": 3.2586598989602678,
  "max_merge_speed": 30.56,
  "min_merge_speed": 4.505310458813148,
  "avg_bottleneck_speed": 12.25980086944534,
  "std_bottleneck_speed": 2.763944578041668,
  "max_bottleneck_speed": 30.56,
  "min_bottleneck_speed": 8.524653531453128,
  "avg_ramp_queue": 0.9930555555555556,
  "std_ramp_queue": 0.9595754832344829,
  "max_ramp_queue": 6.0,
  "min_ramp_queue": 0.0,
  "avg_throughput": 365.2911014796204,
  "std_throughput": 44.02743597457386,
  "max_throughput": 470.9516039647177,
  "min_throughput": 27.719932323722414,
  "avg_occupancy": 0.10897483662098642,
  "std_occupancy": 0.018948617597988934,
  "max_occupancy": 0.15798860242091628,
  "min_occupancy": 0.013916916011411871,
  "avg_metering_rate": 600.0,
  "std_metering_rate": 0.0,
  "max_metering_rate": 600.0,
  "min_metering_rate": 600.0,
  "avg_bottleneck_flow": 14.219444444444445,
  "std_bottleneck_flow": 3.6638867829157453,
  "max_bottleneck_flow": 21.0,
  "min_bottleneck_flow": 0.0,
  "avg_total_delay": 82.70555555555555,
  "std_total_delay": 33.26863675232312,
  "max_total_delay": 182.0,
  "min_total_delay": 0.0,
  "avg_action_diversity": 2.312964634635743e-19,
  "std_action_diversity": 3.575756550517779e-18,
  "max_action_diversity": 5.551115123125783e-17,
  "min_action_diversity": 0.0,
  "total_reward": 689.2483502606749,
  "episode_steps": 720,
  "episode_number": 1,
  "demand_scale": 1.1727968183992925,
  "total_tts": 59548.0
}