{
  "avg_reward": -1.0986145762225865,
  "std_reward": 0.3538393921052301,
  "max_reward": -0.04515491403781766,
  "min_reward": -2.24712437884525,
  "avg_mainline_speed": 7.531952720061411,
  "std_mainline_speed": 2.0179022431283284,
  "max_mainline_speed": 23.246708002003775,
  "min_mainline_speed": 4.02534823990105,
  "avg_merge_speed": 7.493667117918425,
  "std_merge_speed": 2.781239992695589,
  "max_merge_speed": 30.56,
  "min_merge_speed": 3.2155558922471914,
  "avg_bottleneck_speed": 11.062050801056692,
  "std_bottleneck_speed": 2.788257025644433,
  "max_bottleneck_speed": 30.56,
  "min_bottleneck_speed": 5.279340965481855,
  "avg_ramp_queue": 0.21805555555555556,
  "std_ramp_queue": 0.42616715189937465,
  "max_ramp_queue": 2.0,
  "min_ramp_queue": 0.0,
  "avg_throughput": 351.9802815331472,
  "std_throughput": 44.71306227200636,
  "max_throughput": 455.0819173391893,
  "min_throughput": 14.84508596218234,
  "avg_occupancy": 0.1640269354075619,
  "std_occupancy": 0.026747220004993816,
  "max_occupancy": 0.23072665693748565,
  "min_occupancy": 0.010437687008558903,
  "avg_metering_rate": 411.4081535860896,
  "std_metering_rate": 9.09015191042709,
  "max_metering_rate": 511.5205407142639,
  "min_metering_rate": 400.0,
  "avg_bottleneck_flow": 16.130555555555556,
  "std_bottleneck_flow": 3.681735659866933,
  "max_bottleneck_flow": 28.0,
  "min_bottleneck_flow": 0.0,
  "avg_total_delay": 36.69861111111111,
  "std_total_delay": 22.275035809021944,
  "max_total_delay": 128.0,
  "min_total_delay": 0.0,
  "total_reward": -791.0024948802624,
  "episode_steps": 720,
  "episode_number": 10,
  "total_tts": 26423.0
}