{
  "avg_reward": -1.1246802907095144,
  "std_reward": 0.37528195576208573,
  "max_reward": -0.04422079585312076,
  "min_reward": -2.957355615239919,
  "avg_mainline_speed": 7.500057759499525,
  "std_mainline_speed": 1.7977880350374171,
  "max_mainline_speed": 24.091946943125283,
  "min_mainline_speed": 5.23709389749257,
  "avg_merge_speed": 7.290698810386513,
  "std_merge_speed": 2.7490574592801393,
  "max_merge_speed": 30.56,
  "min_merge_speed": 3.527188895035645,
  "avg_bottleneck_speed": 11.268740536504417,
  "std_bottleneck_speed": 2.758688409772306,
  "max_bottleneck_speed": 30.56,
  "min_bottleneck_speed": 6.403476949697205,
  "avg_ramp_queue": 0.18888888888888888,
  "std_ramp_queue": 0.3984538017120246,
  "max_ramp_queue": 2.0,
  "min_ramp_queue": 0.0,
  "avg_throughput": 353.7405267362489,
  "std_throughput": 44.10713866756996,
  "max_throughput": 438.3930839035809,
  "min_throughput": 55.77920414687924,
  "avg_occupancy": 0.16511508820199514,
  "std_occupancy": 0.02087560226034906,
  "max_occupancy": 0.1967555091230814,
  "min_occupancy": 0.017396145014264838,
  "avg_metering_rate": 410.9154487869495,
  "std_metering_rate": 7.995670692282017,
  "max_metering_rate": 511.5205407142639,
  "min_metering_rate": 400.2532527782023,
  "avg_bottleneck_flow": 15.852777777777778,
  "std_bottleneck_flow": 3.5944390777909447,
  "max_bottleneck_flow": 25.0,
  "min_bottleneck_flow": 0.0,
  "avg_total_delay": 39.263888888888886,
  "std_total_delay": 32.53899073741957,
  "max_total_delay": 215.0,
  "min_total_delay": 0.0,
  "total_reward": -809.7698093108504,
  "episode_steps": 720,
  "episode_number": 9,
  "total_tts": 28270.0
}