{
  "avg_reward": -1.050542048266905,
  "std_reward": 0.31565321182781225,
  "max_reward": -0.05057327446340304,
  "min_reward": -2.0789931864607207,
  "avg_mainline_speed": 7.667369712185602,
  "std_mainline_speed": 1.9294746518193535,
  "max_mainline_speed": 22.910438888009953,
  "min_mainline_speed": 5.138342807598562,
  "avg_merge_speed": 7.603541495153983,
  "std_merge_speed": 2.797519040660764,
  "max_merge_speed": 30.56,
  "min_merge_speed": 3.3551841568764016,
  "avg_bottleneck_speed": 11.355329778335662,
  "std_bottleneck_speed": 2.8732798764418783,
  "max_bottleneck_speed": 30.56,
  "min_bottleneck_speed": 6.957015293464665,
  "avg_ramp_queue": 0.20277777777777778,
  "std_ramp_queue": 0.40891870362315236,
  "max_ramp_queue": 2.0,
  "min_ramp_queue": 0.0,
  "avg_throughput": 355.35187713629784,
  "std_throughput": 44.54362542865253,
  "max_throughput": 443.96995797160275,
  "min_throughput": 9.426725536596962,
  "avg_occupancy": 0.16188970082410578,
  "std_occupancy": 0.023199109652164488,
  "max_occupancy": 0.2040831131599771,
  "min_occupancy": 0.010437687008558903,
  "avg_metering_rate": 411.76010569822716,
  "std_metering_rate": 8.470969180089558,
  "max_metering_rate": 511.5205407142639,
  "min_metering_rate": 400.0,
  "avg_bottleneck_flow": 15.866666666666667,
  "std_bottleneck_flow": 3.4755495169029667,
  "max_bottleneck_flow": 23.0,
  "min_bottleneck_flow": 0.0,
  "avg_total_delay": 33.736111111111114,
  "std_total_delay": 21.775045002859198,
  "max_total_delay": 115.0,
  "min_total_delay": 0.0,
  "total_reward": -756.3902747521715,
  "episode_steps": 720,
  "episode_number": 5,
  "total_tts": 24290.0
}