{
  "avg_reward": -1.051436629953754,
  "std_reward": 0.29875811977170913,
  "max_reward": -0.04535373381007929,
  "min_reward": -2.1971041905863014,
  "avg_mainline_speed": 7.645470394009529,
  "std_mainline_speed": 2.0319987416348337,
  "max_mainline_speed": 24.08451482505879,
  "min_mainline_speed": 5.1561237703292475,
  "avg_merge_speed": 7.218608078738514,
  "std_merge_speed": 2.7580060904908787,
  "max_merge_speed": 30.56,
  "min_merge_speed": 2.8404016311228366,
  "avg_bottleneck_speed": 11.500136370981307,
  "std_bottleneck_speed": 2.650696364924428,
  "max_bottleneck_speed": 30.56,
  "min_bottleneck_speed": 6.869869787381181,
  "avg_ramp_queue": 0.19305555555555556,
  "std_ramp_queue": 0.4051153432764855,
  "max_ramp_queue": 2.0,
  "min_ramp_queue": 0.0,
  "avg_throughput": 356.80926514312154,
  "std_throughput": 37.482876511835514,
  "max_throughput": 448.31857416204593,
  "min_throughput": 55.66772237588185,
  "avg_occupancy": 0.16317440379530748,
  "std_occupancy": 0.025932386924149616,
  "max_occupancy": 0.2057594688279117,
  "min_occupancy": 0.017396145014264838,
  "avg_metering_rate": 411.5903396595321,
  "std_metering_rate": 9.276746223244999,
  "max_metering_rate": 511.5205407142639,
  "min_metering_rate": 400.0,
  "avg_bottleneck_flow": 15.7375,
  "std_bottleneck_flow": 3.4073832212809094,
  "max_bottleneck_flow": 25.0,
  "min_bottleneck_flow": 0.0,
  "avg_total_delay": 33.59166666666667,
  "std_total_delay": 18.73766075462878,
  "max_total_delay": 131.0,
  "min_total_delay": 0.0,
  "total_reward": -757.0343735667029,
  "episode_steps": 720,
  "episode_number": 4,
  "total_tts": 24186.0
}