{
  "avg_reward": -0.9921866565776204,
  "std_reward": 0.3247374448846661,
  "max_reward": -0.0351934500329551,
  "min_reward": -2.732002600122848,
  "avg_mainline_speed": 7.902754148577393,
  "std_mainline_speed": 2.1157007703110358,
  "max_mainline_speed": 24.254408691071202,
  "min_mainline_speed": 5.540423070109305,
  "avg_merge_speed": 7.801132402727939,
  "std_merge_speed": 3.1397018889291295,
  "max_merge_speed": 30.56,
  "min_merge_speed": 3.4953041919147285,
  "avg_bottleneck_speed": 11.76755807010432,
  "std_bottleneck_speed": 2.6698267477151947,
  "max_bottleneck_speed": 30.56,
  "min_bottleneck_speed": 7.568097991193574,
  "avg_ramp_queue": 0.19444444444444445,
  "std_ramp_queue": 0.3992663024184655,
  "max_ramp_queue": 2.0,
  "min_ramp_queue": 0.0,
  "avg_throughput": 356.96434300481644,
  "std_throughput": 37.70846045546125,
  "max_throughput": 429.7073943050639,
  "min_throughput": 46.57290429285442,
  "avg_occupancy": 0.16025983855291026,
  "std_occupancy": 0.024937144983961716,
  "max_occupancy": 0.19430537586786478,
  "min_occupancy": 0.013916916011411871,
  "avg_metering_rate": 412.79099284024494,
  "std_metering_rate": 9.424831685532709,
  "max_metering_rate": 511.5205407142639,
  "min_metering_rate": 401.85574796050787,
  "avg_bottleneck_flow": 15.355555555555556,
  "std_bottleneck_flow": 3.379056775397245,
  "max_bottleneck_flow": 24.0,
  "min_bottleneck_flow": 0.0,
  "avg_total_delay": 29.595833333333335,
  "std_total_delay": 23.4763293168767,
  "max_total_delay": 190.0,
  "min_total_delay": 0.0,
  "total_reward": -714.3743927358867,
  "episode_steps": 720,
  "episode_number": 3,
  "total_tts": 21309.0
}