{
  "avg_reward": -1.007112651220527,
  "std_reward": 0.3494648656432841,
  "max_reward": -0.022966088347692412,
  "min_reward": -2.5255172522208267,
  "avg_mainline_speed": 7.976504532337736,
  "std_mainline_speed": 1.8745908098570185,
  "max_mainline_speed": 24.66908886175433,
  "min_mainline_speed": 4.596054966218692,
  "avg_merge_speed": 7.816605335981161,
  "std_merge_speed": 2.7187040467929897,
  "max_merge_speed": 30.56,
  "min_merge_speed": 3.5107931897371984,
  "avg_bottleneck_speed": 11.877082059611961,
  "std_bottleneck_speed": 2.6058958678874373,
  "max_bottleneck_speed": 30.56,
  "min_bottleneck_speed": 7.175415170921077,
  "avg_ramp_queue": 0.19166666666666668,
  "std_ramp_queue": 0.40405926408002196,
  "max_ramp_queue": 2.0,
  "min_ramp_queue": 0.0,
  "avg_throughput": 359.444061342408,
  "std_throughput": 43.13968945916446,
  "max_throughput": 446.0219575045584,
  "min_throughput": 38.66179975578896,
  "avg_occupancy": 0.1581213302729565,
  "std_occupancy": 0.02326147403000279,
  "max_occupancy": 0.21063377516604417,
  "min_occupancy": 0.010437687008558903,
  "avg_metering_rate": 413.22029214442915,
  "std_metering_rate": 8.542168166088445,
  "max_metering_rate": 511.5205407142639,
  "min_metering_rate": 400.0,
  "avg_bottleneck_flow": 15.290277777777778,
  "std_bottleneck_flow": 3.379335064534895,
  "max_bottleneck_flow": 24.0,
  "min_bottleneck_flow": 0.0,
  "avg_total_delay": 32.46388888888889,
  "std_total_delay": 24.055810718431164,
  "max_total_delay": 149.0,
  "min_total_delay": 0.0,
  "total_reward": -725.1211088787794,
  "episode_steps": 720,
  "episode_number": 7,
  "total_tts": 23374.0
}