{
  "avg_reward": -1.0112925504747616,
  "std_reward": 0.3366890174085636,
  "max_reward": -0.04058285442188827,
  "min_reward": -2.88360589091707,
  "avg_mainline_speed": 7.968097994345137,
  "std_mainline_speed": 1.839225998251982,
  "max_mainline_speed": 23.134663674427557,
  "min_mainline_speed": 5.429242518956518,
  "avg_merge_speed": 7.752416883758812,
  "std_merge_speed": 2.694347291816288,
  "max_merge_speed": 30.56,
  "min_merge_speed": 3.7344231051213743,
  "avg_bottleneck_speed": 11.976799967438394,
  "std_bottleneck_speed": 2.76393816713428,
  "max_bottleneck_speed": 30.56,
  "min_bottleneck_speed": 7.08317781197871,
  "avg_ramp_queue": 0.1986111111111111,
  "std_ramp_queue": 0.4024208188353316,
  "max_ramp_queue": 2.0,
  "min_ramp_queue": 0.0,
  "avg_throughput": 361.16699539753085,
  "std_throughput": 42.66053072468445,
  "max_throughput": 453.41250821609975,
  "min_throughput": 19.417145578111736,
  "avg_occupancy": 0.159091491974316,
  "std_occupancy": 0.02135208449703575,
  "max_occupancy": 0.1921121694422547,
  "min_occupancy": 0.010437687008558903,
  "avg_metering_rate": 413.03364369759544,
  "std_metering_rate": 8.146099085488805,
  "max_metering_rate": 511.5205407142639,
  "min_metering_rate": 402.2363446652889,
  "avg_bottleneck_flow": 15.2375,
  "std_bottleneck_flow": 3.314611486366925,
  "max_bottleneck_flow": 23.0,
  "min_bottleneck_flow": 0.0,
  "avg_total_delay": 32.455555555555556,
  "std_total_delay": 27.2448409432812,
  "max_total_delay": 218.0,
  "min_total_delay": 0.0,
  "total_reward": -728.1306363418284,
  "episode_steps": 720,
  "episode_number": 6,
  "total_tts": 23368.0
}