{
  "avg_reward": -1.016612899369774,
  "std_reward": 0.3002605475536643,
  "max_reward": -0.028705333613332055,
  "min_reward": -1.8507327639724422,
  "avg_mainline_speed": 7.875538490337389,
  "std_mainline_speed": 1.9359665282757064,
  "max_mainline_speed": 24.680451490453095,
  "min_mainline_speed": 4.713277300401092,
  "avg_merge_speed": 7.981404328883079,
  "std_merge_speed": 2.7163756641600405,
  "max_merge_speed": 30.56,
  "min_merge_speed": 3.295110294632985,
  "avg_bottleneck_speed": 11.383680956550805,
  "std_bottleneck_speed": 2.509272812788591,
  "max_bottleneck_speed": 30.56,
  "min_bottleneck_speed": 7.193537083105988,
  "avg_ramp_queue": 0.2013888888888889,
  "std_ramp_queue": 0.41129641094266917,
  "max_ramp_queue": 2.0,
  "min_ramp_queue": 0.0,
  "avg_throughput": 358.36861463122375,
  "std_throughput": 36.58191888090831,
  "max_throughput": 436.6361544418578,
  "min_throughput": 51.68541788543717,
  "avg_occupancy": 0.1585083178780525,
  "std_occupancy": 0.024583845961846686,
  "max_occupancy": 0.2113648439745808,
  "min_occupancy": 0.013916916011411871,
  "avg_metering_rate": 412.8187700288577,
  "std_metering_rate": 8.95108681565032,
  "max_metering_rate": 511.5205407142639,
  "min_metering_rate": 400.0,
  "avg_bottleneck_flow": 15.8125,
  "std_bottleneck_flow": 3.2144827430794454,
  "max_bottleneck_flow": 23.0,
  "min_bottleneck_flow": 0.0,
  "avg_total_delay": 32.37777777777778,
  "std_total_delay": 18.250542017995446,
  "max_total_delay": 105.0,
  "min_total_delay": 0.0,
  "total_reward": -731.9612875462374,
  "episode_steps": 720,
  "episode_number": 8,
  "total_tts": 23312.0
}