{
  "avg_reward": -1.171509312902483,
  "std_reward": 0.5812189965811614,
  "max_reward": -0.02445309075559967,
  "min_reward": -3.92278741664811,
  "avg_mainline_speed": 7.653965921822613,
  "std_mainline_speed": 2.2350657586080103,
  "max_mainline_speed": 24.4928815379986,
  "min_mainline_speed": 4.743828829861673,
  "avg_merge_speed": 7.253166463740674,
  "std_merge_speed": 3.0868730553479153,
  "max_merge_speed": 30.56,
  "min_merge_speed": 2.9687790309055053,
  "avg_bottleneck_speed": 11.384957063738506,
  "std_bottleneck_speed": 2.9202970876318246,
  "max_bottleneck_speed": 30.56,
  "min_bottleneck_speed": 6.011032545263437,
  "avg_ramp_queue": 0.19166666666666668,
  "std_ramp_queue": 0.40748210594658835,
  "max_ramp_queue": 2.0,
  "min_ramp_queue": 0.0,
  "avg_throughput": 350.93385322650295,
  "std_throughput": 41.942729770281396,
  "max_throughput": 434.7494133582894,
  "min_throughput": 37.07593384198739,
  "avg_occupancy": 0.16169056490804973,
  "std_occupancy": 0.02984765542586374,
  "max_occupancy": 0.2156842802165492,
  "min_occupancy": 0.010437687008558903,
  "avg_metering_rate": 412.08542526065787,
  "std_metering_rate": 10.498328310359907,
  "max_metering_rate": 511.5205407142639,
  "min_metering_rate": 400.0,
  "avg_bottleneck_flow": 15.809722222222222,
  "std_bottleneck_flow": 3.8396563692537145,
  "max_bottleneck_flow": 26.0,
  "min_bottleneck_flow": 0.0,
  "avg_total_delay": 45.6625,
  "std_total_delay": 47.5553038796235,
  "max_total_delay": 304.0,
  "min_total_delay": 0.0,
  "total_reward": -843.4867052897878,
  "episode_steps": 720,
  "episode_number": 1,
  "total_tts": 32877.0
}