{
  "avg_reward": -1.0420535319842326,
  "std_reward": 0.4494825236381729,
  "max_reward": -0.021366937546772137,
  "min_reward": -2.966414697975174,
  "avg_mainline_speed": 8.164850374486605,
  "std_mainline_speed": 2.3028661368229657,
  "max_mainline_speed": 24.147000120809896,
  "min_mainline_speed": 4.775968532654404,
  "avg_merge_speed": 8.251040971018792,
  "std_merge_speed": 3.2214595631127843,
  "max_merge_speed": 30.56,
  "min_merge_speed": 3.184842853773725,
  "avg_bottleneck_speed": 11.782697052932301,
  "std_bottleneck_speed": 2.932468634268573,
  "max_bottleneck_speed": 30.56,
  "min_bottleneck_speed": 6.58716185060097,
  "avg_ramp_queue": 0.20694444444444443,
  "std_ramp_queue": 0.418604291030486,
  "max_ramp_queue": 2.0,
  "min_ramp_queue": 0.0,
  "avg_throughput": 357.9676049403387,
  "std_throughput": 43.052727531891584,
  "max_throughput": 458.6728578219663,
  "min_throughput": 18.633062453227865,
  "avg_occupancy": 0.15562929374239237,
  "std_occupancy": 0.028695753730265318,
  "max_occupancy": 0.20872264625554182,
  "min_occupancy": 0.0069584580057059356,
  "avg_metering_rate": 414.1323590037387,
  "std_metering_rate": 10.439154133580857,
  "max_metering_rate": 511.5205407142639,
  "min_metering_rate": 400.0,
  "avg_bottleneck_flow": 15.429166666666667,
  "std_bottleneck_flow": 3.6652246217357236,
  "max_bottleneck_flow": 24.0,
  "min_bottleneck_flow": 0.0,
  "avg_total_delay": 37.013888888888886,
  "std_total_delay": 32.21895277953454,
  "max_total_delay": 208.0,
  "min_total_delay": 0.0,
  "total_reward": -750.2785430286474,
  "episode_steps": 720,
  "episode_number": 2,
  "total_tts": 26650.0
}