{
  "no_control": {
    "avg_mainline_speed": {
      "mean": 9.688350581491505,
      "std": 0.0881894586266735
    },
    "avg_throughput": {
      "mean": 2345.2593444040613,
      "std": 14.237728878166052
    },
    "total_reward": {
      "mean": 153.18733484001123,
      "std": 2.4013498159590276
    },
    "avg_ramp1_queue": {
      "mean": 6.597777777777779,
      "std": 1.0497227735143064
    },
    "avg_ramp2_queue": {
      "mean": 4.098333333333334,
      "std": 0.2995964363796037
    },
    "avg_ramp3_queue": {
      "mean": 1.005,
      "std": 0.16378433576497878
    },
    "total_delay": {
      "mean": 1065009.6,
      "std": 66199.02490097568
    }
  },
  "fixed": {
    "avg_mainline_speed": {
      "mean": 12.459521241967364,
      "std": 0.31515550780778673
    },
    "avg_throughput": {
      "mean": 2552.2907789873125,
      "std": 27.07833511081798
    },
    "total_reward": {
      "mean": 184.10131877675258,
      "std": 4.674368770225766
    },
    "avg_ramp1_queue": {
      "mean": 3.0866666666666664,
      "std": 0.6350741183534951
    },
    "avg_ramp2_queue": {
      "mean": 0.778888888888889,
      "std": 0.27129433699204003
    },
    "avg_ramp3_queue": {
      "mean": 0.42777777777777776,
      "std": 0.02681670752477149
    },
    "total_delay": {
      "mean": 475862.6,
      "std": 68958.56567417858
    }
  },
  "ppo": {
    "avg_mainline_speed": {
      "mean": 9.908034405946633,
      "std": 0.10621588638375992
    },
    "avg_throughput": {
      "mean": 2360.325207347384,
      "std": 10.113846029035495
    },
    "total_reward": {
      "mean": 148.40284649514956,
      "std": 1.4733415386753825
    },
    "avg_ramp1_queue": {
      "mean": 14.821666666666667,
      "std": 0.5809963770312662
    },
    "avg_ramp2_queue": {
      "mean": 5.993888888888889,
      "std": 0.3765191451528949
    },
    "avg_ramp3_queue": {
      "mean": 3.0294444444444446,
      "std": 0.09928136846083851
    },
    "total_delay": {
      "mean": 1248582.4,
      "std": 55660.70420179752
    }
  }
}