{
  "no_control": {
    "avg_mainline_speed": {
      "mean": 14.625962080587632,
      "std": 0.628454143781758
    },
    "avg_throughput": {
      "mean": 2602.8320963035544,
      "std": 47.04034773512166
    },
    "total_reward": {
      "mean": 214.44553606903884,
      "std": 6.019984658432154
    },
    "avg_ramp1_queue": {
      "mean": 1.1155555555555554,
      "std": 0.6038267881797368
    },
    "avg_ramp2_queue": {
      "mean": 0.20777777777777778,
      "std": 0.0725718035235908
    },
    "avg_ramp3_queue": {
      "mean": 0.07722222222222223,
      "std": 0.023921166824012206
    },
    "total_delay": {
      "mean": 245730.4,
      "std": 70024.6520808208
    }
  },
  "fixed": {
    "avg_mainline_speed": {
      "mean": 14.636203720310096,
      "std": 0.5738671641836669
    },
    "avg_throughput": {
      "mean": 2586.29049109677,
      "std": 21.00480490752692
    },
    "total_reward": {
      "mean": 212.90899506610828,
      "std": 5.906372508890083
    },
    "avg_ramp1_queue": {
      "mean": 1.2361111111111112,
      "std": 0.36982227964053016
    },
    "avg_ramp2_queue": {
      "mean": 0.18166666666666667,
      "std": 0.050264731272300085
    },
    "avg_ramp3_queue": {
      "mean": 0.06944444444444445,
      "std": 0.013028932666176192
    },
    "total_delay": {
      "mean": 256053.2,
      "std": 45455.31515411591
    }
  },
  "ddpg": {
    "avg_mainline_speed": {
      "mean": 14.548533530044102,
      "std": 0.4611659205253671
    },
    "avg_throughput": {
      "mean": 2611.6640189532804,
      "std": 25.669174966694346
    },
    "total_reward": {
      "mean": 209.9350504492125,
      "std": 5.685496270009009
    },
    "avg_ramp1_queue": {
      "mean": 1.0466666666666666,
      "std": 0.39797093386016374
    },
    "avg_ramp2_queue": {
      "mean": 0.1788888888888889,
      "std": 0.036200743461433135
    },
    "avg_ramp3_queue": {
      "mean": 0.3388888888888889,
      "std": 0.0483684419103976
    },
    "total_delay": {
      "mean": 215885.6,
      "std": 49521.30857560208
    }
  }
}