{
  "steps": [
    1000,
    1500,
    2000,
    2500,
    3000,
    3500,
    4000
  ],
  "avg_reward": [
    -852.88911,
    -920.6477239999999,
    -920.6477239999999,
    -933.6406886666667,
    -977.5972447500001,
    -977.5972447500001,
    -952.0840970000002
  ],
  "avg_ep_length": [
    720.0,
    720.0,
    720.0,
    720.0,
    720.0,
    720.0,
    720.0
  ],
  "success_rate": [
    0.0,
    0.0,
    0.0,
    0.0,
    0.0,
    0.0,
    0.0
  ]
}