{
  "total_reward": 175.20071774265472,
  "avg_reward": 0.4866686603962631,
  "avg_mainline_speed": 11.859730158402984,
  "avg_throughput": 2507.7180161962724,
  "avg_ramp1_queue": 4.183333333333334,
  "avg_ramp1_rate": 600.0000059604645,
  "avg_ramp2_queue": 1.1527777777777777,
  "avg_ramp2_rate": 600.0000059604645,
  "avg_ramp3_queue": 0.4527777777777778,
  "avg_ramp3_rate": 600.0000059604645,
  "total_delay": 590964.0,
  "episode_steps": 360,
  "episode_number": 2
}