{
  "avg_reward": 0.1599002335465818,
  "std_reward": 0.15178617551666204,
  "max_reward": 0.4452835717455841,
  "min_reward": -0.4465799671970448,
  "avg_mainline_speed": 8.316055832970283,
  "std_mainline_speed": 1.9301500391408943,
  "max_mainline_speed": 23.716043821094328,
  "min_mainline_speed": 5.247494510903803,
  "avg_merge_speed": 8.379446725103733,
  "std_merge_speed": 2.7598452275691687,
  "max_merge_speed": 30.56,
  "min_merge_speed": 4.169555794932792,
  "avg_bottleneck_speed": 12.06548982489775,
  "std_bottleneck_speed": 2.8265837741555244,
  "max_bottleneck_speed": 30.56,
  "min_bottleneck_speed": 6.830241329268616,
  "avg_ramp_queue": 0.22361111111111112,
  "std_ramp_queue": 0.44565590100296604,
  "max_ramp_queue": 3.0,
  "min_ramp_queue": 0.0,
  "avg_throughput": 363.13466649707397,
  "std_throughput": 43.51174122128437,
  "max_throughput": 441.72459207696596,
  "min_throughput": 12.752571599467284,
  "avg_occupancy": 0.15267588473443036,
  "std_occupancy": 0.02409986427597399,
  "max_occupancy": 0.19642115328951057,
  "min_occupancy": 0.010437687008558903,
  "avg_metering_rate": 1200.0,
  "std_metering_rate": 0.0,
  "max_metering_rate": 1200.0,
  "min_metering_rate": 1200.0,
  "avg_bottleneck_flow": 15.197222222222223,
  "std_bottleneck_flow": 3.473309829663848,
  "max_bottleneck_flow": 25.0,
  "min_bottleneck_flow": 0.0,
  "avg_total_delay": 30.07638888888889,
  "std_total_delay": 14.004800695312737,
  "max_total_delay": 74.0,
  "min_total_delay": 0.0,
  "avg_action_diversity": 0.0,
  "std_action_diversity": 0.0,
  "max_action_diversity": 0.0,
  "min_action_diversity": 0.0,
  "total_reward": 115.1281681535389,
  "episode_steps": 720,
  "episode_number": 1,
  "demand_scale": 0.9197882557728589,
  "total_tts": 21655.0
}