{
  "total_reward": 150.59005203937485,
  "avg_reward": 0.41830570010937457,
  "avg_mainline_speed": 10.004121006916261,
  "avg_throughput": 2369.064851967963,
  "avg_ramp1_queue": 14.672222222222222,
  "avg_ramp1_rate": 345.72090493411656,
  "avg_ramp2_queue": 5.727777777777778,
  "avg_ramp2_rate": 247.50897165180908,
  "avg_ramp3_queue": 3.036111111111111,
  "avg_ramp3_rate": 213.04238338715447,
  "total_delay": 1200484.0,
  "episode_steps": 360,
  "episode_number": 1
}