{
  "total_reward": 148.9050791186685,
  "avg_reward": 0.4136252197740792,
  "avg_mainline_speed": 9.924010049213596,
  "avg_throughput": 2370.228078048238,
  "avg_ramp1_queue": 14.122222222222222,
  "avg_ramp1_rate": 342.7628656901005,
  "avg_ramp2_queue": 5.572222222222222,
  "avg_ramp2_rate": 247.63235381493965,
  "avg_ramp3_queue": 2.886111111111111,
  "avg_ramp3_rate": 212.65296466250825,
  "total_delay": 1215009.0,
  "episode_steps": 360,
  "episode_number": 4
}