{
  "avg_reward": -1.040276739998688,
  "std_reward": 0.2803985898539931,
  "max_reward": -0.07065125636576913,
  "min_reward": -1.973995301619478,
  "avg_mainline_speed": 7.872825711727171,
  "std_mainline_speed": 2.066605504248433,
  "max_mainline_speed": 24.254408691071202,
  "min_mainline_speed": 5.716186431771269,
  "avg_merge_speed": 7.690055557438485,
  "std_merge_speed": 3.004716321867851,
  "max_merge_speed": 30.56,
  "min_merge_speed": 3.758708070838257,
  "avg_bottleneck_speed": 11.723215376078624,
  "std_bottleneck_speed": 2.692266042053065,
  "max_bottleneck_speed": 30.56,
  "min_bottleneck_speed": 7.95422324229857,
  "avg_ramp_queue": 0.2111111111111111,
  "std_ramp_queue": 0.4312628598905633,
  "max_ramp_queue": 2.0,
  "min_ramp_queue": 0.0,
  "avg_throughput": 357.11264975157087,
  "std_throughput": 38.778494523762625,
  "max_throughput": 442.26891930210746,
  "min_throughput": 46.57290429285442,
  "avg_occupancy": 0.15987485840833024,
  "std_occupancy": 0.024365654496402153,
  "max_occupancy": 0.18923746470600045,
  "min_occupancy": 0.013916916011411871,
  "avg_metering_rate": 1200.0,
  "std_metering_rate": 0.0,
  "max_metering_rate": 1200.0,
  "min_metering_rate": 1200.0,
  "avg_bottleneck_flow": 15.379166666666666,
  "std_bottleneck_flow": 3.3207026323087443,
  "max_bottleneck_flow": 22.0,
  "min_bottleneck_flow": 0.0,
  "avg_total_delay": 33.72222222222222,
  "std_total_delay": 17.553902875794872,
  "max_total_delay": 113.0,
  "min_total_delay": 0.0,
  "total_reward": -748.9992527990554,
  "episode_steps": 720,
  "episode_number": 3,
  "total_tts": 24280.0
}