{
  "avg_reward": -1.1039626478826934,
  "std_reward": 0.3112552101765641,
  "max_reward": -0.07283445795977485,
  "min_reward": -1.9823742097355272,
  "avg_mainline_speed": 7.838697546091639,
  "std_mainline_speed": 2.118332441801845,
  "max_mainline_speed": 24.08451482505879,
  "min_mainline_speed": 5.192735691739514,
  "avg_merge_speed": 7.615306000660068,
  "std_merge_speed": 2.9439185729960076,
  "max_merge_speed": 30.56,
  "min_merge_speed": 3.6833958594611014,
  "avg_bottleneck_speed": 11.66513669957027,
  "std_bottleneck_speed": 2.6786220689241054,
  "max_bottleneck_speed": 30.56,
  "min_bottleneck_speed": 7.4471054866813455,
  "avg_ramp_queue": 0.19027777777777777,
  "std_ramp_queue": 0.42643865073361514,
  "max_ramp_queue": 2.0,
  "min_ramp_queue": 0.0,
  "avg_throughput": 358.9841182477936,
  "std_throughput": 37.93047107812075,
  "max_throughput": 458.20157472385705,
  "min_throughput": 55.66772237588185,
  "avg_occupancy": 0.16062096163314135,
  "std_occupancy": 0.02536818414538472,
  "max_occupancy": 0.2025780664555945,
  "min_occupancy": 0.017396145014264838,
  "avg_metering_rate": 1200.0,
  "std_metering_rate": 0.0,
  "max_metering_rate": 1200.0,
  "min_metering_rate": 1200.0,
  "avg_bottleneck_flow": 15.569444444444445,
  "std_bottleneck_flow": 3.2775600210153324,
  "max_bottleneck_flow": 23.0,
  "min_bottleneck_flow": 0.0,
  "avg_total_delay": 39.72638888888889,
  "std_total_delay": 20.401494315201763,
  "max_total_delay": 120.0,
  "min_total_delay": 0.0,
  "total_reward": -794.8531064755392,
  "episode_steps": 720,
  "episode_number": 4,
  "total_tts": 28603.0
}