{
  "avg_reward": -1.099697431698072,
  "std_reward": 0.22343496391262543,
  "max_reward": -0.07302838975199877,
  "min_reward": -1.737432913863267,
  "avg_mainline_speed": 7.614015729118687,
  "std_mainline_speed": 1.814607687027335,
  "max_mainline_speed": 24.091946943125283,
  "min_mainline_speed": 5.302859621725683,
  "avg_merge_speed": 7.671304668949702,
  "std_merge_speed": 2.6768858233157915,
  "max_merge_speed": 30.56,
  "min_merge_speed": 3.5618702761945875,
  "avg_bottleneck_speed": 11.11794471328678,
  "std_bottleneck_speed": 2.8282162638043844,
  "max_bottleneck_speed": 30.56,
  "min_bottleneck_speed": 6.570523477691415,
  "avg_ramp_queue": 0.22361111111111112,
  "std_ramp_queue": 0.45184592247172156,
  "max_ramp_queue": 2.0,
  "min_ramp_queue": 0.0,
  "avg_throughput": 355.15070094236756,
  "std_throughput": 43.236146449548784,
  "max_throughput": 430.78324406887384,
  "min_throughput": 55.77920414687924,
  "avg_occupancy": 0.1620823765170027,
  "std_occupancy": 0.02119834054707461,
  "max_occupancy": 0.19817794795750246,
  "min_occupancy": 0.017396145014264838,
  "avg_metering_rate": 1200.0,
  "std_metering_rate": 0.0,
  "max_metering_rate": 1200.0,
  "min_metering_rate": 1200.0,
  "avg_bottleneck_flow": 16.1125,
  "std_bottleneck_flow": 3.6434658980152403,
  "max_bottleneck_flow": 25.0,
  "min_bottleneck_flow": 0.0,
  "avg_total_delay": 37.3,
  "std_total_delay": 15.445297738218652,
  "max_total_delay": 90.0,
  "min_total_delay": 0.0,
  "total_reward": -791.7821508226119,
  "episode_steps": 720,
  "episode_number": 9,
  "total_tts": 26856.0
}