{
  "avg_reward": -0.9889865288556614,
  "std_reward": 0.28524359204910965,
  "max_reward": -0.08772168912046667,
  "min_reward": -1.8528038552575097,
  "avg_mainline_speed": 8.214749581068403,
  "std_mainline_speed": 1.8172803138048215,
  "max_mainline_speed": 23.134663674427557,
  "min_mainline_speed": 5.546182683376432,
  "avg_merge_speed": 8.126125194780078,
  "std_merge_speed": 2.6891916118278116,
  "max_merge_speed": 30.56,
  "min_merge_speed": 3.285057999287615,
  "avg_bottleneck_speed": 12.200021251553151,
  "std_bottleneck_speed": 2.8206406340043406,
  "max_bottleneck_speed": 30.56,
  "min_bottleneck_speed": 7.428273152102622,
  "avg_ramp_queue": 0.1986111111111111,
  "std_ramp_queue": 0.42914419214795513,
  "max_ramp_queue": 2.0,
  "min_ramp_queue": 0.0,
  "avg_throughput": 363.95191669846537,
  "std_throughput": 44.13286081868021,
  "max_throughput": 437.9725884307355,
  "min_throughput": 19.417145578111736,
  "avg_occupancy": 0.15531612599105982,
  "std_occupancy": 0.02210010948748742,
  "max_occupancy": 0.19419293892376102,
  "min_occupancy": 0.010437687008558903,
  "avg_metering_rate": 1200.0,
  "std_metering_rate": 0.0,
  "max_metering_rate": 1200.0,
  "min_metering_rate": 1200.0,
  "avg_bottleneck_flow": 15.129166666666666,
  "std_bottleneck_flow": 3.355548369657501,
  "max_bottleneck_flow": 23.0,
  "min_bottleneck_flow": 0.0,
  "avg_total_delay": 32.15277777777778,
  "std_total_delay": 19.01005561554655,
  "max_total_delay": 106.0,
  "min_total_delay": 0.0,
  "total_reward": -712.0703007760762,
  "episode_steps": 720,
  "episode_number": 6,
  "total_tts": 23150.0
}