{
  "avg_reward": -1.0003697138640995,
  "std_reward": 0.29956929063020715,
  "max_reward": -0.06922757128498297,
  "min_reward": -2.0259722980169332,
  "avg_mainline_speed": 8.343042772167756,
  "std_mainline_speed": 2.169430742620135,
  "max_mainline_speed": 24.4928815379986,
  "min_mainline_speed": 5.339365675923903,
  "avg_merge_speed": 8.47544313286433,
  "std_merge_speed": 3.0926573497249406,
  "max_merge_speed": 30.56,
  "min_merge_speed": 3.9982973713215717,
  "avg_bottleneck_speed": 11.873989584220245,
  "std_bottleneck_speed": 2.657772110402212,
  "max_bottleneck_speed": 30.56,
  "min_bottleneck_speed": 7.777306224625267,
  "avg_ramp_queue": 0.1986111111111111,
  "std_ramp_queue": 0.42589547999074046,
  "max_ramp_queue": 2.0,
  "min_ramp_queue": 0.0,
  "avg_throughput": 362.60664790247665,
  "std_throughput": 41.264708795197585,
  "max_throughput": 443.3562224086228,
  "min_throughput": 37.07593384198739,
  "avg_occupancy": 0.15163743466474816,
  "std_occupancy": 0.027607358065959306,
  "max_occupancy": 0.1962435566172511,
  "min_occupancy": 0.010437687008558903,
  "avg_metering_rate": 1200.0,
  "std_metering_rate": 0.0,
  "max_metering_rate": 1200.0,
  "min_metering_rate": 1200.0,
  "avg_bottleneck_flow": 15.32638888888889,
  "std_bottleneck_flow": 3.256254368969368,
  "max_bottleneck_flow": 22.0,
  "min_bottleneck_flow": 0.0,
  "avg_total_delay": 34.481944444444444,
  "std_total_delay": 17.862428184980345,
  "max_total_delay": 131.0,
  "min_total_delay": 0.0,
  "total_reward": -720.2661939821517,
  "episode_steps": 720,
  "episode_number": 1,
  "total_tts": 24827.0
}