{
  "avg_reward": -1.273733857083863,
  "std_reward": 0.6833413866007833,
  "max_reward": -0.05931803786334355,
  "min_reward": -5.34390028320381,
  "avg_mainline_speed": 7.519463791772278,
  "std_mainline_speed": 2.015827645930437,
  "max_mainline_speed": 22.910438888009953,
  "min_mainline_speed": 3.9912804782277895,
  "avg_merge_speed": 7.417693337428537,
  "std_merge_speed": 3.0521724650063393,
  "max_merge_speed": 30.56,
  "min_merge_speed": 2.9709725695134557,
  "avg_bottleneck_speed": 11.337114752650027,
  "std_bottleneck_speed": 2.990695199931367,
  "max_bottleneck_speed": 30.56,
  "min_bottleneck_speed": 5.3721185073505024,
  "avg_ramp_queue": 0.18055555555555555,
  "std_ramp_queue": 0.4125257193628083,
  "max_ramp_queue": 2.0,
  "min_ramp_queue": 0.0,
  "avg_throughput": 349.6220119508465,
  "std_throughput": 47.61735635491153,
  "max_throughput": 445.4980862402956,
  "min_throughput": 9.426725536596962,
  "avg_occupancy": 0.16570404820753024,
  "std_occupancy": 0.024948629715287874,
  "max_occupancy": 0.24084334257611695,
  "min_occupancy": 0.010437687008558903,
  "avg_metering_rate": 1200.0,
  "std_metering_rate": 0.0,
  "max_metering_rate": 1200.0,
  "min_metering_rate": 1200.0,
  "avg_bottleneck_flow": 15.83611111111111,
  "std_bottleneck_flow": 3.8196605999441147,
  "max_bottleneck_flow": 27.0,
  "min_bottleneck_flow": 0.0,
  "avg_total_delay": 53.230555555555554,
  "std_total_delay": 61.01556868466916,
  "max_total_delay": 441.0,
  "min_total_delay": 0.0,
  "total_reward": -917.0883771003814,
  "episode_steps": 720,
  "episode_number": 5,
  "total_tts": 38326.0
}