{
  "avg_reward": -1.0789557188322938,
  "std_reward": 0.43056563028948985,
  "max_reward": -0.05643563586293033,
  "min_reward": -2.4492184661011436,
  "avg_mainline_speed": 8.17644046545015,
  "std_mainline_speed": 2.262204837681724,
  "max_mainline_speed": 24.147000120809896,
  "min_mainline_speed": 5.313308671887011,
  "avg_merge_speed": 8.050048622741176,
  "std_merge_speed": 3.154746686335402,
  "max_merge_speed": 30.56,
  "min_merge_speed": 3.1723092083634024,
  "avg_bottleneck_speed": 11.94268575551673,
  "std_bottleneck_speed": 2.9702019551696752,
  "max_bottleneck_speed": 30.56,
  "min_bottleneck_speed": 6.96288625847104,
  "avg_ramp_queue": 0.2361111111111111,
  "std_ramp_queue": 0.462272633468953,
  "max_ramp_queue": 2.0,
  "min_ramp_queue": 0.0,
  "avg_throughput": 360.6877990291259,
  "std_throughput": 42.72316113341366,
  "max_throughput": 443.3992695055128,
  "min_throughput": 18.633062453227865,
  "avg_occupancy": 0.1557578596662482,
  "std_occupancy": 0.028798569784087822,
  "max_occupancy": 0.20863338725222694,
  "min_occupancy": 0.0069584580057059356,
  "avg_metering_rate": 1200.0,
  "std_metering_rate": 0.0,
  "max_metering_rate": 1200.0,
  "min_metering_rate": 1200.0,
  "avg_bottleneck_flow": 15.218055555555555,
  "std_bottleneck_flow": 3.6145472433890466,
  "max_bottleneck_flow": 24.0,
  "min_bottleneck_flow": 0.0,
  "avg_total_delay": 39.8,
  "std_total_delay": 31.003431709695906,
  "max_total_delay": 160.0,
  "min_total_delay": 0.0,
  "total_reward": -776.8481175592515,
  "episode_steps": 720,
  "episode_number": 2,
  "total_tts": 28656.0
}