{
  "avg_reward": -1.0233100232991865,
  "std_reward": 0.3145062490944641,
  "max_reward": -0.0708039766223966,
  "min_reward": -2.0712587522977834,
  "avg_mainline_speed": 8.133407108300208,
  "std_mainline_speed": 1.9711057373668845,
  "max_mainline_speed": 23.246708002003775,
  "min_mainline_speed": 5.4862938905593905,
  "avg_merge_speed": 8.414356056510277,
  "std_merge_speed": 2.8065875364457753,
  "max_merge_speed": 30.56,
  "min_merge_speed": 4.032615548291044,
  "avg_bottleneck_speed": 11.625738672200978,
  "std_bottleneck_speed": 2.764681623806025,
  "max_bottleneck_speed": 30.56,
  "min_bottleneck_speed": 7.017993720419512,
  "avg_ramp_queue": 0.22361111111111112,
  "std_ramp_queue": 0.44876158467112937,
  "max_ramp_queue": 2.0,
  "min_ramp_queue": 0.0,
  "avg_throughput": 360.55665253107867,
  "std_throughput": 44.00388819942315,
  "max_throughput": 443.2166906693691,
  "min_throughput": 14.84508596218234,
  "avg_occupancy": 0.1542841633419986,
  "std_occupancy": 0.02382633809337669,
  "max_occupancy": 0.19853832551312578,
  "min_occupancy": 0.010437687008558903,
  "avg_metering_rate": 1200.0,
  "std_metering_rate": 0.0,
  "max_metering_rate": 1200.0,
  "min_metering_rate": 1200.0,
  "avg_bottleneck_flow": 15.573611111111111,
  "std_bottleneck_flow": 3.513090324279068,
  "max_bottleneck_flow": 25.0,
  "min_bottleneck_flow": 0.0,
  "avg_total_delay": 35.22083333333333,
  "std_total_delay": 20.538104407147436,
  "max_total_delay": 124.0,
  "min_total_delay": 0.0,
  "total_reward": -736.7832167754143,
  "episode_steps": 720,
  "episode_number": 10,
  "total_tts": 25359.0
}