{
  "avg_reward": -1.021208134714267,
  "std_reward": 0.41616904763025697,
  "max_reward": -0.06256720001872945,
  "min_reward": -3.0082659100592095,
  "avg_mainline_speed": 8.261516484124012,
  "std_mainline_speed": 1.8096654808004453,
  "max_mainline_speed": 24.66908886175433,
  "min_mainline_speed": 5.1873771071357035,
  "avg_merge_speed": 8.26717012406347,
  "std_merge_speed": 2.670614884239052,
  "max_merge_speed": 30.56,
  "min_merge_speed": 3.4050409449983934,
  "avg_bottleneck_speed": 11.9126249840409,
  "std_bottleneck_speed": 2.4880511892605814,
  "max_bottleneck_speed": 30.56,
  "min_bottleneck_speed": 7.638818613612609,
  "avg_ramp_queue": 0.2125,
  "std_ramp_queue": 0.44485874786897867,
  "max_ramp_queue": 2.0,
  "min_ramp_queue": 0.0,
  "avg_throughput": 365.05739348127486,
  "std_throughput": 41.74953213547225,
  "max_throughput": 449.3460445544409,
  "min_throughput": 38.66179975578896,
  "avg_occupancy": 0.15254657374647151,
  "std_occupancy": 0.02257011264347763,
  "max_occupancy": 0.19565374424645313,
  "min_occupancy": 0.010437687008558903,
  "avg_metering_rate": 1200.0,
  "std_metering_rate": 0.0,
  "max_metering_rate": 1200.0,
  "min_metering_rate": 1200.0,
  "avg_bottleneck_flow": 15.32638888888889,
  "std_bottleneck_flow": 3.2111564659426723,
  "max_bottleneck_flow": 22.0,
  "min_bottleneck_flow": 0.0,
  "avg_total_delay": 36.96666666666667,
  "std_total_delay": 34.04978381396537,
  "max_total_delay": 223.0,
  "min_total_delay": 0.0,
  "total_reward": -735.2698569942722,
  "episode_steps": 720,
  "episode_number": 7,
  "total_tts": 26616.0
}