{
  "avg_reward": -1.1229307498834906,
  "std_reward": 0.34143819519382335,
  "max_reward": -0.07737376517230188,
  "min_reward": -2.516161543850059,
  "avg_mainline_speed": 7.7734364383153975,
  "std_mainline_speed": 1.9250139173045246,
  "max_mainline_speed": 24.680451490453095,
  "min_mainline_speed": 5.2945572664727925,
  "avg_merge_speed": 7.753638432733504,
  "std_merge_speed": 2.6908257921213696,
  "max_merge_speed": 30.56,
  "min_merge_speed": 3.279637472325861,
  "avg_bottleneck_speed": 11.316522816974183,
  "std_bottleneck_speed": 2.4882179355766647,
  "max_bottleneck_speed": 30.56,
  "min_bottleneck_speed": 7.650468405372638,
  "avg_ramp_queue": 0.22916666666666666,
  "std_ramp_queue": 0.4642609120359418,
  "max_ramp_queue": 3.0,
  "min_ramp_queue": 0.0,
  "avg_throughput": 355.13479708398035,
  "std_throughput": 37.292661507867685,
  "max_throughput": 423.0314087976453,
  "min_throughput": 51.68541788543717,
  "avg_occupancy": 0.159593944126334,
  "std_occupancy": 0.0251569083758608,
  "max_occupancy": 0.20052525039928337,
  "min_occupancy": 0.013916916011411871,
  "avg_metering_rate": 1200.0,
  "std_metering_rate": 0.0,
  "max_metering_rate": 1200.0,
  "min_metering_rate": 1200.0,
  "avg_bottleneck_flow": 15.806944444444444,
  "std_bottleneck_flow": 3.283833565484473,
  "max_bottleneck_flow": 23.0,
  "min_bottleneck_flow": 0.0,
  "avg_total_delay": 40.82361111111111,
  "std_total_delay": 24.77724646758457,
  "max_total_delay": 169.0,
  "min_total_delay": 0.0,
  "total_reward": -808.5101399161133,
  "episode_steps": 720,
  "episode_number": 8,
  "total_tts": 29393.0
}